-4,0,7ab0T3xQTEoe2t/LiqmfYxF3HuY=,TQSZ3x6lBMZkOzoemLBHVxDpobA=
-3,0,7ab0T3xQTEoe2t/LiqmfYxF3HuY=,TQSZ3x6lBMZkOzoemLBHVxDpobA=
-2,0,7ab0T3xQTEoe2t/LiqmfYxF3HuY=,TQSZ3x6lBMZkOzoemLBHVxDpobA=
-1,0,tw/yrV282Q+zUkOGNUiEfrqSIdQ=,TQSZ3x6lBMZkOzoemLBHVxDpobA=
-4,1,tw/yrV282Q+zUkOGNUiEfrqSIdQ=,IuGkx7WE2+17UQQ0N5GbSYyRWrw=
-3,1,tw/yrV282Q+zUkOGNUiEfrqSIdQ=,IuGkx7WE2+17UQQ0N5GbSYyRWrw=
-2,1,tw/yrV282Q+zUkOGNUiEfrqSIdQ=,IuGkx7WE2+17UQQ0N5GbSYyRWrw=
-1,1,tw/yrV282Q+zUkOGNUiEfrqSIdQ=,IuGkx7WE2+17UQQ0N5GbSYyRWrw=
-4,2,tw/yrV282Q+zUkOGNUiEfrqSIdQ=,H7bQ/HO+qK3GCDiJS94u9WTa6/I=
-3,2,tw/yrV282Q+zUkOGNUiEfrqSIdQ=,H7bQ/HO+qK3GCDiJS94u9WTa6/I=
-2,2,tw/yrV282Q+zUkOGNUiEfrqSIdQ=,H7bQ/HO+qK3GCDiJS94u9WTa6/I=
-1,2,tw/yrV282Q+zUkOGNUiEfrqSIdQ=,H7bQ/HO+qK3GCDiJS94u9WTa6/I=
-4,3,55Fa2NdfIRXxgR/Qh3q2C7FZQvI=,AGm6YM9KvkCa/Q5RKZMBCMGo1iI=
-3,3,55Fa2NdfIRXxgR/Qh3q2C7FZQvI=,8pOMgb7JHBskICw+PVzaefBmdbw=
-2,3,55Fa2NdfIRXxgR/Qh3q2C7FZQvI=,8pOMgb7JHBskICw+PVzaefBmdbw=
-1,3,55Fa2NdfIRXxgR/Qh3q2C7FZQvI=,8pOMgb7JHBskICw+PVzaefBmdbw=
