0,-32,KRklMriNSg2th0Q7ymmYMnstRgs=,KiDKCK4eDU8tI7JnCwPgDOYBmLA=
15,-31,KRklMriNSg2th0Q7ymmYMnstRgs=,KiDKCK4eDU8tI7JnCwPgDOYBmLA=
0,-30,KRklMriNSg2th0Q7ymmYMnstRgs=,KiDKCK4eDU8tI7JnCwPgDOYBmLA=
1,-30,KRklMriNSg2th0Q7ymmYMnstRgs=,KiDKCK4eDU8tI7JnCwPgDOYBmLA=
2,-30,KRklMriNSg2th0Q7ymmYMnstRgs=,KiDKCK4eDU8tI7JnCwPgDOYBmLA=
3,-30,KRklMriNSg2th0Q7ymmYMnstRgs=,KiDKCK4eDU8tI7JnCwPgDOYBmLA=
4,-30,KRklMriNSg2th0Q7ymmYMnstRgs=,KiDKCK4eDU8tI7JnCwPgDOYBmLA=
5,-30,KRklMriNSg2th0Q7ymmYMnstRgs=,KiDKCK4eDU8tI7JnCwPgDOYBmLA=
6,-30,KRklMriNSg2th0Q7ymmYMnstRgs=,KiDKCK4eDU8tI7JnCwPgDOYBmLA=
7,-30,MySPGShHDAed5Yn5HNXRcMlPWkw=,KiDKCK4eDU8tI7JnCwPgDOYBmLA=
8,-30,MySPGShHDAed5Yn5HNXRcMlPWkw=,KiDKCK4eDU8tI7JnCwPgDOYBmLA=
9,-30,MySPGShHDAed5Yn5HNXRcMlPWkw=,KiDKCK4eDU8tI7JnCwPgDOYBmLA=
10,-30,MySPGShHDAed5Yn5HNXRcMlPWkw=,KiDKCK4eDU8tI7JnCwPgDOYBmLA=
11,-30,MySPGShHDAed5Yn5HNXRcMlPWkw=,KiDKCK4eDU8tI7JnCwPgDOYBmLA=
12,-30,MySPGShHDAed5Yn5HNXRcMlPWkw=,KiDKCK4eDU8tI7JnCwPgDOYBmLA=
13,-30,MySPGShHDAed5Yn5HNXRcMlPWkw=,KiDKCK4eDU8tI7JnCwPgDOYBmLA=
0,-31,MySPGShHDAed5Yn5HNXRcMlPWkw=,KiDKCK4eDU8tI7JnCwPgDOYBmLA=
14,-30,MySPGShHDAed5Yn5HNXRcMlPWkw=,KiDKCK4eDU8tI7JnCwPgDOYBmLA=
15,-30,MySPGShHDAed5Yn5HNXRcMlPWkw=,KiDKCK4eDU8tI7JnCwPgDOYBmLA=
0,-29,MySPGShHDAed5Yn5HNXRcMlPWkw=,KiDKCK4eDU8tI7JnCwPgDOYBmLA=
1,-29,MySPGShHDAed5Yn5HNXRcMlPWkw=,KiDKCK4eDU8tI7JnCwPgDOYBmLA=
2,-29,MySPGShHDAed5Yn5HNXRcMlPWkw=,KiDKCK4eDU8tI7JnCwPgDOYBmLA=
3,-29,MySPGShHDAed5Yn5HNXRcMlPWkw=,KiDKCK4eDU8tI7JnCwPgDOYBmLA=
4,-29,MySPGShHDAed5Yn5HNXRcMlPWkw=,KiDKCK4eDU8tI7JnCwPgDOYBmLA=
5,-29,MySPGShHDAed5Yn5HNXRcMlPWkw=,KiDKCK4eDU8tI7JnCwPgDOYBmLA=
6,-29,MySPGShHDAed5Yn5HNXRcMlPWkw=,KiDKCK4eDU8tI7JnCwPgDOYBmLA=
7,-29,MySPGShHDAed5Yn5HNXRcMlPWkw=,KiDKCK4eDU8tI7JnCwPgDOYBmLA=
8,-29,MySPGShHDAed5Yn5HNXRcMlPWkw=,KiDKCK4eDU8tI7JnCwPgDOYBmLA=
9,-29,MySPGShHDAed5Yn5HNXRcMlPWkw=,KiDKCK4eDU8tI7JnCwPgDOYBmLA=
10,-29,MySPGShHDAed5Yn5HNXRcMlPWkw=,KiDKCK4eDU8tI7JnCwPgDOYBmLA=
11,-29,MySPGShHDAed5Yn5HNXRcMlPWkw=,KiDKCK4eDU8tI7JnCwPgDOYBmLA=
12,-29,MySPGShHDAed5Yn5HNXRcMlPWkw=,KiDKCK4eDU8tI7JnCwPgDOYBmLA=
1,-31,MySPGShHDAed5Yn5HNXRcMlPWkw=,KiDKCK4eDU8tI7JnCwPgDOYBmLA=
13,-29,MySPGShHDAed5Yn5HNXRcMlPWkw=,KiDKCK4eDU8tI7JnCwPgDOYBmLA=
14,-29,MySPGShHDAed5Yn5HNXRcMlPWkw=,KiDKCK4eDU8tI7JnCwPgDOYBmLA=
15,-29,MySPGShHDAed5Yn5HNXRcMlPWkw=,KiDKCK4eDU8tI7JnCwPgDOYBmLA=
0,-28,MySPGShHDAed5Yn5HNXRcMlPWkw=,KiDKCK4eDU8tI7JnCwPgDOYBmLA=
1,-28,MySPGShHDAed5Yn5HNXRcMlPWkw=,KiDKCK4eDU8tI7JnCwPgDOYBmLA=
2,-28,MySPGShHDAed5Yn5HNXRcMlPWkw=,KiDKCK4eDU8tI7JnCwPgDOYBmLA=
3,-28,MySPGShHDAed5Yn5HNXRcMlPWkw=,KiDKCK4eDU8tI7JnCwPgDOYBmLA=
4,-28,MySPGShHDAed5Yn5HNXRcMlPWkw=,KiDKCK4eDU8tI7JnCwPgDOYBmLA=
5,-28,MySPGShHDAed5Yn5HNXRcMlPWkw=,KiDKCK4eDU8tI7JnCwPgDOYBmLA=
6,-28,MySPGShHDAed5Yn5HNXRcMlPWkw=,KiDKCK4eDU8tI7JnCwPgDOYBmLA=
7,-28,MySPGShHDAed5Yn5HNXRcMlPWkw=,KiDKCK4eDU8tI7JnCwPgDOYBmLA=
8,-28,MySPGShHDAed5Yn5HNXRcMlPWkw=,KiDKCK4eDU8tI7JnCwPgDOYBmLA=
9,-28,MySPGShHDAed5Yn5HNXRcMlPWkw=,KiDKCK4eDU8tI7JnCwPgDOYBmLA=
10,-28,MySPGShHDAed5Yn5HNXRcMlPWkw=,KiDKCK4eDU8tI7JnCwPgDOYBmLA=
11,-28,MySPGShHDAed5Yn5HNXRcMlPWkw=,KiDKCK4eDU8tI7JnCwPgDOYBmLA=
2,-31,MySPGShHDAed5Yn5HNXRcMlPWkw=,KiDKCK4eDU8tI7JnCwPgDOYBmLA=
12,-28,MySPGShHDAed5Yn5HNXRcMlPWkw=,KiDKCK4eDU8tI7JnCwPgDOYBmLA=
13,-28,MySPGShHDAed5Yn5HNXRcMlPWkw=,KiDKCK4eDU8tI7JnCwPgDOYBmLA=
14,-28,MySPGShHDAed5Yn5HNXRcMlPWkw=,KiDKCK4eDU8tI7JnCwPgDOYBmLA=
15,-28,MySPGShHDAed5Yn5HNXRcMlPWkw=,KiDKCK4eDU8tI7JnCwPgDOYBmLA=
0,-27,MySPGShHDAed5Yn5HNXRcMlPWkw=,KiDKCK4eDU8tI7JnCwPgDOYBmLA=
1,-27,MySPGShHDAed5Yn5HNXRcMlPWkw=,KiDKCK4eDU8tI7JnCwPgDOYBmLA=
2,-27,MySPGShHDAed5Yn5HNXRcMlPWkw=,KiDKCK4eDU8tI7JnCwPgDOYBmLA=
3,-27,MySPGShHDAed5Yn5HNXRcMlPWkw=,KiDKCK4eDU8tI7JnCwPgDOYBmLA=
4,-27,MySPGShHDAed5Yn5HNXRcMlPWkw=,KiDKCK4eDU8tI7JnCwPgDOYBmLA=
5,-27,MySPGShHDAed5Yn5HNXRcMlPWkw=,KiDKCK4eDU8tI7JnCwPgDOYBmLA=
6,-27,MySPGShHDAed5Yn5HNXRcMlPWkw=,KiDKCK4eDU8tI7JnCwPgDOYBmLA=
7,-27,MySPGShHDAed5Yn5HNXRcMlPWkw=,KiDKCK4eDU8tI7JnCwPgDOYBmLA=
8,-27,MySPGShHDAed5Yn5HNXRcMlPWkw=,KiDKCK4eDU8tI7JnCwPgDOYBmLA=
9,-27,MySPGShHDAed5Yn5HNXRcMlPWkw=,KiDKCK4eDU8tI7JnCwPgDOYBmLA=
10,-27,MySPGShHDAed5Yn5HNXRcMlPWkw=,KiDKCK4eDU8tI7JnCwPgDOYBmLA=
3,-31,MySPGShHDAed5Yn5HNXRcMlPWkw=,KiDKCK4eDU8tI7JnCwPgDOYBmLA=
11,-27,MySPGShHDAed5Yn5HNXRcMlPWkw=,KiDKCK4eDU8tI7JnCwPgDOYBmLA=
12,-27,MySPGShHDAed5Yn5HNXRcMlPWkw=,KiDKCK4eDU8tI7JnCwPgDOYBmLA=
13,-27,MySPGShHDAed5Yn5HNXRcMlPWkw=,KiDKCK4eDU8tI7JnCwPgDOYBmLA=
14,-27,MySPGShHDAed5Yn5HNXRcMlPWkw=,KiDKCK4eDU8tI7JnCwPgDOYBmLA=
15,-27,MySPGShHDAed5Yn5HNXRcMlPWkw=,KiDKCK4eDU8tI7JnCwPgDOYBmLA=
0,-26,MySPGShHDAed5Yn5HNXRcMlPWkw=,KiDKCK4eDU8tI7JnCwPgDOYBmLA=
1,-26,MySPGShHDAed5Yn5HNXRcMlPWkw=,KiDKCK4eDU8tI7JnCwPgDOYBmLA=
2,-26,MySPGShHDAed5Yn5HNXRcMlPWkw=,KiDKCK4eDU8tI7JnCwPgDOYBmLA=
3,-26,MySPGShHDAed5Yn5HNXRcMlPWkw=,KiDKCK4eDU8tI7JnCwPgDOYBmLA=
4,-26,MySPGShHDAed5Yn5HNXRcMlPWkw=,KiDKCK4eDU8tI7JnCwPgDOYBmLA=
5,-26,MySPGShHDAed5Yn5HNXRcMlPWkw=,KiDKCK4eDU8tI7JnCwPgDOYBmLA=
6,-26,MySPGShHDAed5Yn5HNXRcMlPWkw=,KiDKCK4eDU8tI7JnCwPgDOYBmLA=
7,-26,MySPGShHDAed5Yn5HNXRcMlPWkw=,KiDKCK4eDU8tI7JnCwPgDOYBmLA=
8,-26,MySPGShHDAed5Yn5HNXRcMlPWkw=,KiDKCK4eDU8tI7JnCwPgDOYBmLA=
9,-26,MySPGShHDAed5Yn5HNXRcMlPWkw=,KiDKCK4eDU8tI7JnCwPgDOYBmLA=
4,-31,MySPGShHDAed5Yn5HNXRcMlPWkw=,KiDKCK4eDU8tI7JnCwPgDOYBmLA=
10,-26,MySPGShHDAed5Yn5HNXRcMlPWkw=,KiDKCK4eDU8tI7JnCwPgDOYBmLA=
11,-26,MySPGShHDAed5Yn5HNXRcMlPWkw=,KiDKCK4eDU8tI7JnCwPgDOYBmLA=
12,-26,MySPGShHDAed5Yn5HNXRcMlPWkw=,KiDKCK4eDU8tI7JnCwPgDOYBmLA=
13,-26,MySPGShHDAed5Yn5HNXRcMlPWkw=,KiDKCK4eDU8tI7JnCwPgDOYBmLA=
14,-26,MySPGShHDAed5Yn5HNXRcMlPWkw=,KiDKCK4eDU8tI7JnCwPgDOYBmLA=
15,-26,MySPGShHDAed5Yn5HNXRcMlPWkw=,KiDKCK4eDU8tI7JnCwPgDOYBmLA=
0,-25,MySPGShHDAed5Yn5HNXRcMlPWkw=,KiDKCK4eDU8tI7JnCwPgDOYBmLA=
1,-25,MySPGShHDAed5Yn5HNXRcMlPWkw=,KiDKCK4eDU8tI7JnCwPgDOYBmLA=
2,-25,MySPGShHDAed5Yn5HNXRcMlPWkw=,KiDKCK4eDU8tI7JnCwPgDOYBmLA=
3,-25,MySPGShHDAed5Yn5HNXRcMlPWkw=,KiDKCK4eDU8tI7JnCwPgDOYBmLA=
4,-25,MySPGShHDAed5Yn5HNXRcMlPWkw=,KiDKCK4eDU8tI7JnCwPgDOYBmLA=
5,-25,MySPGShHDAed5Yn5HNXRcMlPWkw=,KiDKCK4eDU8tI7JnCwPgDOYBmLA=
6,-25,MySPGShHDAed5Yn5HNXRcMlPWkw=,KiDKCK4eDU8tI7JnCwPgDOYBmLA=
7,-25,MySPGShHDAed5Yn5HNXRcMlPWkw=,KiDKCK4eDU8tI7JnCwPgDOYBmLA=
8,-25,MySPGShHDAed5Yn5HNXRcMlPWkw=,KiDKCK4eDU8tI7JnCwPgDOYBmLA=
5,-31,MySPGShHDAed5Yn5HNXRcMlPWkw=,KiDKCK4eDU8tI7JnCwPgDOYBmLA=
9,-25,MySPGShHDAed5Yn5HNXRcMlPWkw=,KiDKCK4eDU8tI7JnCwPgDOYBmLA=
10,-25,MySPGShHDAed5Yn5HNXRcMlPWkw=,KiDKCK4eDU8tI7JnCwPgDOYBmLA=
11,-25,MySPGShHDAed5Yn5HNXRcMlPWkw=,KiDKCK4eDU8tI7JnCwPgDOYBmLA=
12,-25,MySPGShHDAed5Yn5HNXRcMlPWkw=,KiDKCK4eDU8tI7JnCwPgDOYBmLA=
13,-25,MySPGShHDAed5Yn5HNXRcMlPWkw=,KiDKCK4eDU8tI7JnCwPgDOYBmLA=
14,-25,MySPGShHDAed5Yn5HNXRcMlPWkw=,KiDKCK4eDU8tI7JnCwPgDOYBmLA=
15,-25,MySPGShHDAed5Yn5HNXRcMlPWkw=,KiDKCK4eDU8tI7JnCwPgDOYBmLA=
0,-24,MySPGShHDAed5Yn5HNXRcMlPWkw=,KiDKCK4eDU8tI7JnCwPgDOYBmLA=
1,-24,MySPGShHDAed5Yn5HNXRcMlPWkw=,KiDKCK4eDU8tI7JnCwPgDOYBmLA=
2,-24,MySPGShHDAed5Yn5HNXRcMlPWkw=,KiDKCK4eDU8tI7JnCwPgDOYBmLA=
3,-24,MySPGShHDAed5Yn5HNXRcMlPWkw=,KiDKCK4eDU8tI7JnCwPgDOYBmLA=
4,-24,MySPGShHDAed5Yn5HNXRcMlPWkw=,KiDKCK4eDU8tI7JnCwPgDOYBmLA=
5,-24,MySPGShHDAed5Yn5HNXRcMlPWkw=,KiDKCK4eDU8tI7JnCwPgDOYBmLA=
6,-24,MySPGShHDAed5Yn5HNXRcMlPWkw=,KiDKCK4eDU8tI7JnCwPgDOYBmLA=
7,-24,MySPGShHDAed5Yn5HNXRcMlPWkw=,KiDKCK4eDU8tI7JnCwPgDOYBmLA=
6,-31,MySPGShHDAed5Yn5HNXRcMlPWkw=,KiDKCK4eDU8tI7JnCwPgDOYBmLA=
8,-24,MySPGShHDAed5Yn5HNXRcMlPWkw=,KiDKCK4eDU8tI7JnCwPgDOYBmLA=
9,-24,MySPGShHDAed5Yn5HNXRcMlPWkw=,KiDKCK4eDU8tI7JnCwPgDOYBmLA=
10,-24,MySPGShHDAed5Yn5HNXRcMlPWkw=,KiDKCK4eDU8tI7JnCwPgDOYBmLA=
11,-24,MySPGShHDAed5Yn5HNXRcMlPWkw=,KiDKCK4eDU8tI7JnCwPgDOYBmLA=
12,-24,MySPGShHDAed5Yn5HNXRcMlPWkw=,KiDKCK4eDU8tI7JnCwPgDOYBmLA=
13,-24,MySPGShHDAed5Yn5HNXRcMlPWkw=,KiDKCK4eDU8tI7JnCwPgDOYBmLA=
14,-24,MySPGShHDAed5Yn5HNXRcMlPWkw=,KiDKCK4eDU8tI7JnCwPgDOYBmLA=
15,-24,MySPGShHDAed5Yn5HNXRcMlPWkw=,KiDKCK4eDU8tI7JnCwPgDOYBmLA=
0,-23,MySPGShHDAed5Yn5HNXRcMlPWkw=,KiDKCK4eDU8tI7JnCwPgDOYBmLA=
1,-23,MySPGShHDAed5Yn5HNXRcMlPWkw=,KiDKCK4eDU8tI7JnCwPgDOYBmLA=
2,-23,MySPGShHDAed5Yn5HNXRcMlPWkw=,KiDKCK4eDU8tI7JnCwPgDOYBmLA=
3,-23,MySPGShHDAed5Yn5HNXRcMlPWkw=,KiDKCK4eDU8tI7JnCwPgDOYBmLA=
4,-23,MySPGShHDAed5Yn5HNXRcMlPWkw=,KiDKCK4eDU8tI7JnCwPgDOYBmLA=
5,-23,MySPGShHDAed5Yn5HNXRcMlPWkw=,KiDKCK4eDU8tI7JnCwPgDOYBmLA=
6,-23,MySPGShHDAed5Yn5HNXRcMlPWkw=,KiDKCK4eDU8tI7JnCwPgDOYBmLA=
7,-31,MySPGShHDAed5Yn5HNXRcMlPWkw=,KiDKCK4eDU8tI7JnCwPgDOYBmLA=
7,-23,MySPGShHDAed5Yn5HNXRcMlPWkw=,KiDKCK4eDU8tI7JnCwPgDOYBmLA=
8,-23,MySPGShHDAed5Yn5HNXRcMlPWkw=,KiDKCK4eDU8tI7JnCwPgDOYBmLA=
9,-23,MySPGShHDAed5Yn5HNXRcMlPWkw=,KiDKCK4eDU8tI7JnCwPgDOYBmLA=
10,-23,MySPGShHDAed5Yn5HNXRcMlPWkw=,KiDKCK4eDU8tI7JnCwPgDOYBmLA=
11,-23,MySPGShHDAed5Yn5HNXRcMlPWkw=,KiDKCK4eDU8tI7JnCwPgDOYBmLA=
12,-23,MySPGShHDAed5Yn5HNXRcMlPWkw=,KiDKCK4eDU8tI7JnCwPgDOYBmLA=
13,-23,MySPGShHDAed5Yn5HNXRcMlPWkw=,KiDKCK4eDU8tI7JnCwPgDOYBmLA=
14,-23,MySPGShHDAed5Yn5HNXRcMlPWkw=,KiDKCK4eDU8tI7JnCwPgDOYBmLA=
15,-23,MySPGShHDAed5Yn5HNXRcMlPWkw=,KiDKCK4eDU8tI7JnCwPgDOYBmLA=
0,-22,MySPGShHDAed5Yn5HNXRcMlPWkw=,KiDKCK4eDU8tI7JnCwPgDOYBmLA=
1,-22,MySPGShHDAed5Yn5HNXRcMlPWkw=,KiDKCK4eDU8tI7JnCwPgDOYBmLA=
2,-22,MySPGShHDAed5Yn5HNXRcMlPWkw=,KiDKCK4eDU8tI7JnCwPgDOYBmLA=
3,-22,MySPGShHDAed5Yn5HNXRcMlPWkw=,KiDKCK4eDU8tI7JnCwPgDOYBmLA=
4,-22,MySPGShHDAed5Yn5HNXRcMlPWkw=,KiDKCK4eDU8tI7JnCwPgDOYBmLA=
5,-22,MySPGShHDAed5Yn5HNXRcMlPWkw=,KiDKCK4eDU8tI7JnCwPgDOYBmLA=
8,-31,MySPGShHDAed5Yn5HNXRcMlPWkw=,KiDKCK4eDU8tI7JnCwPgDOYBmLA=
6,-22,MySPGShHDAed5Yn5HNXRcMlPWkw=,KiDKCK4eDU8tI7JnCwPgDOYBmLA=
7,-22,MySPGShHDAed5Yn5HNXRcMlPWkw=,KiDKCK4eDU8tI7JnCwPgDOYBmLA=
8,-22,MySPGShHDAed5Yn5HNXRcMlPWkw=,KiDKCK4eDU8tI7JnCwPgDOYBmLA=
9,-22,MySPGShHDAed5Yn5HNXRcMlPWkw=,KiDKCK4eDU8tI7JnCwPgDOYBmLA=
10,-22,MySPGShHDAed5Yn5HNXRcMlPWkw=,KiDKCK4eDU8tI7JnCwPgDOYBmLA=
11,-22,MySPGShHDAed5Yn5HNXRcMlPWkw=,KiDKCK4eDU8tI7JnCwPgDOYBmLA=
12,-22,MySPGShHDAed5Yn5HNXRcMlPWkw=,KiDKCK4eDU8tI7JnCwPgDOYBmLA=
13,-22,MySPGShHDAed5Yn5HNXRcMlPWkw=,KiDKCK4eDU8tI7JnCwPgDOYBmLA=
14,-22,MySPGShHDAed5Yn5HNXRcMlPWkw=,KiDKCK4eDU8tI7JnCwPgDOYBmLA=
15,-22,MySPGShHDAed5Yn5HNXRcMlPWkw=,KiDKCK4eDU8tI7JnCwPgDOYBmLA=
0,-21,MySPGShHDAed5Yn5HNXRcMlPWkw=,KiDKCK4eDU8tI7JnCwPgDOYBmLA=
1,-21,MySPGShHDAed5Yn5HNXRcMlPWkw=,KiDKCK4eDU8tI7JnCwPgDOYBmLA=
2,-21,MySPGShHDAed5Yn5HNXRcMlPWkw=,KiDKCK4eDU8tI7JnCwPgDOYBmLA=
3,-21,MySPGShHDAed5Yn5HNXRcMlPWkw=,KiDKCK4eDU8tI7JnCwPgDOYBmLA=
4,-21,MySPGShHDAed5Yn5HNXRcMlPWkw=,KiDKCK4eDU8tI7JnCwPgDOYBmLA=
9,-31,MySPGShHDAed5Yn5HNXRcMlPWkw=,KiDKCK4eDU8tI7JnCwPgDOYBmLA=
5,-21,MySPGShHDAed5Yn5HNXRcMlPWkw=,KiDKCK4eDU8tI7JnCwPgDOYBmLA=
6,-21,MySPGShHDAed5Yn5HNXRcMlPWkw=,KiDKCK4eDU8tI7JnCwPgDOYBmLA=
7,-21,MySPGShHDAed5Yn5HNXRcMlPWkw=,KiDKCK4eDU8tI7JnCwPgDOYBmLA=
8,-21,MySPGShHDAed5Yn5HNXRcMlPWkw=,KiDKCK4eDU8tI7JnCwPgDOYBmLA=
9,-21,MySPGShHDAed5Yn5HNXRcMlPWkw=,KiDKCK4eDU8tI7JnCwPgDOYBmLA=
10,-21,MySPGShHDAed5Yn5HNXRcMlPWkw=,KiDKCK4eDU8tI7JnCwPgDOYBmLA=
11,-21,MySPGShHDAed5Yn5HNXRcMlPWkw=,KiDKCK4eDU8tI7JnCwPgDOYBmLA=
12,-21,MySPGShHDAed5Yn5HNXRcMlPWkw=,KiDKCK4eDU8tI7JnCwPgDOYBmLA=
13,-21,MySPGShHDAed5Yn5HNXRcMlPWkw=,KiDKCK4eDU8tI7JnCwPgDOYBmLA=
14,-21,MySPGShHDAed5Yn5HNXRcMlPWkw=,KiDKCK4eDU8tI7JnCwPgDOYBmLA=
15,-21,MySPGShHDAed5Yn5HNXRcMlPWkw=,KiDKCK4eDU8tI7JnCwPgDOYBmLA=
0,-20,MySPGShHDAed5Yn5HNXRcMlPWkw=,KiDKCK4eDU8tI7JnCwPgDOYBmLA=
1,-20,MySPGShHDAed5Yn5HNXRcMlPWkw=,KiDKCK4eDU8tI7JnCwPgDOYBmLA=
2,-20,MySPGShHDAed5Yn5HNXRcMlPWkw=,KiDKCK4eDU8tI7JnCwPgDOYBmLA=
3,-20,MySPGShHDAed5Yn5HNXRcMlPWkw=,KiDKCK4eDU8tI7JnCwPgDOYBmLA=
10,-31,MySPGShHDAed5Yn5HNXRcMlPWkw=,KiDKCK4eDU8tI7JnCwPgDOYBmLA=
4,-20,MySPGShHDAed5Yn5HNXRcMlPWkw=,KiDKCK4eDU8tI7JnCwPgDOYBmLA=
5,-20,MySPGShHDAed5Yn5HNXRcMlPWkw=,KiDKCK4eDU8tI7JnCwPgDOYBmLA=
6,-20,MySPGShHDAed5Yn5HNXRcMlPWkw=,KiDKCK4eDU8tI7JnCwPgDOYBmLA=
7,-20,MySPGShHDAed5Yn5HNXRcMlPWkw=,KiDKCK4eDU8tI7JnCwPgDOYBmLA=
8,-20,MySPGShHDAed5Yn5HNXRcMlPWkw=,KiDKCK4eDU8tI7JnCwPgDOYBmLA=
9,-20,MySPGShHDAed5Yn5HNXRcMlPWkw=,KiDKCK4eDU8tI7JnCwPgDOYBmLA=
10,-20,MySPGShHDAed5Yn5HNXRcMlPWkw=,KiDKCK4eDU8tI7JnCwPgDOYBmLA=
11,-20,MySPGShHDAed5Yn5HNXRcMlPWkw=,KiDKCK4eDU8tI7JnCwPgDOYBmLA=
12,-20,MySPGShHDAed5Yn5HNXRcMlPWkw=,KiDKCK4eDU8tI7JnCwPgDOYBmLA=
13,-20,MySPGShHDAed5Yn5HNXRcMlPWkw=,KiDKCK4eDU8tI7JnCwPgDOYBmLA=
14,-20,MySPGShHDAed5Yn5HNXRcMlPWkw=,KiDKCK4eDU8tI7JnCwPgDOYBmLA=
15,-20,MySPGShHDAed5Yn5HNXRcMlPWkw=,KiDKCK4eDU8tI7JnCwPgDOYBmLA=
0,-19,MySPGShHDAed5Yn5HNXRcMlPWkw=,KiDKCK4eDU8tI7JnCwPgDOYBmLA=
1,-19,MySPGShHDAed5Yn5HNXRcMlPWkw=,KiDKCK4eDU8tI7JnCwPgDOYBmLA=
2,-19,MySPGShHDAed5Yn5HNXRcMlPWkw=,KiDKCK4eDU8tI7JnCwPgDOYBmLA=
11,-31,MySPGShHDAed5Yn5HNXRcMlPWkw=,KiDKCK4eDU8tI7JnCwPgDOYBmLA=
3,-19,MySPGShHDAed5Yn5HNXRcMlPWkw=,KiDKCK4eDU8tI7JnCwPgDOYBmLA=
4,-19,MySPGShHDAed5Yn5HNXRcMlPWkw=,KiDKCK4eDU8tI7JnCwPgDOYBmLA=
5,-19,MySPGShHDAed5Yn5HNXRcMlPWkw=,KiDKCK4eDU8tI7JnCwPgDOYBmLA=
6,-19,MySPGShHDAed5Yn5HNXRcMlPWkw=,KiDKCK4eDU8tI7JnCwPgDOYBmLA=
7,-19,MySPGShHDAed5Yn5HNXRcMlPWkw=,KiDKCK4eDU8tI7JnCwPgDOYBmLA=
8,-19,MySPGShHDAed5Yn5HNXRcMlPWkw=,KiDKCK4eDU8tI7JnCwPgDOYBmLA=
9,-19,MySPGShHDAed5Yn5HNXRcMlPWkw=,KiDKCK4eDU8tI7JnCwPgDOYBmLA=
10,-19,MySPGShHDAed5Yn5HNXRcMlPWkw=,KiDKCK4eDU8tI7JnCwPgDOYBmLA=
11,-19,MySPGShHDAed5Yn5HNXRcMlPWkw=,KiDKCK4eDU8tI7JnCwPgDOYBmLA=
12,-19,MySPGShHDAed5Yn5HNXRcMlPWkw=,KiDKCK4eDU8tI7JnCwPgDOYBmLA=
13,-19,MySPGShHDAed5Yn5HNXRcMlPWkw=,KiDKCK4eDU8tI7JnCwPgDOYBmLA=
14,-19,MySPGShHDAed5Yn5HNXRcMlPWkw=,KiDKCK4eDU8tI7JnCwPgDOYBmLA=
15,-19,MySPGShHDAed5Yn5HNXRcMlPWkw=,KiDKCK4eDU8tI7JnCwPgDOYBmLA=
0,-18,MySPGShHDAed5Yn5HNXRcMlPWkw=,KiDKCK4eDU8tI7JnCwPgDOYBmLA=
1,-18,MySPGShHDAed5Yn5HNXRcMlPWkw=,KiDKCK4eDU8tI7JnCwPgDOYBmLA=
12,-31,MySPGShHDAed5Yn5HNXRcMlPWkw=,KiDKCK4eDU8tI7JnCwPgDOYBmLA=
2,-18,MySPGShHDAed5Yn5HNXRcMlPWkw=,KiDKCK4eDU8tI7JnCwPgDOYBmLA=
3,-18,MySPGShHDAed5Yn5HNXRcMlPWkw=,KiDKCK4eDU8tI7JnCwPgDOYBmLA=
4,-18,MySPGShHDAed5Yn5HNXRcMlPWkw=,KiDKCK4eDU8tI7JnCwPgDOYBmLA=
5,-18,MySPGShHDAed5Yn5HNXRcMlPWkw=,KiDKCK4eDU8tI7JnCwPgDOYBmLA=
6,-18,MySPGShHDAed5Yn5HNXRcMlPWkw=,KiDKCK4eDU8tI7JnCwPgDOYBmLA=
7,-18,MySPGShHDAed5Yn5HNXRcMlPWkw=,KiDKCK4eDU8tI7JnCwPgDOYBmLA=
8,-18,MySPGShHDAed5Yn5HNXRcMlPWkw=,KiDKCK4eDU8tI7JnCwPgDOYBmLA=
9,-18,MySPGShHDAed5Yn5HNXRcMlPWkw=,KiDKCK4eDU8tI7JnCwPgDOYBmLA=
10,-18,MySPGShHDAed5Yn5HNXRcMlPWkw=,KiDKCK4eDU8tI7JnCwPgDOYBmLA=
11,-18,MySPGShHDAed5Yn5HNXRcMlPWkw=,KiDKCK4eDU8tI7JnCwPgDOYBmLA=
12,-18,MySPGShHDAed5Yn5HNXRcMlPWkw=,KiDKCK4eDU8tI7JnCwPgDOYBmLA=
13,-18,MySPGShHDAed5Yn5HNXRcMlPWkw=,KiDKCK4eDU8tI7JnCwPgDOYBmLA=
14,-18,MySPGShHDAed5Yn5HNXRcMlPWkw=,KiDKCK4eDU8tI7JnCwPgDOYBmLA=
15,-18,MySPGShHDAed5Yn5HNXRcMlPWkw=,KiDKCK4eDU8tI7JnCwPgDOYBmLA=
0,-17,MySPGShHDAed5Yn5HNXRcMlPWkw=,KiDKCK4eDU8tI7JnCwPgDOYBmLA=
13,-31,MySPGShHDAed5Yn5HNXRcMlPWkw=,KiDKCK4eDU8tI7JnCwPgDOYBmLA=
1,-32,MySPGShHDAed5Yn5HNXRcMlPWkw=,KiDKCK4eDU8tI7JnCwPgDOYBmLA=
2,-32,MySPGShHDAed5Yn5HNXRcMlPWkw=,KiDKCK4eDU8tI7JnCwPgDOYBmLA=
3,-32,MySPGShHDAed5Yn5HNXRcMlPWkw=,KiDKCK4eDU8tI7JnCwPgDOYBmLA=
4,-32,MySPGShHDAed5Yn5HNXRcMlPWkw=,KiDKCK4eDU8tI7JnCwPgDOYBmLA=
5,-32,MySPGShHDAed5Yn5HNXRcMlPWkw=,KiDKCK4eDU8tI7JnCwPgDOYBmLA=
6,-32,MySPGShHDAed5Yn5HNXRcMlPWkw=,KiDKCK4eDU8tI7JnCwPgDOYBmLA=
7,-32,MySPGShHDAed5Yn5HNXRcMlPWkw=,KiDKCK4eDU8tI7JnCwPgDOYBmLA=
8,-32,MySPGShHDAed5Yn5HNXRcMlPWkw=,KiDKCK4eDU8tI7JnCwPgDOYBmLA=
9,-32,MySPGShHDAed5Yn5HNXRcMlPWkw=,KiDKCK4eDU8tI7JnCwPgDOYBmLA=
10,-32,MySPGShHDAed5Yn5HNXRcMlPWkw=,KiDKCK4eDU8tI7JnCwPgDOYBmLA=
11,-32,MySPGShHDAed5Yn5HNXRcMlPWkw=,KiDKCK4eDU8tI7JnCwPgDOYBmLA=
12,-32,MySPGShHDAed5Yn5HNXRcMlPWkw=,KiDKCK4eDU8tI7JnCwPgDOYBmLA=
13,-32,MySPGShHDAed5Yn5HNXRcMlPWkw=,KiDKCK4eDU8tI7JnCwPgDOYBmLA=
1,-17,MySPGShHDAed5Yn5HNXRcMlPWkw=,KiDKCK4eDU8tI7JnCwPgDOYBmLA=
14,-32,MySPGShHDAed5Yn5HNXRcMlPWkw=,KiDKCK4eDU8tI7JnCwPgDOYBmLA=
2,-17,MySPGShHDAed5Yn5HNXRcMlPWkw=,KiDKCK4eDU8tI7JnCwPgDOYBmLA=
3,-17,MySPGShHDAed5Yn5HNXRcMlPWkw=,KiDKCK4eDU8tI7JnCwPgDOYBmLA=
4,-17,MySPGShHDAed5Yn5HNXRcMlPWkw=,KiDKCK4eDU8tI7JnCwPgDOYBmLA=
5,-17,MySPGShHDAed5Yn5HNXRcMlPWkw=,KiDKCK4eDU8tI7JnCwPgDOYBmLA=
6,-17,MySPGShHDAed5Yn5HNXRcMlPWkw=,KiDKCK4eDU8tI7JnCwPgDOYBmLA=
7,-17,MySPGShHDAed5Yn5HNXRcMlPWkw=,KiDKCK4eDU8tI7JnCwPgDOYBmLA=
8,-17,MySPGShHDAed5Yn5HNXRcMlPWkw=,KiDKCK4eDU8tI7JnCwPgDOYBmLA=
9,-17,MySPGShHDAed5Yn5HNXRcMlPWkw=,KiDKCK4eDU8tI7JnCwPgDOYBmLA=
10,-17,MySPGShHDAed5Yn5HNXRcMlPWkw=,KiDKCK4eDU8tI7JnCwPgDOYBmLA=
11,-17,MySPGShHDAed5Yn5HNXRcMlPWkw=,KiDKCK4eDU8tI7JnCwPgDOYBmLA=
12,-17,MySPGShHDAed5Yn5HNXRcMlPWkw=,KiDKCK4eDU8tI7JnCwPgDOYBmLA=
13,-17,MySPGShHDAed5Yn5HNXRcMlPWkw=,KiDKCK4eDU8tI7JnCwPgDOYBmLA=
14,-17,MySPGShHDAed5Yn5HNXRcMlPWkw=,KiDKCK4eDU8tI7JnCwPgDOYBmLA=
15,-17,MySPGShHDAed5Yn5HNXRcMlPWkw=,KiDKCK4eDU8tI7JnCwPgDOYBmLA=
14,-31,MySPGShHDAed5Yn5HNXRcMlPWkw=,KiDKCK4eDU8tI7JnCwPgDOYBmLA=
15,-32,MySPGShHDAed5Yn5HNXRcMlPWkw=,KiDKCK4eDU8tI7JnCwPgDOYBmLA=
16,-31,gmpKQ59/4I84ieTYfDIVcNq9/nU=,KiDKCK4eDU8tI7JnCwPgDOYBmLA=
31,-32,gmpKQ59/4I84ieTYfDIVcNq9/nU=,KiDKCK4eDU8tI7JnCwPgDOYBmLA=
31,-17,gmpKQ59/4I84ieTYfDIVcNq9/nU=,KiDKCK4eDU8tI7JnCwPgDOYBmLA=
30,-17,gmpKQ59/4I84ieTYfDIVcNq9/nU=,KiDKCK4eDU8tI7JnCwPgDOYBmLA=
29,-17,gmpKQ59/4I84ieTYfDIVcNq9/nU=,KiDKCK4eDU8tI7JnCwPgDOYBmLA=
28,-17,gmpKQ59/4I84ieTYfDIVcNq9/nU=,KiDKCK4eDU8tI7JnCwPgDOYBmLA=
27,-17,gmpKQ59/4I84ieTYfDIVcNq9/nU=,KiDKCK4eDU8tI7JnCwPgDOYBmLA=
26,-17,gmpKQ59/4I84ieTYfDIVcNq9/nU=,KiDKCK4eDU8tI7JnCwPgDOYBmLA=
25,-17,gmpKQ59/4I84ieTYfDIVcNq9/nU=,KiDKCK4eDU8tI7JnCwPgDOYBmLA=
24,-17,gmpKQ59/4I84ieTYfDIVcNq9/nU=,KiDKCK4eDU8tI7JnCwPgDOYBmLA=
23,-17,gmpKQ59/4I84ieTYfDIVcNq9/nU=,KiDKCK4eDU8tI7JnCwPgDOYBmLA=
22,-17,gmpKQ59/4I84ieTYfDIVcNq9/nU=,KiDKCK4eDU8tI7JnCwPgDOYBmLA=
21,-17,gmpKQ59/4I84ieTYfDIVcNq9/nU=,KiDKCK4eDU8tI7JnCwPgDOYBmLA=
20,-17,gmpKQ59/4I84ieTYfDIVcNq9/nU=,KiDKCK4eDU8tI7JnCwPgDOYBmLA=
19,-17,n2Pgv6zZeHtNB6xQkc4XEQFPm18=,KiDKCK4eDU8tI7JnCwPgDOYBmLA=
18,-17,n2Pgv6zZeHtNB6xQkc4XEQFPm18=,KiDKCK4eDU8tI7JnCwPgDOYBmLA=
17,-17,n2Pgv6zZeHtNB6xQkc4XEQFPm18=,KiDKCK4eDU8tI7JnCwPgDOYBmLA=
16,-17,n2Pgv6zZeHtNB6xQkc4XEQFPm18=,KiDKCK4eDU8tI7JnCwPgDOYBmLA=
31,-18,n2Pgv6zZeHtNB6xQkc4XEQFPm18=,KiDKCK4eDU8tI7JnCwPgDOYBmLA=
30,-18,n2Pgv6zZeHtNB6xQkc4XEQFPm18=,KiDKCK4eDU8tI7JnCwPgDOYBmLA=
29,-18,n2Pgv6zZeHtNB6xQkc4XEQFPm18=,KiDKCK4eDU8tI7JnCwPgDOYBmLA=
28,-18,n2Pgv6zZeHtNB6xQkc4XEQFPm18=,KiDKCK4eDU8tI7JnCwPgDOYBmLA=
27,-18,n2Pgv6zZeHtNB6xQkc4XEQFPm18=,KiDKCK4eDU8tI7JnCwPgDOYBmLA=
26,-18,n2Pgv6zZeHtNB6xQkc4XEQFPm18=,KiDKCK4eDU8tI7JnCwPgDOYBmLA=
25,-18,n2Pgv6zZeHtNB6xQkc4XEQFPm18=,KiDKCK4eDU8tI7JnCwPgDOYBmLA=
24,-18,n2Pgv6zZeHtNB6xQkc4XEQFPm18=,KiDKCK4eDU8tI7JnCwPgDOYBmLA=
23,-18,n2Pgv6zZeHtNB6xQkc4XEQFPm18=,KiDKCK4eDU8tI7JnCwPgDOYBmLA=
22,-18,n2Pgv6zZeHtNB6xQkc4XEQFPm18=,KiDKCK4eDU8tI7JnCwPgDOYBmLA=
21,-18,n2Pgv6zZeHtNB6xQkc4XEQFPm18=,KiDKCK4eDU8tI7JnCwPgDOYBmLA=
20,-18,n2Pgv6zZeHtNB6xQkc4XEQFPm18=,KiDKCK4eDU8tI7JnCwPgDOYBmLA=
19,-18,n2Pgv6zZeHtNB6xQkc4XEQFPm18=,KiDKCK4eDU8tI7JnCwPgDOYBmLA=
18,-18,n2Pgv6zZeHtNB6xQkc4XEQFPm18=,KiDKCK4eDU8tI7JnCwPgDOYBmLA=
17,-18,n2Pgv6zZeHtNB6xQkc4XEQFPm18=,KiDKCK4eDU8tI7JnCwPgDOYBmLA=
16,-18,n2Pgv6zZeHtNB6xQkc4XEQFPm18=,KiDKCK4eDU8tI7JnCwPgDOYBmLA=
30,-32,n2Pgv6zZeHtNB6xQkc4XEQFPm18=,KiDKCK4eDU8tI7JnCwPgDOYBmLA=
31,-19,n2Pgv6zZeHtNB6xQkc4XEQFPm18=,KiDKCK4eDU8tI7JnCwPgDOYBmLA=
30,-19,n2Pgv6zZeHtNB6xQkc4XEQFPm18=,KiDKCK4eDU8tI7JnCwPgDOYBmLA=
29,-19,n2Pgv6zZeHtNB6xQkc4XEQFPm18=,KiDKCK4eDU8tI7JnCwPgDOYBmLA=
28,-19,n2Pgv6zZeHtNB6xQkc4XEQFPm18=,KiDKCK4eDU8tI7JnCwPgDOYBmLA=
27,-19,n2Pgv6zZeHtNB6xQkc4XEQFPm18=,KiDKCK4eDU8tI7JnCwPgDOYBmLA=
26,-19,n2Pgv6zZeHtNB6xQkc4XEQFPm18=,KiDKCK4eDU8tI7JnCwPgDOYBmLA=
25,-19,n2Pgv6zZeHtNB6xQkc4XEQFPm18=,KiDKCK4eDU8tI7JnCwPgDOYBmLA=
24,-19,n2Pgv6zZeHtNB6xQkc4XEQFPm18=,KiDKCK4eDU8tI7JnCwPgDOYBmLA=
23,-19,n2Pgv6zZeHtNB6xQkc4XEQFPm18=,KiDKCK4eDU8tI7JnCwPgDOYBmLA=
22,-19,n2Pgv6zZeHtNB6xQkc4XEQFPm18=,KiDKCK4eDU8tI7JnCwPgDOYBmLA=
21,-19,n2Pgv6zZeHtNB6xQkc4XEQFPm18=,KiDKCK4eDU8tI7JnCwPgDOYBmLA=
20,-19,n2Pgv6zZeHtNB6xQkc4XEQFPm18=,KiDKCK4eDU8tI7JnCwPgDOYBmLA=
19,-19,n2Pgv6zZeHtNB6xQkc4XEQFPm18=,KiDKCK4eDU8tI7JnCwPgDOYBmLA=
18,-19,n2Pgv6zZeHtNB6xQkc4XEQFPm18=,KiDKCK4eDU8tI7JnCwPgDOYBmLA=
17,-19,n2Pgv6zZeHtNB6xQkc4XEQFPm18=,KiDKCK4eDU8tI7JnCwPgDOYBmLA=
16,-19,n2Pgv6zZeHtNB6xQkc4XEQFPm18=,KiDKCK4eDU8tI7JnCwPgDOYBmLA=
29,-32,n2Pgv6zZeHtNB6xQkc4XEQFPm18=,KiDKCK4eDU8tI7JnCwPgDOYBmLA=
31,-20,n2Pgv6zZeHtNB6xQkc4XEQFPm18=,KiDKCK4eDU8tI7JnCwPgDOYBmLA=
30,-20,n2Pgv6zZeHtNB6xQkc4XEQFPm18=,KiDKCK4eDU8tI7JnCwPgDOYBmLA=
29,-20,n2Pgv6zZeHtNB6xQkc4XEQFPm18=,KiDKCK4eDU8tI7JnCwPgDOYBmLA=
28,-20,n2Pgv6zZeHtNB6xQkc4XEQFPm18=,KiDKCK4eDU8tI7JnCwPgDOYBmLA=
27,-20,n2Pgv6zZeHtNB6xQkc4XEQFPm18=,KiDKCK4eDU8tI7JnCwPgDOYBmLA=
26,-20,n2Pgv6zZeHtNB6xQkc4XEQFPm18=,KiDKCK4eDU8tI7JnCwPgDOYBmLA=
25,-20,n2Pgv6zZeHtNB6xQkc4XEQFPm18=,KiDKCK4eDU8tI7JnCwPgDOYBmLA=
24,-20,n2Pgv6zZeHtNB6xQkc4XEQFPm18=,KiDKCK4eDU8tI7JnCwPgDOYBmLA=
23,-20,n2Pgv6zZeHtNB6xQkc4XEQFPm18=,KiDKCK4eDU8tI7JnCwPgDOYBmLA=
22,-20,n2Pgv6zZeHtNB6xQkc4XEQFPm18=,KiDKCK4eDU8tI7JnCwPgDOYBmLA=
21,-20,n2Pgv6zZeHtNB6xQkc4XEQFPm18=,KiDKCK4eDU8tI7JnCwPgDOYBmLA=
20,-20,n2Pgv6zZeHtNB6xQkc4XEQFPm18=,KiDKCK4eDU8tI7JnCwPgDOYBmLA=
19,-20,n2Pgv6zZeHtNB6xQkc4XEQFPm18=,KiDKCK4eDU8tI7JnCwPgDOYBmLA=
18,-20,n2Pgv6zZeHtNB6xQkc4XEQFPm18=,KiDKCK4eDU8tI7JnCwPgDOYBmLA=
17,-20,n2Pgv6zZeHtNB6xQkc4XEQFPm18=,KiDKCK4eDU8tI7JnCwPgDOYBmLA=
16,-20,n2Pgv6zZeHtNB6xQkc4XEQFPm18=,KiDKCK4eDU8tI7JnCwPgDOYBmLA=
28,-32,n2Pgv6zZeHtNB6xQkc4XEQFPm18=,KiDKCK4eDU8tI7JnCwPgDOYBmLA=
31,-21,n2Pgv6zZeHtNB6xQkc4XEQFPm18=,KiDKCK4eDU8tI7JnCwPgDOYBmLA=
30,-21,n2Pgv6zZeHtNB6xQkc4XEQFPm18=,KiDKCK4eDU8tI7JnCwPgDOYBmLA=
29,-21,n2Pgv6zZeHtNB6xQkc4XEQFPm18=,KiDKCK4eDU8tI7JnCwPgDOYBmLA=
28,-21,n2Pgv6zZeHtNB6xQkc4XEQFPm18=,KiDKCK4eDU8tI7JnCwPgDOYBmLA=
27,-21,n2Pgv6zZeHtNB6xQkc4XEQFPm18=,KiDKCK4eDU8tI7JnCwPgDOYBmLA=
26,-21,n2Pgv6zZeHtNB6xQkc4XEQFPm18=,KiDKCK4eDU8tI7JnCwPgDOYBmLA=
25,-21,n2Pgv6zZeHtNB6xQkc4XEQFPm18=,KiDKCK4eDU8tI7JnCwPgDOYBmLA=
24,-21,n2Pgv6zZeHtNB6xQkc4XEQFPm18=,KiDKCK4eDU8tI7JnCwPgDOYBmLA=
23,-21,n2Pgv6zZeHtNB6xQkc4XEQFPm18=,KiDKCK4eDU8tI7JnCwPgDOYBmLA=
22,-21,n2Pgv6zZeHtNB6xQkc4XEQFPm18=,KiDKCK4eDU8tI7JnCwPgDOYBmLA=
21,-21,n2Pgv6zZeHtNB6xQkc4XEQFPm18=,KiDKCK4eDU8tI7JnCwPgDOYBmLA=
20,-21,n2Pgv6zZeHtNB6xQkc4XEQFPm18=,KiDKCK4eDU8tI7JnCwPgDOYBmLA=
19,-21,n2Pgv6zZeHtNB6xQkc4XEQFPm18=,KiDKCK4eDU8tI7JnCwPgDOYBmLA=
18,-21,n2Pgv6zZeHtNB6xQkc4XEQFPm18=,KiDKCK4eDU8tI7JnCwPgDOYBmLA=
17,-21,n2Pgv6zZeHtNB6xQkc4XEQFPm18=,KiDKCK4eDU8tI7JnCwPgDOYBmLA=
16,-21,n2Pgv6zZeHtNB6xQkc4XEQFPm18=,KiDKCK4eDU8tI7JnCwPgDOYBmLA=
27,-32,n2Pgv6zZeHtNB6xQkc4XEQFPm18=,KiDKCK4eDU8tI7JnCwPgDOYBmLA=
31,-22,n2Pgv6zZeHtNB6xQkc4XEQFPm18=,KiDKCK4eDU8tI7JnCwPgDOYBmLA=
30,-22,n2Pgv6zZeHtNB6xQkc4XEQFPm18=,KiDKCK4eDU8tI7JnCwPgDOYBmLA=
29,-22,n2Pgv6zZeHtNB6xQkc4XEQFPm18=,KiDKCK4eDU8tI7JnCwPgDOYBmLA=
28,-22,n2Pgv6zZeHtNB6xQkc4XEQFPm18=,KiDKCK4eDU8tI7JnCwPgDOYBmLA=
27,-22,n2Pgv6zZeHtNB6xQkc4XEQFPm18=,KiDKCK4eDU8tI7JnCwPgDOYBmLA=
26,-22,n2Pgv6zZeHtNB6xQkc4XEQFPm18=,KiDKCK4eDU8tI7JnCwPgDOYBmLA=
25,-22,n2Pgv6zZeHtNB6xQkc4XEQFPm18=,KiDKCK4eDU8tI7JnCwPgDOYBmLA=
24,-22,n2Pgv6zZeHtNB6xQkc4XEQFPm18=,KiDKCK4eDU8tI7JnCwPgDOYBmLA=
23,-22,n2Pgv6zZeHtNB6xQkc4XEQFPm18=,KiDKCK4eDU8tI7JnCwPgDOYBmLA=
22,-22,n2Pgv6zZeHtNB6xQkc4XEQFPm18=,KiDKCK4eDU8tI7JnCwPgDOYBmLA=
21,-22,n2Pgv6zZeHtNB6xQkc4XEQFPm18=,KiDKCK4eDU8tI7JnCwPgDOYBmLA=
20,-22,n2Pgv6zZeHtNB6xQkc4XEQFPm18=,KiDKCK4eDU8tI7JnCwPgDOYBmLA=
19,-22,n2Pgv6zZeHtNB6xQkc4XEQFPm18=,KiDKCK4eDU8tI7JnCwPgDOYBmLA=
18,-22,n2Pgv6zZeHtNB6xQkc4XEQFPm18=,KiDKCK4eDU8tI7JnCwPgDOYBmLA=
17,-22,n2Pgv6zZeHtNB6xQkc4XEQFPm18=,KiDKCK4eDU8tI7JnCwPgDOYBmLA=
16,-22,n2Pgv6zZeHtNB6xQkc4XEQFPm18=,KiDKCK4eDU8tI7JnCwPgDOYBmLA=
26,-32,n2Pgv6zZeHtNB6xQkc4XEQFPm18=,KiDKCK4eDU8tI7JnCwPgDOYBmLA=
31,-23,n2Pgv6zZeHtNB6xQkc4XEQFPm18=,KiDKCK4eDU8tI7JnCwPgDOYBmLA=
30,-23,n2Pgv6zZeHtNB6xQkc4XEQFPm18=,KiDKCK4eDU8tI7JnCwPgDOYBmLA=
29,-23,n2Pgv6zZeHtNB6xQkc4XEQFPm18=,KiDKCK4eDU8tI7JnCwPgDOYBmLA=
28,-23,n2Pgv6zZeHtNB6xQkc4XEQFPm18=,KiDKCK4eDU8tI7JnCwPgDOYBmLA=
27,-23,n2Pgv6zZeHtNB6xQkc4XEQFPm18=,KiDKCK4eDU8tI7JnCwPgDOYBmLA=
26,-23,n2Pgv6zZeHtNB6xQkc4XEQFPm18=,KiDKCK4eDU8tI7JnCwPgDOYBmLA=
25,-23,n2Pgv6zZeHtNB6xQkc4XEQFPm18=,KiDKCK4eDU8tI7JnCwPgDOYBmLA=
24,-23,n2Pgv6zZeHtNB6xQkc4XEQFPm18=,KiDKCK4eDU8tI7JnCwPgDOYBmLA=
23,-23,n2Pgv6zZeHtNB6xQkc4XEQFPm18=,KiDKCK4eDU8tI7JnCwPgDOYBmLA=
22,-23,n2Pgv6zZeHtNB6xQkc4XEQFPm18=,KiDKCK4eDU8tI7JnCwPgDOYBmLA=
21,-23,n2Pgv6zZeHtNB6xQkc4XEQFPm18=,KiDKCK4eDU8tI7JnCwPgDOYBmLA=
20,-23,n2Pgv6zZeHtNB6xQkc4XEQFPm18=,KiDKCK4eDU8tI7JnCwPgDOYBmLA=
19,-23,n2Pgv6zZeHtNB6xQkc4XEQFPm18=,KiDKCK4eDU8tI7JnCwPgDOYBmLA=
18,-23,n2Pgv6zZeHtNB6xQkc4XEQFPm18=,KiDKCK4eDU8tI7JnCwPgDOYBmLA=
17,-23,n2Pgv6zZeHtNB6xQkc4XEQFPm18=,KiDKCK4eDU8tI7JnCwPgDOYBmLA=
16,-23,n2Pgv6zZeHtNB6xQkc4XEQFPm18=,KiDKCK4eDU8tI7JnCwPgDOYBmLA=
25,-32,n2Pgv6zZeHtNB6xQkc4XEQFPm18=,KiDKCK4eDU8tI7JnCwPgDOYBmLA=
31,-24,n2Pgv6zZeHtNB6xQkc4XEQFPm18=,KiDKCK4eDU8tI7JnCwPgDOYBmLA=
30,-24,n2Pgv6zZeHtNB6xQkc4XEQFPm18=,KiDKCK4eDU8tI7JnCwPgDOYBmLA=
29,-24,n2Pgv6zZeHtNB6xQkc4XEQFPm18=,KiDKCK4eDU8tI7JnCwPgDOYBmLA=
28,-24,n2Pgv6zZeHtNB6xQkc4XEQFPm18=,KiDKCK4eDU8tI7JnCwPgDOYBmLA=
27,-24,n2Pgv6zZeHtNB6xQkc4XEQFPm18=,KiDKCK4eDU8tI7JnCwPgDOYBmLA=
26,-24,n2Pgv6zZeHtNB6xQkc4XEQFPm18=,KiDKCK4eDU8tI7JnCwPgDOYBmLA=
25,-24,n2Pgv6zZeHtNB6xQkc4XEQFPm18=,KiDKCK4eDU8tI7JnCwPgDOYBmLA=
24,-24,n2Pgv6zZeHtNB6xQkc4XEQFPm18=,KiDKCK4eDU8tI7JnCwPgDOYBmLA=
23,-24,n2Pgv6zZeHtNB6xQkc4XEQFPm18=,KiDKCK4eDU8tI7JnCwPgDOYBmLA=
22,-24,n2Pgv6zZeHtNB6xQkc4XEQFPm18=,KiDKCK4eDU8tI7JnCwPgDOYBmLA=
21,-24,n2Pgv6zZeHtNB6xQkc4XEQFPm18=,KiDKCK4eDU8tI7JnCwPgDOYBmLA=
20,-24,n2Pgv6zZeHtNB6xQkc4XEQFPm18=,KiDKCK4eDU8tI7JnCwPgDOYBmLA=
19,-24,n2Pgv6zZeHtNB6xQkc4XEQFPm18=,KiDKCK4eDU8tI7JnCwPgDOYBmLA=
18,-24,n2Pgv6zZeHtNB6xQkc4XEQFPm18=,KiDKCK4eDU8tI7JnCwPgDOYBmLA=
17,-24,n2Pgv6zZeHtNB6xQkc4XEQFPm18=,KiDKCK4eDU8tI7JnCwPgDOYBmLA=
16,-24,n2Pgv6zZeHtNB6xQkc4XEQFPm18=,KiDKCK4eDU8tI7JnCwPgDOYBmLA=
24,-32,n2Pgv6zZeHtNB6xQkc4XEQFPm18=,KiDKCK4eDU8tI7JnCwPgDOYBmLA=
31,-25,n2Pgv6zZeHtNB6xQkc4XEQFPm18=,KiDKCK4eDU8tI7JnCwPgDOYBmLA=
30,-25,n2Pgv6zZeHtNB6xQkc4XEQFPm18=,KiDKCK4eDU8tI7JnCwPgDOYBmLA=
29,-25,n2Pgv6zZeHtNB6xQkc4XEQFPm18=,KiDKCK4eDU8tI7JnCwPgDOYBmLA=
28,-25,n2Pgv6zZeHtNB6xQkc4XEQFPm18=,KiDKCK4eDU8tI7JnCwPgDOYBmLA=
27,-25,n2Pgv6zZeHtNB6xQkc4XEQFPm18=,KiDKCK4eDU8tI7JnCwPgDOYBmLA=
26,-25,n2Pgv6zZeHtNB6xQkc4XEQFPm18=,KiDKCK4eDU8tI7JnCwPgDOYBmLA=
25,-25,n2Pgv6zZeHtNB6xQkc4XEQFPm18=,KiDKCK4eDU8tI7JnCwPgDOYBmLA=
24,-25,n2Pgv6zZeHtNB6xQkc4XEQFPm18=,KiDKCK4eDU8tI7JnCwPgDOYBmLA=
23,-25,n2Pgv6zZeHtNB6xQkc4XEQFPm18=,KiDKCK4eDU8tI7JnCwPgDOYBmLA=
22,-25,n2Pgv6zZeHtNB6xQkc4XEQFPm18=,KiDKCK4eDU8tI7JnCwPgDOYBmLA=
21,-25,n2Pgv6zZeHtNB6xQkc4XEQFPm18=,KiDKCK4eDU8tI7JnCwPgDOYBmLA=
20,-25,n2Pgv6zZeHtNB6xQkc4XEQFPm18=,KiDKCK4eDU8tI7JnCwPgDOYBmLA=
19,-25,n2Pgv6zZeHtNB6xQkc4XEQFPm18=,KiDKCK4eDU8tI7JnCwPgDOYBmLA=
18,-25,n2Pgv6zZeHtNB6xQkc4XEQFPm18=,KiDKCK4eDU8tI7JnCwPgDOYBmLA=
17,-25,n2Pgv6zZeHtNB6xQkc4XEQFPm18=,KiDKCK4eDU8tI7JnCwPgDOYBmLA=
16,-25,n2Pgv6zZeHtNB6xQkc4XEQFPm18=,KiDKCK4eDU8tI7JnCwPgDOYBmLA=
23,-32,n2Pgv6zZeHtNB6xQkc4XEQFPm18=,KiDKCK4eDU8tI7JnCwPgDOYBmLA=
31,-26,n2Pgv6zZeHtNB6xQkc4XEQFPm18=,KiDKCK4eDU8tI7JnCwPgDOYBmLA=
30,-26,n2Pgv6zZeHtNB6xQkc4XEQFPm18=,KiDKCK4eDU8tI7JnCwPgDOYBmLA=
29,-26,n2Pgv6zZeHtNB6xQkc4XEQFPm18=,KiDKCK4eDU8tI7JnCwPgDOYBmLA=
28,-26,n2Pgv6zZeHtNB6xQkc4XEQFPm18=,KiDKCK4eDU8tI7JnCwPgDOYBmLA=
27,-26,n2Pgv6zZeHtNB6xQkc4XEQFPm18=,KiDKCK4eDU8tI7JnCwPgDOYBmLA=
26,-26,n2Pgv6zZeHtNB6xQkc4XEQFPm18=,KiDKCK4eDU8tI7JnCwPgDOYBmLA=
25,-26,n2Pgv6zZeHtNB6xQkc4XEQFPm18=,KiDKCK4eDU8tI7JnCwPgDOYBmLA=
24,-26,n2Pgv6zZeHtNB6xQkc4XEQFPm18=,KiDKCK4eDU8tI7JnCwPgDOYBmLA=
23,-26,n2Pgv6zZeHtNB6xQkc4XEQFPm18=,KiDKCK4eDU8tI7JnCwPgDOYBmLA=
22,-26,n2Pgv6zZeHtNB6xQkc4XEQFPm18=,KiDKCK4eDU8tI7JnCwPgDOYBmLA=
21,-26,n2Pgv6zZeHtNB6xQkc4XEQFPm18=,KiDKCK4eDU8tI7JnCwPgDOYBmLA=
20,-26,n2Pgv6zZeHtNB6xQkc4XEQFPm18=,KiDKCK4eDU8tI7JnCwPgDOYBmLA=
19,-26,n2Pgv6zZeHtNB6xQkc4XEQFPm18=,KiDKCK4eDU8tI7JnCwPgDOYBmLA=
18,-26,n2Pgv6zZeHtNB6xQkc4XEQFPm18=,KiDKCK4eDU8tI7JnCwPgDOYBmLA=
17,-26,n2Pgv6zZeHtNB6xQkc4XEQFPm18=,KiDKCK4eDU8tI7JnCwPgDOYBmLA=
16,-26,n2Pgv6zZeHtNB6xQkc4XEQFPm18=,KiDKCK4eDU8tI7JnCwPgDOYBmLA=
22,-32,n2Pgv6zZeHtNB6xQkc4XEQFPm18=,KiDKCK4eDU8tI7JnCwPgDOYBmLA=
31,-27,n2Pgv6zZeHtNB6xQkc4XEQFPm18=,KiDKCK4eDU8tI7JnCwPgDOYBmLA=
30,-27,n2Pgv6zZeHtNB6xQkc4XEQFPm18=,KiDKCK4eDU8tI7JnCwPgDOYBmLA=
29,-27,n2Pgv6zZeHtNB6xQkc4XEQFPm18=,KiDKCK4eDU8tI7JnCwPgDOYBmLA=
28,-27,n2Pgv6zZeHtNB6xQkc4XEQFPm18=,KiDKCK4eDU8tI7JnCwPgDOYBmLA=
27,-27,n2Pgv6zZeHtNB6xQkc4XEQFPm18=,KiDKCK4eDU8tI7JnCwPgDOYBmLA=
26,-27,n2Pgv6zZeHtNB6xQkc4XEQFPm18=,KiDKCK4eDU8tI7JnCwPgDOYBmLA=
25,-27,n2Pgv6zZeHtNB6xQkc4XEQFPm18=,KiDKCK4eDU8tI7JnCwPgDOYBmLA=
24,-27,n2Pgv6zZeHtNB6xQkc4XEQFPm18=,KiDKCK4eDU8tI7JnCwPgDOYBmLA=
23,-27,n2Pgv6zZeHtNB6xQkc4XEQFPm18=,KiDKCK4eDU8tI7JnCwPgDOYBmLA=
22,-27,n2Pgv6zZeHtNB6xQkc4XEQFPm18=,KiDKCK4eDU8tI7JnCwPgDOYBmLA=
21,-27,n2Pgv6zZeHtNB6xQkc4XEQFPm18=,KiDKCK4eDU8tI7JnCwPgDOYBmLA=
20,-27,n2Pgv6zZeHtNB6xQkc4XEQFPm18=,KiDKCK4eDU8tI7JnCwPgDOYBmLA=
19,-27,n2Pgv6zZeHtNB6xQkc4XEQFPm18=,KiDKCK4eDU8tI7JnCwPgDOYBmLA=
18,-27,n2Pgv6zZeHtNB6xQkc4XEQFPm18=,KiDKCK4eDU8tI7JnCwPgDOYBmLA=
17,-27,n2Pgv6zZeHtNB6xQkc4XEQFPm18=,KiDKCK4eDU8tI7JnCwPgDOYBmLA=
16,-27,n2Pgv6zZeHtNB6xQkc4XEQFPm18=,KiDKCK4eDU8tI7JnCwPgDOYBmLA=
21,-32,n2Pgv6zZeHtNB6xQkc4XEQFPm18=,KiDKCK4eDU8tI7JnCwPgDOYBmLA=
31,-28,n2Pgv6zZeHtNB6xQkc4XEQFPm18=,KiDKCK4eDU8tI7JnCwPgDOYBmLA=
30,-28,n2Pgv6zZeHtNB6xQkc4XEQFPm18=,KiDKCK4eDU8tI7JnCwPgDOYBmLA=
29,-28,n2Pgv6zZeHtNB6xQkc4XEQFPm18=,KiDKCK4eDU8tI7JnCwPgDOYBmLA=
28,-28,n2Pgv6zZeHtNB6xQkc4XEQFPm18=,KiDKCK4eDU8tI7JnCwPgDOYBmLA=
27,-28,n2Pgv6zZeHtNB6xQkc4XEQFPm18=,KiDKCK4eDU8tI7JnCwPgDOYBmLA=
26,-28,n2Pgv6zZeHtNB6xQkc4XEQFPm18=,KiDKCK4eDU8tI7JnCwPgDOYBmLA=
25,-28,n2Pgv6zZeHtNB6xQkc4XEQFPm18=,KiDKCK4eDU8tI7JnCwPgDOYBmLA=
24,-28,n2Pgv6zZeHtNB6xQkc4XEQFPm18=,KiDKCK4eDU8tI7JnCwPgDOYBmLA=
23,-28,n2Pgv6zZeHtNB6xQkc4XEQFPm18=,KiDKCK4eDU8tI7JnCwPgDOYBmLA=
22,-28,n2Pgv6zZeHtNB6xQkc4XEQFPm18=,KiDKCK4eDU8tI7JnCwPgDOYBmLA=
21,-28,n2Pgv6zZeHtNB6xQkc4XEQFPm18=,KiDKCK4eDU8tI7JnCwPgDOYBmLA=
20,-28,n2Pgv6zZeHtNB6xQkc4XEQFPm18=,KiDKCK4eDU8tI7JnCwPgDOYBmLA=
19,-28,n2Pgv6zZeHtNB6xQkc4XEQFPm18=,KiDKCK4eDU8tI7JnCwPgDOYBmLA=
18,-28,n2Pgv6zZeHtNB6xQkc4XEQFPm18=,KiDKCK4eDU8tI7JnCwPgDOYBmLA=
17,-28,n2Pgv6zZeHtNB6xQkc4XEQFPm18=,KiDKCK4eDU8tI7JnCwPgDOYBmLA=
16,-28,n2Pgv6zZeHtNB6xQkc4XEQFPm18=,KiDKCK4eDU8tI7JnCwPgDOYBmLA=
20,-32,n2Pgv6zZeHtNB6xQkc4XEQFPm18=,KiDKCK4eDU8tI7JnCwPgDOYBmLA=
31,-29,n2Pgv6zZeHtNB6xQkc4XEQFPm18=,KiDKCK4eDU8tI7JnCwPgDOYBmLA=
30,-29,n2Pgv6zZeHtNB6xQkc4XEQFPm18=,KiDKCK4eDU8tI7JnCwPgDOYBmLA=
29,-29,n2Pgv6zZeHtNB6xQkc4XEQFPm18=,KiDKCK4eDU8tI7JnCwPgDOYBmLA=
28,-29,n2Pgv6zZeHtNB6xQkc4XEQFPm18=,KiDKCK4eDU8tI7JnCwPgDOYBmLA=
27,-29,n2Pgv6zZeHtNB6xQkc4XEQFPm18=,KiDKCK4eDU8tI7JnCwPgDOYBmLA=
26,-29,n2Pgv6zZeHtNB6xQkc4XEQFPm18=,KiDKCK4eDU8tI7JnCwPgDOYBmLA=
25,-29,n2Pgv6zZeHtNB6xQkc4XEQFPm18=,KiDKCK4eDU8tI7JnCwPgDOYBmLA=
24,-29,n2Pgv6zZeHtNB6xQkc4XEQFPm18=,KiDKCK4eDU8tI7JnCwPgDOYBmLA=
23,-29,n2Pgv6zZeHtNB6xQkc4XEQFPm18=,KiDKCK4eDU8tI7JnCwPgDOYBmLA=
22,-29,n2Pgv6zZeHtNB6xQkc4XEQFPm18=,KiDKCK4eDU8tI7JnCwPgDOYBmLA=
21,-29,n2Pgv6zZeHtNB6xQkc4XEQFPm18=,KiDKCK4eDU8tI7JnCwPgDOYBmLA=
20,-29,n2Pgv6zZeHtNB6xQkc4XEQFPm18=,KiDKCK4eDU8tI7JnCwPgDOYBmLA=
19,-29,n2Pgv6zZeHtNB6xQkc4XEQFPm18=,KiDKCK4eDU8tI7JnCwPgDOYBmLA=
18,-29,n2Pgv6zZeHtNB6xQkc4XEQFPm18=,KiDKCK4eDU8tI7JnCwPgDOYBmLA=
17,-29,n2Pgv6zZeHtNB6xQkc4XEQFPm18=,KiDKCK4eDU8tI7JnCwPgDOYBmLA=
16,-29,n2Pgv6zZeHtNB6xQkc4XEQFPm18=,KiDKCK4eDU8tI7JnCwPgDOYBmLA=
19,-32,n2Pgv6zZeHtNB6xQkc4XEQFPm18=,KiDKCK4eDU8tI7JnCwPgDOYBmLA=
31,-30,n2Pgv6zZeHtNB6xQkc4XEQFPm18=,KiDKCK4eDU8tI7JnCwPgDOYBmLA=
30,-30,n2Pgv6zZeHtNB6xQkc4XEQFPm18=,KiDKCK4eDU8tI7JnCwPgDOYBmLA=
29,-30,n2Pgv6zZeHtNB6xQkc4XEQFPm18=,KiDKCK4eDU8tI7JnCwPgDOYBmLA=
28,-30,n2Pgv6zZeHtNB6xQkc4XEQFPm18=,KiDKCK4eDU8tI7JnCwPgDOYBmLA=
27,-30,n2Pgv6zZeHtNB6xQkc4XEQFPm18=,KiDKCK4eDU8tI7JnCwPgDOYBmLA=
26,-30,n2Pgv6zZeHtNB6xQkc4XEQFPm18=,KiDKCK4eDU8tI7JnCwPgDOYBmLA=
25,-30,n2Pgv6zZeHtNB6xQkc4XEQFPm18=,KiDKCK4eDU8tI7JnCwPgDOYBmLA=
24,-30,n2Pgv6zZeHtNB6xQkc4XEQFPm18=,KiDKCK4eDU8tI7JnCwPgDOYBmLA=
23,-30,n2Pgv6zZeHtNB6xQkc4XEQFPm18=,KiDKCK4eDU8tI7JnCwPgDOYBmLA=
22,-30,n2Pgv6zZeHtNB6xQkc4XEQFPm18=,KiDKCK4eDU8tI7JnCwPgDOYBmLA=
21,-30,n2Pgv6zZeHtNB6xQkc4XEQFPm18=,KiDKCK4eDU8tI7JnCwPgDOYBmLA=
20,-30,n2Pgv6zZeHtNB6xQkc4XEQFPm18=,KiDKCK4eDU8tI7JnCwPgDOYBmLA=
19,-30,n2Pgv6zZeHtNB6xQkc4XEQFPm18=,KiDKCK4eDU8tI7JnCwPgDOYBmLA=
18,-30,n2Pgv6zZeHtNB6xQkc4XEQFPm18=,KiDKCK4eDU8tI7JnCwPgDOYBmLA=
17,-30,n2Pgv6zZeHtNB6xQkc4XEQFPm18=,KiDKCK4eDU8tI7JnCwPgDOYBmLA=
16,-30,n2Pgv6zZeHtNB6xQkc4XEQFPm18=,KiDKCK4eDU8tI7JnCwPgDOYBmLA=
18,-32,n2Pgv6zZeHtNB6xQkc4XEQFPm18=,KiDKCK4eDU8tI7JnCwPgDOYBmLA=
31,-31,n2Pgv6zZeHtNB6xQkc4XEQFPm18=,KiDKCK4eDU8tI7JnCwPgDOYBmLA=
30,-31,n2Pgv6zZeHtNB6xQkc4XEQFPm18=,KiDKCK4eDU8tI7JnCwPgDOYBmLA=
17,-32,n2Pgv6zZeHtNB6xQkc4XEQFPm18=,KiDKCK4eDU8tI7JnCwPgDOYBmLA=
29,-31,n2Pgv6zZeHtNB6xQkc4XEQFPm18=,KiDKCK4eDU8tI7JnCwPgDOYBmLA=
28,-31,n2Pgv6zZeHtNB6xQkc4XEQFPm18=,KiDKCK4eDU8tI7JnCwPgDOYBmLA=
27,-31,n2Pgv6zZeHtNB6xQkc4XEQFPm18=,KiDKCK4eDU8tI7JnCwPgDOYBmLA=
26,-31,n2Pgv6zZeHtNB6xQkc4XEQFPm18=,KiDKCK4eDU8tI7JnCwPgDOYBmLA=
25,-31,n2Pgv6zZeHtNB6xQkc4XEQFPm18=,KiDKCK4eDU8tI7JnCwPgDOYBmLA=
24,-31,n2Pgv6zZeHtNB6xQkc4XEQFPm18=,KiDKCK4eDU8tI7JnCwPgDOYBmLA=
23,-31,n2Pgv6zZeHtNB6xQkc4XEQFPm18=,KiDKCK4eDU8tI7JnCwPgDOYBmLA=
22,-31,n2Pgv6zZeHtNB6xQkc4XEQFPm18=,KiDKCK4eDU8tI7JnCwPgDOYBmLA=
21,-31,n2Pgv6zZeHtNB6xQkc4XEQFPm18=,KiDKCK4eDU8tI7JnCwPgDOYBmLA=
20,-31,n2Pgv6zZeHtNB6xQkc4XEQFPm18=,KiDKCK4eDU8tI7JnCwPgDOYBmLA=
19,-31,n2Pgv6zZeHtNB6xQkc4XEQFPm18=,KiDKCK4eDU8tI7JnCwPgDOYBmLA=
18,-31,n2Pgv6zZeHtNB6xQkc4XEQFPm18=,KiDKCK4eDU8tI7JnCwPgDOYBmLA=
17,-31,n2Pgv6zZeHtNB6xQkc4XEQFPm18=,KiDKCK4eDU8tI7JnCwPgDOYBmLA=
16,-32,n2Pgv6zZeHtNB6xQkc4XEQFPm18=,KiDKCK4eDU8tI7JnCwPgDOYBmLA=
0,-16,D+BTf8eMcSU6WgGZbF2h/3q9dNQ=,KiDKCK4eDU8tI7JnCwPgDOYBmLA=
0,-15,D+BTf8eMcSU6WgGZbF2h/3q9dNQ=,KiDKCK4eDU8tI7JnCwPgDOYBmLA=
1,-15,D+BTf8eMcSU6WgGZbF2h/3q9dNQ=,KiDKCK4eDU8tI7JnCwPgDOYBmLA=
2,-15,D+BTf8eMcSU6WgGZbF2h/3q9dNQ=,KiDKCK4eDU8tI7JnCwPgDOYBmLA=
3,-15,D+BTf8eMcSU6WgGZbF2h/3q9dNQ=,KiDKCK4eDU8tI7JnCwPgDOYBmLA=
4,-15,D+BTf8eMcSU6WgGZbF2h/3q9dNQ=,KiDKCK4eDU8tI7JnCwPgDOYBmLA=
5,-15,D+BTf8eMcSU6WgGZbF2h/3q9dNQ=,KiDKCK4eDU8tI7JnCwPgDOYBmLA=
6,-15,D+BTf8eMcSU6WgGZbF2h/3q9dNQ=,KiDKCK4eDU8tI7JnCwPgDOYBmLA=
7,-15,D+BTf8eMcSU6WgGZbF2h/3q9dNQ=,KiDKCK4eDU8tI7JnCwPgDOYBmLA=
8,-15,D+BTf8eMcSU6WgGZbF2h/3q9dNQ=,KiDKCK4eDU8tI7JnCwPgDOYBmLA=
9,-15,D+BTf8eMcSU6WgGZbF2h/3q9dNQ=,KiDKCK4eDU8tI7JnCwPgDOYBmLA=
10,-15,4GA2j3ip46xNn997a7iCS0ROv2s=,KiDKCK4eDU8tI7JnCwPgDOYBmLA=
11,-15,4GA2j3ip46xNn997a7iCS0ROv2s=,KiDKCK4eDU8tI7JnCwPgDOYBmLA=
12,-15,4GA2j3ip46xNn997a7iCS0ROv2s=,KiDKCK4eDU8tI7JnCwPgDOYBmLA=
13,-15,4GA2j3ip46xNn997a7iCS0ROv2s=,KiDKCK4eDU8tI7JnCwPgDOYBmLA=
14,-15,4GA2j3ip46xNn997a7iCS0ROv2s=,KiDKCK4eDU8tI7JnCwPgDOYBmLA=
15,-15,4GA2j3ip46xNn997a7iCS0ROv2s=,KiDKCK4eDU8tI7JnCwPgDOYBmLA=
0,-14,4GA2j3ip46xNn997a7iCS0ROv2s=,KiDKCK4eDU8tI7JnCwPgDOYBmLA=
1,-16,4GA2j3ip46xNn997a7iCS0ROv2s=,KiDKCK4eDU8tI7JnCwPgDOYBmLA=
1,-14,4GA2j3ip46xNn997a7iCS0ROv2s=,KiDKCK4eDU8tI7JnCwPgDOYBmLA=
2,-14,4GA2j3ip46xNn997a7iCS0ROv2s=,KiDKCK4eDU8tI7JnCwPgDOYBmLA=
3,-14,4GA2j3ip46xNn997a7iCS0ROv2s=,KiDKCK4eDU8tI7JnCwPgDOYBmLA=
4,-14,4GA2j3ip46xNn997a7iCS0ROv2s=,KiDKCK4eDU8tI7JnCwPgDOYBmLA=
5,-14,4GA2j3ip46xNn997a7iCS0ROv2s=,KiDKCK4eDU8tI7JnCwPgDOYBmLA=
6,-14,4GA2j3ip46xNn997a7iCS0ROv2s=,KiDKCK4eDU8tI7JnCwPgDOYBmLA=
7,-14,4GA2j3ip46xNn997a7iCS0ROv2s=,KiDKCK4eDU8tI7JnCwPgDOYBmLA=
8,-14,4GA2j3ip46xNn997a7iCS0ROv2s=,KiDKCK4eDU8tI7JnCwPgDOYBmLA=
9,-14,4GA2j3ip46xNn997a7iCS0ROv2s=,KiDKCK4eDU8tI7JnCwPgDOYBmLA=
10,-14,4GA2j3ip46xNn997a7iCS0ROv2s=,KiDKCK4eDU8tI7JnCwPgDOYBmLA=
11,-14,4GA2j3ip46xNn997a7iCS0ROv2s=,KiDKCK4eDU8tI7JnCwPgDOYBmLA=
12,-14,4GA2j3ip46xNn997a7iCS0ROv2s=,KiDKCK4eDU8tI7JnCwPgDOYBmLA=
13,-14,4GA2j3ip46xNn997a7iCS0ROv2s=,KiDKCK4eDU8tI7JnCwPgDOYBmLA=
14,-14,4GA2j3ip46xNn997a7iCS0ROv2s=,KiDKCK4eDU8tI7JnCwPgDOYBmLA=
15,-14,4GA2j3ip46xNn997a7iCS0ROv2s=,KiDKCK4eDU8tI7JnCwPgDOYBmLA=
0,-13,4GA2j3ip46xNn997a7iCS0ROv2s=,KiDKCK4eDU8tI7JnCwPgDOYBmLA=
2,-16,4GA2j3ip46xNn997a7iCS0ROv2s=,KiDKCK4eDU8tI7JnCwPgDOYBmLA=
1,-13,4GA2j3ip46xNn997a7iCS0ROv2s=,KiDKCK4eDU8tI7JnCwPgDOYBmLA=
2,-13,4GA2j3ip46xNn997a7iCS0ROv2s=,KiDKCK4eDU8tI7JnCwPgDOYBmLA=
3,-13,4GA2j3ip46xNn997a7iCS0ROv2s=,KiDKCK4eDU8tI7JnCwPgDOYBmLA=
4,-13,4GA2j3ip46xNn997a7iCS0ROv2s=,KiDKCK4eDU8tI7JnCwPgDOYBmLA=
5,-13,4GA2j3ip46xNn997a7iCS0ROv2s=,KiDKCK4eDU8tI7JnCwPgDOYBmLA=
6,-13,4GA2j3ip46xNn997a7iCS0ROv2s=,KiDKCK4eDU8tI7JnCwPgDOYBmLA=
7,-13,4GA2j3ip46xNn997a7iCS0ROv2s=,KiDKCK4eDU8tI7JnCwPgDOYBmLA=
8,-13,4GA2j3ip46xNn997a7iCS0ROv2s=,KiDKCK4eDU8tI7JnCwPgDOYBmLA=
9,-13,4GA2j3ip46xNn997a7iCS0ROv2s=,KiDKCK4eDU8tI7JnCwPgDOYBmLA=
10,-13,4GA2j3ip46xNn997a7iCS0ROv2s=,KiDKCK4eDU8tI7JnCwPgDOYBmLA=
11,-13,4GA2j3ip46xNn997a7iCS0ROv2s=,KiDKCK4eDU8tI7JnCwPgDOYBmLA=
12,-13,4GA2j3ip46xNn997a7iCS0ROv2s=,KiDKCK4eDU8tI7JnCwPgDOYBmLA=
13,-13,4GA2j3ip46xNn997a7iCS0ROv2s=,KiDKCK4eDU8tI7JnCwPgDOYBmLA=
14,-13,4GA2j3ip46xNn997a7iCS0ROv2s=,KiDKCK4eDU8tI7JnCwPgDOYBmLA=
15,-13,4GA2j3ip46xNn997a7iCS0ROv2s=,KiDKCK4eDU8tI7JnCwPgDOYBmLA=
0,-12,4GA2j3ip46xNn997a7iCS0ROv2s=,KiDKCK4eDU8tI7JnCwPgDOYBmLA=
3,-16,4GA2j3ip46xNn997a7iCS0ROv2s=,KiDKCK4eDU8tI7JnCwPgDOYBmLA=
1,-12,4GA2j3ip46xNn997a7iCS0ROv2s=,KiDKCK4eDU8tI7JnCwPgDOYBmLA=
2,-12,4GA2j3ip46xNn997a7iCS0ROv2s=,KiDKCK4eDU8tI7JnCwPgDOYBmLA=
3,-12,4GA2j3ip46xNn997a7iCS0ROv2s=,KiDKCK4eDU8tI7JnCwPgDOYBmLA=
4,-12,4GA2j3ip46xNn997a7iCS0ROv2s=,KiDKCK4eDU8tI7JnCwPgDOYBmLA=
5,-12,4GA2j3ip46xNn997a7iCS0ROv2s=,KiDKCK4eDU8tI7JnCwPgDOYBmLA=
6,-12,4GA2j3ip46xNn997a7iCS0ROv2s=,KiDKCK4eDU8tI7JnCwPgDOYBmLA=
7,-12,4GA2j3ip46xNn997a7iCS0ROv2s=,KiDKCK4eDU8tI7JnCwPgDOYBmLA=
8,-12,4GA2j3ip46xNn997a7iCS0ROv2s=,KiDKCK4eDU8tI7JnCwPgDOYBmLA=
9,-12,4GA2j3ip46xNn997a7iCS0ROv2s=,KiDKCK4eDU8tI7JnCwPgDOYBmLA=
10,-12,4GA2j3ip46xNn997a7iCS0ROv2s=,KiDKCK4eDU8tI7JnCwPgDOYBmLA=
11,-12,4GA2j3ip46xNn997a7iCS0ROv2s=,KiDKCK4eDU8tI7JnCwPgDOYBmLA=
12,-12,4GA2j3ip46xNn997a7iCS0ROv2s=,KiDKCK4eDU8tI7JnCwPgDOYBmLA=
13,-12,4GA2j3ip46xNn997a7iCS0ROv2s=,KiDKCK4eDU8tI7JnCwPgDOYBmLA=
14,-12,4GA2j3ip46xNn997a7iCS0ROv2s=,KiDKCK4eDU8tI7JnCwPgDOYBmLA=
15,-12,4GA2j3ip46xNn997a7iCS0ROv2s=,KiDKCK4eDU8tI7JnCwPgDOYBmLA=
0,-11,4GA2j3ip46xNn997a7iCS0ROv2s=,KiDKCK4eDU8tI7JnCwPgDOYBmLA=
4,-16,4GA2j3ip46xNn997a7iCS0ROv2s=,KiDKCK4eDU8tI7JnCwPgDOYBmLA=
1,-11,4GA2j3ip46xNn997a7iCS0ROv2s=,KiDKCK4eDU8tI7JnCwPgDOYBmLA=
2,-11,4GA2j3ip46xNn997a7iCS0ROv2s=,KiDKCK4eDU8tI7JnCwPgDOYBmLA=
3,-11,4GA2j3ip46xNn997a7iCS0ROv2s=,KiDKCK4eDU8tI7JnCwPgDOYBmLA=
4,-11,4GA2j3ip46xNn997a7iCS0ROv2s=,KiDKCK4eDU8tI7JnCwPgDOYBmLA=
5,-11,4GA2j3ip46xNn997a7iCS0ROv2s=,KiDKCK4eDU8tI7JnCwPgDOYBmLA=
6,-11,4GA2j3ip46xNn997a7iCS0ROv2s=,KiDKCK4eDU8tI7JnCwPgDOYBmLA=
7,-11,4GA2j3ip46xNn997a7iCS0ROv2s=,KiDKCK4eDU8tI7JnCwPgDOYBmLA=
8,-11,4GA2j3ip46xNn997a7iCS0ROv2s=,KiDKCK4eDU8tI7JnCwPgDOYBmLA=
9,-11,4GA2j3ip46xNn997a7iCS0ROv2s=,KiDKCK4eDU8tI7JnCwPgDOYBmLA=
10,-11,4GA2j3ip46xNn997a7iCS0ROv2s=,KiDKCK4eDU8tI7JnCwPgDOYBmLA=
11,-11,4GA2j3ip46xNn997a7iCS0ROv2s=,KiDKCK4eDU8tI7JnCwPgDOYBmLA=
12,-11,4GA2j3ip46xNn997a7iCS0ROv2s=,KiDKCK4eDU8tI7JnCwPgDOYBmLA=
13,-11,4GA2j3ip46xNn997a7iCS0ROv2s=,KiDKCK4eDU8tI7JnCwPgDOYBmLA=
14,-11,4GA2j3ip46xNn997a7iCS0ROv2s=,KiDKCK4eDU8tI7JnCwPgDOYBmLA=
15,-11,4GA2j3ip46xNn997a7iCS0ROv2s=,KiDKCK4eDU8tI7JnCwPgDOYBmLA=
0,-10,4GA2j3ip46xNn997a7iCS0ROv2s=,KiDKCK4eDU8tI7JnCwPgDOYBmLA=
5,-16,4GA2j3ip46xNn997a7iCS0ROv2s=,KiDKCK4eDU8tI7JnCwPgDOYBmLA=
1,-10,4GA2j3ip46xNn997a7iCS0ROv2s=,KiDKCK4eDU8tI7JnCwPgDOYBmLA=
2,-10,4GA2j3ip46xNn997a7iCS0ROv2s=,KiDKCK4eDU8tI7JnCwPgDOYBmLA=
3,-10,4GA2j3ip46xNn997a7iCS0ROv2s=,KiDKCK4eDU8tI7JnCwPgDOYBmLA=
4,-10,4GA2j3ip46xNn997a7iCS0ROv2s=,KiDKCK4eDU8tI7JnCwPgDOYBmLA=
5,-10,4GA2j3ip46xNn997a7iCS0ROv2s=,KiDKCK4eDU8tI7JnCwPgDOYBmLA=
6,-10,4GA2j3ip46xNn997a7iCS0ROv2s=,KiDKCK4eDU8tI7JnCwPgDOYBmLA=
7,-10,4GA2j3ip46xNn997a7iCS0ROv2s=,KiDKCK4eDU8tI7JnCwPgDOYBmLA=
8,-10,4GA2j3ip46xNn997a7iCS0ROv2s=,KiDKCK4eDU8tI7JnCwPgDOYBmLA=
9,-10,4GA2j3ip46xNn997a7iCS0ROv2s=,KiDKCK4eDU8tI7JnCwPgDOYBmLA=
10,-10,4GA2j3ip46xNn997a7iCS0ROv2s=,KiDKCK4eDU8tI7JnCwPgDOYBmLA=
11,-10,4GA2j3ip46xNn997a7iCS0ROv2s=,KiDKCK4eDU8tI7JnCwPgDOYBmLA=
12,-10,4GA2j3ip46xNn997a7iCS0ROv2s=,KiDKCK4eDU8tI7JnCwPgDOYBmLA=
13,-10,4GA2j3ip46xNn997a7iCS0ROv2s=,KiDKCK4eDU8tI7JnCwPgDOYBmLA=
14,-10,4GA2j3ip46xNn997a7iCS0ROv2s=,KiDKCK4eDU8tI7JnCwPgDOYBmLA=
15,-10,4GA2j3ip46xNn997a7iCS0ROv2s=,KiDKCK4eDU8tI7JnCwPgDOYBmLA=
0,-9,4GA2j3ip46xNn997a7iCS0ROv2s=,KiDKCK4eDU8tI7JnCwPgDOYBmLA=
6,-16,4GA2j3ip46xNn997a7iCS0ROv2s=,KiDKCK4eDU8tI7JnCwPgDOYBmLA=
1,-9,4GA2j3ip46xNn997a7iCS0ROv2s=,KiDKCK4eDU8tI7JnCwPgDOYBmLA=
2,-9,4GA2j3ip46xNn997a7iCS0ROv2s=,KiDKCK4eDU8tI7JnCwPgDOYBmLA=
3,-9,4GA2j3ip46xNn997a7iCS0ROv2s=,KiDKCK4eDU8tI7JnCwPgDOYBmLA=
4,-9,4GA2j3ip46xNn997a7iCS0ROv2s=,KiDKCK4eDU8tI7JnCwPgDOYBmLA=
5,-9,4GA2j3ip46xNn997a7iCS0ROv2s=,KiDKCK4eDU8tI7JnCwPgDOYBmLA=
6,-9,4GA2j3ip46xNn997a7iCS0ROv2s=,KiDKCK4eDU8tI7JnCwPgDOYBmLA=
7,-9,4GA2j3ip46xNn997a7iCS0ROv2s=,KiDKCK4eDU8tI7JnCwPgDOYBmLA=
8,-9,4GA2j3ip46xNn997a7iCS0ROv2s=,KiDKCK4eDU8tI7JnCwPgDOYBmLA=
9,-9,4GA2j3ip46xNn997a7iCS0ROv2s=,KiDKCK4eDU8tI7JnCwPgDOYBmLA=
10,-9,4GA2j3ip46xNn997a7iCS0ROv2s=,KiDKCK4eDU8tI7JnCwPgDOYBmLA=
11,-9,4GA2j3ip46xNn997a7iCS0ROv2s=,KiDKCK4eDU8tI7JnCwPgDOYBmLA=
12,-9,4GA2j3ip46xNn997a7iCS0ROv2s=,KiDKCK4eDU8tI7JnCwPgDOYBmLA=
13,-9,4GA2j3ip46xNn997a7iCS0ROv2s=,KiDKCK4eDU8tI7JnCwPgDOYBmLA=
14,-9,4GA2j3ip46xNn997a7iCS0ROv2s=,KiDKCK4eDU8tI7JnCwPgDOYBmLA=
15,-9,4GA2j3ip46xNn997a7iCS0ROv2s=,KiDKCK4eDU8tI7JnCwPgDOYBmLA=
0,-8,4GA2j3ip46xNn997a7iCS0ROv2s=,KiDKCK4eDU8tI7JnCwPgDOYBmLA=
7,-16,4GA2j3ip46xNn997a7iCS0ROv2s=,KiDKCK4eDU8tI7JnCwPgDOYBmLA=
1,-8,4GA2j3ip46xNn997a7iCS0ROv2s=,KiDKCK4eDU8tI7JnCwPgDOYBmLA=
2,-8,4GA2j3ip46xNn997a7iCS0ROv2s=,KiDKCK4eDU8tI7JnCwPgDOYBmLA=
3,-8,4GA2j3ip46xNn997a7iCS0ROv2s=,KiDKCK4eDU8tI7JnCwPgDOYBmLA=
4,-8,4GA2j3ip46xNn997a7iCS0ROv2s=,KiDKCK4eDU8tI7JnCwPgDOYBmLA=
5,-8,4GA2j3ip46xNn997a7iCS0ROv2s=,KiDKCK4eDU8tI7JnCwPgDOYBmLA=
6,-8,4GA2j3ip46xNn997a7iCS0ROv2s=,KiDKCK4eDU8tI7JnCwPgDOYBmLA=
7,-8,4GA2j3ip46xNn997a7iCS0ROv2s=,KiDKCK4eDU8tI7JnCwPgDOYBmLA=
8,-8,4GA2j3ip46xNn997a7iCS0ROv2s=,KiDKCK4eDU8tI7JnCwPgDOYBmLA=
9,-8,4GA2j3ip46xNn997a7iCS0ROv2s=,KiDKCK4eDU8tI7JnCwPgDOYBmLA=
10,-8,4GA2j3ip46xNn997a7iCS0ROv2s=,KiDKCK4eDU8tI7JnCwPgDOYBmLA=
11,-8,4GA2j3ip46xNn997a7iCS0ROv2s=,KiDKCK4eDU8tI7JnCwPgDOYBmLA=
12,-8,4GA2j3ip46xNn997a7iCS0ROv2s=,KiDKCK4eDU8tI7JnCwPgDOYBmLA=
13,-8,4GA2j3ip46xNn997a7iCS0ROv2s=,KiDKCK4eDU8tI7JnCwPgDOYBmLA=
14,-8,4GA2j3ip46xNn997a7iCS0ROv2s=,KiDKCK4eDU8tI7JnCwPgDOYBmLA=
15,-8,4GA2j3ip46xNn997a7iCS0ROv2s=,KiDKCK4eDU8tI7JnCwPgDOYBmLA=
0,-7,4GA2j3ip46xNn997a7iCS0ROv2s=,KiDKCK4eDU8tI7JnCwPgDOYBmLA=
8,-16,4GA2j3ip46xNn997a7iCS0ROv2s=,KiDKCK4eDU8tI7JnCwPgDOYBmLA=
1,-7,4GA2j3ip46xNn997a7iCS0ROv2s=,KiDKCK4eDU8tI7JnCwPgDOYBmLA=
2,-7,4GA2j3ip46xNn997a7iCS0ROv2s=,KiDKCK4eDU8tI7JnCwPgDOYBmLA=
3,-7,4GA2j3ip46xNn997a7iCS0ROv2s=,KiDKCK4eDU8tI7JnCwPgDOYBmLA=
4,-7,4GA2j3ip46xNn997a7iCS0ROv2s=,KiDKCK4eDU8tI7JnCwPgDOYBmLA=
5,-7,4GA2j3ip46xNn997a7iCS0ROv2s=,KiDKCK4eDU8tI7JnCwPgDOYBmLA=
6,-7,4GA2j3ip46xNn997a7iCS0ROv2s=,KiDKCK4eDU8tI7JnCwPgDOYBmLA=
7,-7,4GA2j3ip46xNn997a7iCS0ROv2s=,KiDKCK4eDU8tI7JnCwPgDOYBmLA=
8,-7,4GA2j3ip46xNn997a7iCS0ROv2s=,KiDKCK4eDU8tI7JnCwPgDOYBmLA=
9,-7,4GA2j3ip46xNn997a7iCS0ROv2s=,KiDKCK4eDU8tI7JnCwPgDOYBmLA=
10,-7,4GA2j3ip46xNn997a7iCS0ROv2s=,KiDKCK4eDU8tI7JnCwPgDOYBmLA=
11,-7,4GA2j3ip46xNn997a7iCS0ROv2s=,KiDKCK4eDU8tI7JnCwPgDOYBmLA=
12,-7,4GA2j3ip46xNn997a7iCS0ROv2s=,KiDKCK4eDU8tI7JnCwPgDOYBmLA=
13,-7,4GA2j3ip46xNn997a7iCS0ROv2s=,KiDKCK4eDU8tI7JnCwPgDOYBmLA=
14,-7,4GA2j3ip46xNn997a7iCS0ROv2s=,KiDKCK4eDU8tI7JnCwPgDOYBmLA=
15,-7,4GA2j3ip46xNn997a7iCS0ROv2s=,KiDKCK4eDU8tI7JnCwPgDOYBmLA=
0,-6,4GA2j3ip46xNn997a7iCS0ROv2s=,KiDKCK4eDU8tI7JnCwPgDOYBmLA=
9,-16,4GA2j3ip46xNn997a7iCS0ROv2s=,KiDKCK4eDU8tI7JnCwPgDOYBmLA=
1,-6,4GA2j3ip46xNn997a7iCS0ROv2s=,KiDKCK4eDU8tI7JnCwPgDOYBmLA=
2,-6,4GA2j3ip46xNn997a7iCS0ROv2s=,KiDKCK4eDU8tI7JnCwPgDOYBmLA=
3,-6,4GA2j3ip46xNn997a7iCS0ROv2s=,KiDKCK4eDU8tI7JnCwPgDOYBmLA=
4,-6,4GA2j3ip46xNn997a7iCS0ROv2s=,KiDKCK4eDU8tI7JnCwPgDOYBmLA=
5,-6,4GA2j3ip46xNn997a7iCS0ROv2s=,KiDKCK4eDU8tI7JnCwPgDOYBmLA=
6,-6,4GA2j3ip46xNn997a7iCS0ROv2s=,KiDKCK4eDU8tI7JnCwPgDOYBmLA=
7,-6,4GA2j3ip46xNn997a7iCS0ROv2s=,KiDKCK4eDU8tI7JnCwPgDOYBmLA=
8,-6,4GA2j3ip46xNn997a7iCS0ROv2s=,KiDKCK4eDU8tI7JnCwPgDOYBmLA=
9,-6,4GA2j3ip46xNn997a7iCS0ROv2s=,KiDKCK4eDU8tI7JnCwPgDOYBmLA=
10,-6,4GA2j3ip46xNn997a7iCS0ROv2s=,KiDKCK4eDU8tI7JnCwPgDOYBmLA=
11,-6,4GA2j3ip46xNn997a7iCS0ROv2s=,KiDKCK4eDU8tI7JnCwPgDOYBmLA=
12,-6,4GA2j3ip46xNn997a7iCS0ROv2s=,KiDKCK4eDU8tI7JnCwPgDOYBmLA=
13,-6,4GA2j3ip46xNn997a7iCS0ROv2s=,KiDKCK4eDU8tI7JnCwPgDOYBmLA=
14,-6,4GA2j3ip46xNn997a7iCS0ROv2s=,KiDKCK4eDU8tI7JnCwPgDOYBmLA=
15,-6,4GA2j3ip46xNn997a7iCS0ROv2s=,KiDKCK4eDU8tI7JnCwPgDOYBmLA=
0,-5,4GA2j3ip46xNn997a7iCS0ROv2s=,KiDKCK4eDU8tI7JnCwPgDOYBmLA=
10,-16,4GA2j3ip46xNn997a7iCS0ROv2s=,KiDKCK4eDU8tI7JnCwPgDOYBmLA=
1,-5,4GA2j3ip46xNn997a7iCS0ROv2s=,KiDKCK4eDU8tI7JnCwPgDOYBmLA=
2,-5,4GA2j3ip46xNn997a7iCS0ROv2s=,KiDKCK4eDU8tI7JnCwPgDOYBmLA=
3,-5,4GA2j3ip46xNn997a7iCS0ROv2s=,KiDKCK4eDU8tI7JnCwPgDOYBmLA=
4,-5,4GA2j3ip46xNn997a7iCS0ROv2s=,KiDKCK4eDU8tI7JnCwPgDOYBmLA=
5,-5,4GA2j3ip46xNn997a7iCS0ROv2s=,KiDKCK4eDU8tI7JnCwPgDOYBmLA=
6,-5,4GA2j3ip46xNn997a7iCS0ROv2s=,KiDKCK4eDU8tI7JnCwPgDOYBmLA=
7,-5,4GA2j3ip46xNn997a7iCS0ROv2s=,KiDKCK4eDU8tI7JnCwPgDOYBmLA=
8,-5,4GA2j3ip46xNn997a7iCS0ROv2s=,KiDKCK4eDU8tI7JnCwPgDOYBmLA=
9,-5,4GA2j3ip46xNn997a7iCS0ROv2s=,KiDKCK4eDU8tI7JnCwPgDOYBmLA=
10,-5,4GA2j3ip46xNn997a7iCS0ROv2s=,KiDKCK4eDU8tI7JnCwPgDOYBmLA=
11,-5,4GA2j3ip46xNn997a7iCS0ROv2s=,KiDKCK4eDU8tI7JnCwPgDOYBmLA=
12,-5,4GA2j3ip46xNn997a7iCS0ROv2s=,KiDKCK4eDU8tI7JnCwPgDOYBmLA=
13,-5,4GA2j3ip46xNn997a7iCS0ROv2s=,KiDKCK4eDU8tI7JnCwPgDOYBmLA=
14,-5,4GA2j3ip46xNn997a7iCS0ROv2s=,KiDKCK4eDU8tI7JnCwPgDOYBmLA=
15,-5,4GA2j3ip46xNn997a7iCS0ROv2s=,KiDKCK4eDU8tI7JnCwPgDOYBmLA=
0,-4,4GA2j3ip46xNn997a7iCS0ROv2s=,KiDKCK4eDU8tI7JnCwPgDOYBmLA=
11,-16,4GA2j3ip46xNn997a7iCS0ROv2s=,KiDKCK4eDU8tI7JnCwPgDOYBmLA=
1,-4,4GA2j3ip46xNn997a7iCS0ROv2s=,KiDKCK4eDU8tI7JnCwPgDOYBmLA=
2,-4,4GA2j3ip46xNn997a7iCS0ROv2s=,KiDKCK4eDU8tI7JnCwPgDOYBmLA=
3,-4,4GA2j3ip46xNn997a7iCS0ROv2s=,KiDKCK4eDU8tI7JnCwPgDOYBmLA=
4,-4,4GA2j3ip46xNn997a7iCS0ROv2s=,KiDKCK4eDU8tI7JnCwPgDOYBmLA=
5,-4,4GA2j3ip46xNn997a7iCS0ROv2s=,KiDKCK4eDU8tI7JnCwPgDOYBmLA=
6,-4,4GA2j3ip46xNn997a7iCS0ROv2s=,KiDKCK4eDU8tI7JnCwPgDOYBmLA=
7,-4,4GA2j3ip46xNn997a7iCS0ROv2s=,KiDKCK4eDU8tI7JnCwPgDOYBmLA=
8,-4,4GA2j3ip46xNn997a7iCS0ROv2s=,KiDKCK4eDU8tI7JnCwPgDOYBmLA=
9,-4,4GA2j3ip46xNn997a7iCS0ROv2s=,KiDKCK4eDU8tI7JnCwPgDOYBmLA=
10,-4,4GA2j3ip46xNn997a7iCS0ROv2s=,KiDKCK4eDU8tI7JnCwPgDOYBmLA=
11,-4,4GA2j3ip46xNn997a7iCS0ROv2s=,KiDKCK4eDU8tI7JnCwPgDOYBmLA=
12,-4,4GA2j3ip46xNn997a7iCS0ROv2s=,KiDKCK4eDU8tI7JnCwPgDOYBmLA=
13,-4,4GA2j3ip46xNn997a7iCS0ROv2s=,KiDKCK4eDU8tI7JnCwPgDOYBmLA=
14,-4,4GA2j3ip46xNn997a7iCS0ROv2s=,KiDKCK4eDU8tI7JnCwPgDOYBmLA=
15,-4,4GA2j3ip46xNn997a7iCS0ROv2s=,KiDKCK4eDU8tI7JnCwPgDOYBmLA=
0,-3,4GA2j3ip46xNn997a7iCS0ROv2s=,KiDKCK4eDU8tI7JnCwPgDOYBmLA=
12,-16,4GA2j3ip46xNn997a7iCS0ROv2s=,KiDKCK4eDU8tI7JnCwPgDOYBmLA=
1,-3,4GA2j3ip46xNn997a7iCS0ROv2s=,KiDKCK4eDU8tI7JnCwPgDOYBmLA=
2,-3,4GA2j3ip46xNn997a7iCS0ROv2s=,KiDKCK4eDU8tI7JnCwPgDOYBmLA=
3,-3,4GA2j3ip46xNn997a7iCS0ROv2s=,KiDKCK4eDU8tI7JnCwPgDOYBmLA=
4,-3,4GA2j3ip46xNn997a7iCS0ROv2s=,KiDKCK4eDU8tI7JnCwPgDOYBmLA=
5,-3,4GA2j3ip46xNn997a7iCS0ROv2s=,KiDKCK4eDU8tI7JnCwPgDOYBmLA=
6,-3,4GA2j3ip46xNn997a7iCS0ROv2s=,KiDKCK4eDU8tI7JnCwPgDOYBmLA=
7,-3,4GA2j3ip46xNn997a7iCS0ROv2s=,KiDKCK4eDU8tI7JnCwPgDOYBmLA=
8,-3,4GA2j3ip46xNn997a7iCS0ROv2s=,KiDKCK4eDU8tI7JnCwPgDOYBmLA=
9,-3,4GA2j3ip46xNn997a7iCS0ROv2s=,KiDKCK4eDU8tI7JnCwPgDOYBmLA=
10,-3,4GA2j3ip46xNn997a7iCS0ROv2s=,KiDKCK4eDU8tI7JnCwPgDOYBmLA=
11,-3,4GA2j3ip46xNn997a7iCS0ROv2s=,KiDKCK4eDU8tI7JnCwPgDOYBmLA=
12,-3,4GA2j3ip46xNn997a7iCS0ROv2s=,KiDKCK4eDU8tI7JnCwPgDOYBmLA=
13,-3,4GA2j3ip46xNn997a7iCS0ROv2s=,KiDKCK4eDU8tI7JnCwPgDOYBmLA=
14,-3,4GA2j3ip46xNn997a7iCS0ROv2s=,KiDKCK4eDU8tI7JnCwPgDOYBmLA=
15,-3,4GA2j3ip46xNn997a7iCS0ROv2s=,KiDKCK4eDU8tI7JnCwPgDOYBmLA=
0,-2,4GA2j3ip46xNn997a7iCS0ROv2s=,KiDKCK4eDU8tI7JnCwPgDOYBmLA=
13,-16,4GA2j3ip46xNn997a7iCS0ROv2s=,KiDKCK4eDU8tI7JnCwPgDOYBmLA=
1,-2,4GA2j3ip46xNn997a7iCS0ROv2s=,KiDKCK4eDU8tI7JnCwPgDOYBmLA=
2,-2,4GA2j3ip46xNn997a7iCS0ROv2s=,KiDKCK4eDU8tI7JnCwPgDOYBmLA=
3,-2,4GA2j3ip46xNn997a7iCS0ROv2s=,KiDKCK4eDU8tI7JnCwPgDOYBmLA=
4,-2,4GA2j3ip46xNn997a7iCS0ROv2s=,KiDKCK4eDU8tI7JnCwPgDOYBmLA=
5,-2,4GA2j3ip46xNn997a7iCS0ROv2s=,KiDKCK4eDU8tI7JnCwPgDOYBmLA=
6,-2,4GA2j3ip46xNn997a7iCS0ROv2s=,KiDKCK4eDU8tI7JnCwPgDOYBmLA=
7,-2,4GA2j3ip46xNn997a7iCS0ROv2s=,KiDKCK4eDU8tI7JnCwPgDOYBmLA=
8,-2,4GA2j3ip46xNn997a7iCS0ROv2s=,KiDKCK4eDU8tI7JnCwPgDOYBmLA=
9,-2,4GA2j3ip46xNn997a7iCS0ROv2s=,KiDKCK4eDU8tI7JnCwPgDOYBmLA=
10,-2,4GA2j3ip46xNn997a7iCS0ROv2s=,KiDKCK4eDU8tI7JnCwPgDOYBmLA=
11,-2,4GA2j3ip46xNn997a7iCS0ROv2s=,KiDKCK4eDU8tI7JnCwPgDOYBmLA=
12,-2,4GA2j3ip46xNn997a7iCS0ROv2s=,KiDKCK4eDU8tI7JnCwPgDOYBmLA=
13,-2,4GA2j3ip46xNn997a7iCS0ROv2s=,KiDKCK4eDU8tI7JnCwPgDOYBmLA=
14,-2,4GA2j3ip46xNn997a7iCS0ROv2s=,KiDKCK4eDU8tI7JnCwPgDOYBmLA=
15,-2,4GA2j3ip46xNn997a7iCS0ROv2s=,KiDKCK4eDU8tI7JnCwPgDOYBmLA=
0,-1,4GA2j3ip46xNn997a7iCS0ROv2s=,KiDKCK4eDU8tI7JnCwPgDOYBmLA=
14,-16,4GA2j3ip46xNn997a7iCS0ROv2s=,KiDKCK4eDU8tI7JnCwPgDOYBmLA=
1,-1,4GA2j3ip46xNn997a7iCS0ROv2s=,KiDKCK4eDU8tI7JnCwPgDOYBmLA=
2,-1,4GA2j3ip46xNn997a7iCS0ROv2s=,KiDKCK4eDU8tI7JnCwPgDOYBmLA=
3,-1,4GA2j3ip46xNn997a7iCS0ROv2s=,KiDKCK4eDU8tI7JnCwPgDOYBmLA=
4,-1,4GA2j3ip46xNn997a7iCS0ROv2s=,KiDKCK4eDU8tI7JnCwPgDOYBmLA=
5,-1,4GA2j3ip46xNn997a7iCS0ROv2s=,KiDKCK4eDU8tI7JnCwPgDOYBmLA=
6,-1,4GA2j3ip46xNn997a7iCS0ROv2s=,KiDKCK4eDU8tI7JnCwPgDOYBmLA=
7,-1,4GA2j3ip46xNn997a7iCS0ROv2s=,KiDKCK4eDU8tI7JnCwPgDOYBmLA=
8,-1,4GA2j3ip46xNn997a7iCS0ROv2s=,KiDKCK4eDU8tI7JnCwPgDOYBmLA=
9,-1,4GA2j3ip46xNn997a7iCS0ROv2s=,KiDKCK4eDU8tI7JnCwPgDOYBmLA=
10,-1,4GA2j3ip46xNn997a7iCS0ROv2s=,KiDKCK4eDU8tI7JnCwPgDOYBmLA=
11,-1,4GA2j3ip46xNn997a7iCS0ROv2s=,KiDKCK4eDU8tI7JnCwPgDOYBmLA=
12,-1,4GA2j3ip46xNn997a7iCS0ROv2s=,KiDKCK4eDU8tI7JnCwPgDOYBmLA=
13,-1,4GA2j3ip46xNn997a7iCS0ROv2s=,KiDKCK4eDU8tI7JnCwPgDOYBmLA=
14,-1,4GA2j3ip46xNn997a7iCS0ROv2s=,KiDKCK4eDU8tI7JnCwPgDOYBmLA=
15,-1,4GA2j3ip46xNn997a7iCS0ROv2s=,KiDKCK4eDU8tI7JnCwPgDOYBmLA=
15,-16,4GA2j3ip46xNn997a7iCS0ROv2s=,KiDKCK4eDU8tI7JnCwPgDOYBmLA=
16,-15,0C8xmJukHcf9aBvEpdEFf3glYMY=,KiDKCK4eDU8tI7JnCwPgDOYBmLA=
31,-1,0C8xmJukHcf9aBvEpdEFf3glYMY=,KiDKCK4eDU8tI7JnCwPgDOYBmLA=
30,-1,0C8xmJukHcf9aBvEpdEFf3glYMY=,KiDKCK4eDU8tI7JnCwPgDOYBmLA=
31,-16,0C8xmJukHcf9aBvEpdEFf3glYMY=,KiDKCK4eDU8tI7JnCwPgDOYBmLA=
30,-16,8aaGyWA8yCg//QNR+5rXHFqLKds=,KiDKCK4eDU8tI7JnCwPgDOYBmLA=
29,-16,8aaGyWA8yCg//QNR+5rXHFqLKds=,KiDKCK4eDU8tI7JnCwPgDOYBmLA=
28,-16,8aaGyWA8yCg//QNR+5rXHFqLKds=,KiDKCK4eDU8tI7JnCwPgDOYBmLA=
27,-16,8aaGyWA8yCg//QNR+5rXHFqLKds=,KiDKCK4eDU8tI7JnCwPgDOYBmLA=
26,-16,8aaGyWA8yCg//QNR+5rXHFqLKds=,KiDKCK4eDU8tI7JnCwPgDOYBmLA=
25,-16,8aaGyWA8yCg//QNR+5rXHFqLKds=,KiDKCK4eDU8tI7JnCwPgDOYBmLA=
24,-16,8aaGyWA8yCg//QNR+5rXHFqLKds=,KiDKCK4eDU8tI7JnCwPgDOYBmLA=
23,-16,8aaGyWA8yCg//QNR+5rXHFqLKds=,KiDKCK4eDU8tI7JnCwPgDOYBmLA=
22,-16,8aaGyWA8yCg//QNR+5rXHFqLKds=,KiDKCK4eDU8tI7JnCwPgDOYBmLA=
21,-16,8aaGyWA8yCg//QNR+5rXHFqLKds=,KiDKCK4eDU8tI7JnCwPgDOYBmLA=
20,-16,8aaGyWA8yCg//QNR+5rXHFqLKds=,KiDKCK4eDU8tI7JnCwPgDOYBmLA=
19,-16,8aaGyWA8yCg//QNR+5rXHFqLKds=,KiDKCK4eDU8tI7JnCwPgDOYBmLA=
18,-16,8aaGyWA8yCg//QNR+5rXHFqLKds=,KiDKCK4eDU8tI7JnCwPgDOYBmLA=
17,-16,8aaGyWA8yCg//QNR+5rXHFqLKds=,KiDKCK4eDU8tI7JnCwPgDOYBmLA=
29,-1,8aaGyWA8yCg//QNR+5rXHFqLKds=,KiDKCK4eDU8tI7JnCwPgDOYBmLA=
16,-16,8aaGyWA8yCg//QNR+5rXHFqLKds=,KiDKCK4eDU8tI7JnCwPgDOYBmLA=
28,-1,8aaGyWA8yCg//QNR+5rXHFqLKds=,KiDKCK4eDU8tI7JnCwPgDOYBmLA=
27,-1,8aaGyWA8yCg//QNR+5rXHFqLKds=,KiDKCK4eDU8tI7JnCwPgDOYBmLA=
26,-1,8aaGyWA8yCg//QNR+5rXHFqLKds=,KiDKCK4eDU8tI7JnCwPgDOYBmLA=
25,-1,8aaGyWA8yCg//QNR+5rXHFqLKds=,KiDKCK4eDU8tI7JnCwPgDOYBmLA=
24,-1,8aaGyWA8yCg//QNR+5rXHFqLKds=,KiDKCK4eDU8tI7JnCwPgDOYBmLA=
23,-1,8aaGyWA8yCg//QNR+5rXHFqLKds=,KiDKCK4eDU8tI7JnCwPgDOYBmLA=
22,-1,8aaGyWA8yCg//QNR+5rXHFqLKds=,KiDKCK4eDU8tI7JnCwPgDOYBmLA=
21,-1,8aaGyWA8yCg//QNR+5rXHFqLKds=,KiDKCK4eDU8tI7JnCwPgDOYBmLA=
20,-1,8aaGyWA8yCg//QNR+5rXHFqLKds=,KiDKCK4eDU8tI7JnCwPgDOYBmLA=
19,-1,8aaGyWA8yCg//QNR+5rXHFqLKds=,KiDKCK4eDU8tI7JnCwPgDOYBmLA=
18,-1,8aaGyWA8yCg//QNR+5rXHFqLKds=,KiDKCK4eDU8tI7JnCwPgDOYBmLA=
17,-1,8aaGyWA8yCg//QNR+5rXHFqLKds=,KiDKCK4eDU8tI7JnCwPgDOYBmLA=
16,-1,8aaGyWA8yCg//QNR+5rXHFqLKds=,KiDKCK4eDU8tI7JnCwPgDOYBmLA=
31,-2,8aaGyWA8yCg//QNR+5rXHFqLKds=,KiDKCK4eDU8tI7JnCwPgDOYBmLA=
30,-2,8aaGyWA8yCg//QNR+5rXHFqLKds=,KiDKCK4eDU8tI7JnCwPgDOYBmLA=
29,-2,8aaGyWA8yCg//QNR+5rXHFqLKds=,KiDKCK4eDU8tI7JnCwPgDOYBmLA=
28,-2,8aaGyWA8yCg//QNR+5rXHFqLKds=,KiDKCK4eDU8tI7JnCwPgDOYBmLA=
27,-2,8aaGyWA8yCg//QNR+5rXHFqLKds=,KiDKCK4eDU8tI7JnCwPgDOYBmLA=
26,-2,8aaGyWA8yCg//QNR+5rXHFqLKds=,KiDKCK4eDU8tI7JnCwPgDOYBmLA=
25,-2,8aaGyWA8yCg//QNR+5rXHFqLKds=,KiDKCK4eDU8tI7JnCwPgDOYBmLA=
24,-2,8aaGyWA8yCg//QNR+5rXHFqLKds=,KiDKCK4eDU8tI7JnCwPgDOYBmLA=
23,-2,8aaGyWA8yCg//QNR+5rXHFqLKds=,KiDKCK4eDU8tI7JnCwPgDOYBmLA=
22,-2,8aaGyWA8yCg//QNR+5rXHFqLKds=,KiDKCK4eDU8tI7JnCwPgDOYBmLA=
21,-2,8aaGyWA8yCg//QNR+5rXHFqLKds=,KiDKCK4eDU8tI7JnCwPgDOYBmLA=
20,-2,8aaGyWA8yCg//QNR+5rXHFqLKds=,KiDKCK4eDU8tI7JnCwPgDOYBmLA=
19,-2,8aaGyWA8yCg//QNR+5rXHFqLKds=,KiDKCK4eDU8tI7JnCwPgDOYBmLA=
18,-2,8aaGyWA8yCg//QNR+5rXHFqLKds=,KiDKCK4eDU8tI7JnCwPgDOYBmLA=
17,-2,8aaGyWA8yCg//QNR+5rXHFqLKds=,KiDKCK4eDU8tI7JnCwPgDOYBmLA=
16,-2,8aaGyWA8yCg//QNR+5rXHFqLKds=,KiDKCK4eDU8tI7JnCwPgDOYBmLA=
31,-3,8aaGyWA8yCg//QNR+5rXHFqLKds=,KiDKCK4eDU8tI7JnCwPgDOYBmLA=
30,-3,8aaGyWA8yCg//QNR+5rXHFqLKds=,KiDKCK4eDU8tI7JnCwPgDOYBmLA=
29,-3,8aaGyWA8yCg//QNR+5rXHFqLKds=,KiDKCK4eDU8tI7JnCwPgDOYBmLA=
28,-3,8aaGyWA8yCg//QNR+5rXHFqLKds=,KiDKCK4eDU8tI7JnCwPgDOYBmLA=
27,-3,8aaGyWA8yCg//QNR+5rXHFqLKds=,KiDKCK4eDU8tI7JnCwPgDOYBmLA=
26,-3,8aaGyWA8yCg//QNR+5rXHFqLKds=,KiDKCK4eDU8tI7JnCwPgDOYBmLA=
25,-3,8aaGyWA8yCg//QNR+5rXHFqLKds=,KiDKCK4eDU8tI7JnCwPgDOYBmLA=
24,-3,8aaGyWA8yCg//QNR+5rXHFqLKds=,KiDKCK4eDU8tI7JnCwPgDOYBmLA=
23,-3,8aaGyWA8yCg//QNR+5rXHFqLKds=,KiDKCK4eDU8tI7JnCwPgDOYBmLA=
22,-3,8aaGyWA8yCg//QNR+5rXHFqLKds=,KiDKCK4eDU8tI7JnCwPgDOYBmLA=
21,-3,8aaGyWA8yCg//QNR+5rXHFqLKds=,KiDKCK4eDU8tI7JnCwPgDOYBmLA=
20,-3,8aaGyWA8yCg//QNR+5rXHFqLKds=,KiDKCK4eDU8tI7JnCwPgDOYBmLA=
19,-3,8aaGyWA8yCg//QNR+5rXHFqLKds=,KiDKCK4eDU8tI7JnCwPgDOYBmLA=
18,-3,8aaGyWA8yCg//QNR+5rXHFqLKds=,KiDKCK4eDU8tI7JnCwPgDOYBmLA=
17,-3,8aaGyWA8yCg//QNR+5rXHFqLKds=,KiDKCK4eDU8tI7JnCwPgDOYBmLA=
16,-3,8aaGyWA8yCg//QNR+5rXHFqLKds=,KiDKCK4eDU8tI7JnCwPgDOYBmLA=
31,-4,8aaGyWA8yCg//QNR+5rXHFqLKds=,KiDKCK4eDU8tI7JnCwPgDOYBmLA=
30,-4,8aaGyWA8yCg//QNR+5rXHFqLKds=,KiDKCK4eDU8tI7JnCwPgDOYBmLA=
29,-4,8aaGyWA8yCg//QNR+5rXHFqLKds=,KiDKCK4eDU8tI7JnCwPgDOYBmLA=
28,-4,8aaGyWA8yCg//QNR+5rXHFqLKds=,KiDKCK4eDU8tI7JnCwPgDOYBmLA=
27,-4,8aaGyWA8yCg//QNR+5rXHFqLKds=,KiDKCK4eDU8tI7JnCwPgDOYBmLA=
26,-4,8aaGyWA8yCg//QNR+5rXHFqLKds=,KiDKCK4eDU8tI7JnCwPgDOYBmLA=
25,-4,8aaGyWA8yCg//QNR+5rXHFqLKds=,KiDKCK4eDU8tI7JnCwPgDOYBmLA=
24,-4,8aaGyWA8yCg//QNR+5rXHFqLKds=,KiDKCK4eDU8tI7JnCwPgDOYBmLA=
23,-4,8aaGyWA8yCg//QNR+5rXHFqLKds=,KiDKCK4eDU8tI7JnCwPgDOYBmLA=
22,-4,8aaGyWA8yCg//QNR+5rXHFqLKds=,KiDKCK4eDU8tI7JnCwPgDOYBmLA=
21,-4,8aaGyWA8yCg//QNR+5rXHFqLKds=,KiDKCK4eDU8tI7JnCwPgDOYBmLA=
20,-4,8aaGyWA8yCg//QNR+5rXHFqLKds=,KiDKCK4eDU8tI7JnCwPgDOYBmLA=
19,-4,8aaGyWA8yCg//QNR+5rXHFqLKds=,KiDKCK4eDU8tI7JnCwPgDOYBmLA=
18,-4,8aaGyWA8yCg//QNR+5rXHFqLKds=,KiDKCK4eDU8tI7JnCwPgDOYBmLA=
17,-4,8aaGyWA8yCg//QNR+5rXHFqLKds=,KiDKCK4eDU8tI7JnCwPgDOYBmLA=
16,-4,8aaGyWA8yCg//QNR+5rXHFqLKds=,KiDKCK4eDU8tI7JnCwPgDOYBmLA=
31,-5,8aaGyWA8yCg//QNR+5rXHFqLKds=,KiDKCK4eDU8tI7JnCwPgDOYBmLA=
30,-5,8aaGyWA8yCg//QNR+5rXHFqLKds=,KiDKCK4eDU8tI7JnCwPgDOYBmLA=
29,-5,8aaGyWA8yCg//QNR+5rXHFqLKds=,KiDKCK4eDU8tI7JnCwPgDOYBmLA=
28,-5,8aaGyWA8yCg//QNR+5rXHFqLKds=,KiDKCK4eDU8tI7JnCwPgDOYBmLA=
27,-5,8aaGyWA8yCg//QNR+5rXHFqLKds=,KiDKCK4eDU8tI7JnCwPgDOYBmLA=
26,-5,8aaGyWA8yCg//QNR+5rXHFqLKds=,KiDKCK4eDU8tI7JnCwPgDOYBmLA=
25,-5,8aaGyWA8yCg//QNR+5rXHFqLKds=,KiDKCK4eDU8tI7JnCwPgDOYBmLA=
24,-5,8aaGyWA8yCg//QNR+5rXHFqLKds=,KiDKCK4eDU8tI7JnCwPgDOYBmLA=
23,-5,8aaGyWA8yCg//QNR+5rXHFqLKds=,KiDKCK4eDU8tI7JnCwPgDOYBmLA=
22,-5,8aaGyWA8yCg//QNR+5rXHFqLKds=,KiDKCK4eDU8tI7JnCwPgDOYBmLA=
21,-5,8aaGyWA8yCg//QNR+5rXHFqLKds=,KiDKCK4eDU8tI7JnCwPgDOYBmLA=
20,-5,8aaGyWA8yCg//QNR+5rXHFqLKds=,KiDKCK4eDU8tI7JnCwPgDOYBmLA=
19,-5,8aaGyWA8yCg//QNR+5rXHFqLKds=,KiDKCK4eDU8tI7JnCwPgDOYBmLA=
18,-5,8aaGyWA8yCg//QNR+5rXHFqLKds=,KiDKCK4eDU8tI7JnCwPgDOYBmLA=
17,-5,8aaGyWA8yCg//QNR+5rXHFqLKds=,KiDKCK4eDU8tI7JnCwPgDOYBmLA=
16,-5,8aaGyWA8yCg//QNR+5rXHFqLKds=,KiDKCK4eDU8tI7JnCwPgDOYBmLA=
31,-6,8aaGyWA8yCg//QNR+5rXHFqLKds=,KiDKCK4eDU8tI7JnCwPgDOYBmLA=
30,-6,8aaGyWA8yCg//QNR+5rXHFqLKds=,KiDKCK4eDU8tI7JnCwPgDOYBmLA=
29,-6,8aaGyWA8yCg//QNR+5rXHFqLKds=,KiDKCK4eDU8tI7JnCwPgDOYBmLA=
28,-6,8aaGyWA8yCg//QNR+5rXHFqLKds=,KiDKCK4eDU8tI7JnCwPgDOYBmLA=
27,-6,8aaGyWA8yCg//QNR+5rXHFqLKds=,KiDKCK4eDU8tI7JnCwPgDOYBmLA=
26,-6,8aaGyWA8yCg//QNR+5rXHFqLKds=,KiDKCK4eDU8tI7JnCwPgDOYBmLA=
25,-6,8aaGyWA8yCg//QNR+5rXHFqLKds=,KiDKCK4eDU8tI7JnCwPgDOYBmLA=
24,-6,8aaGyWA8yCg//QNR+5rXHFqLKds=,KiDKCK4eDU8tI7JnCwPgDOYBmLA=
23,-6,8aaGyWA8yCg//QNR+5rXHFqLKds=,KiDKCK4eDU8tI7JnCwPgDOYBmLA=
22,-6,8aaGyWA8yCg//QNR+5rXHFqLKds=,KiDKCK4eDU8tI7JnCwPgDOYBmLA=
21,-6,8aaGyWA8yCg//QNR+5rXHFqLKds=,KiDKCK4eDU8tI7JnCwPgDOYBmLA=
20,-6,8aaGyWA8yCg//QNR+5rXHFqLKds=,KiDKCK4eDU8tI7JnCwPgDOYBmLA=
19,-6,8aaGyWA8yCg//QNR+5rXHFqLKds=,KiDKCK4eDU8tI7JnCwPgDOYBmLA=
18,-6,8aaGyWA8yCg//QNR+5rXHFqLKds=,KiDKCK4eDU8tI7JnCwPgDOYBmLA=
17,-6,8aaGyWA8yCg//QNR+5rXHFqLKds=,KiDKCK4eDU8tI7JnCwPgDOYBmLA=
16,-6,8aaGyWA8yCg//QNR+5rXHFqLKds=,KiDKCK4eDU8tI7JnCwPgDOYBmLA=
31,-7,8aaGyWA8yCg//QNR+5rXHFqLKds=,KiDKCK4eDU8tI7JnCwPgDOYBmLA=
30,-7,8aaGyWA8yCg//QNR+5rXHFqLKds=,KiDKCK4eDU8tI7JnCwPgDOYBmLA=
29,-7,8aaGyWA8yCg//QNR+5rXHFqLKds=,KiDKCK4eDU8tI7JnCwPgDOYBmLA=
28,-7,8aaGyWA8yCg//QNR+5rXHFqLKds=,KiDKCK4eDU8tI7JnCwPgDOYBmLA=
27,-7,8aaGyWA8yCg//QNR+5rXHFqLKds=,KiDKCK4eDU8tI7JnCwPgDOYBmLA=
26,-7,8aaGyWA8yCg//QNR+5rXHFqLKds=,KiDKCK4eDU8tI7JnCwPgDOYBmLA=
25,-7,8aaGyWA8yCg//QNR+5rXHFqLKds=,KiDKCK4eDU8tI7JnCwPgDOYBmLA=
24,-7,8aaGyWA8yCg//QNR+5rXHFqLKds=,KiDKCK4eDU8tI7JnCwPgDOYBmLA=
23,-7,8aaGyWA8yCg//QNR+5rXHFqLKds=,KiDKCK4eDU8tI7JnCwPgDOYBmLA=
22,-7,8aaGyWA8yCg//QNR+5rXHFqLKds=,KiDKCK4eDU8tI7JnCwPgDOYBmLA=
21,-7,8aaGyWA8yCg//QNR+5rXHFqLKds=,KiDKCK4eDU8tI7JnCwPgDOYBmLA=
20,-7,8aaGyWA8yCg//QNR+5rXHFqLKds=,KiDKCK4eDU8tI7JnCwPgDOYBmLA=
19,-7,8aaGyWA8yCg//QNR+5rXHFqLKds=,KiDKCK4eDU8tI7JnCwPgDOYBmLA=
18,-7,8aaGyWA8yCg//QNR+5rXHFqLKds=,KiDKCK4eDU8tI7JnCwPgDOYBmLA=
17,-7,8aaGyWA8yCg//QNR+5rXHFqLKds=,KiDKCK4eDU8tI7JnCwPgDOYBmLA=
16,-7,8aaGyWA8yCg//QNR+5rXHFqLKds=,KiDKCK4eDU8tI7JnCwPgDOYBmLA=
31,-8,8aaGyWA8yCg//QNR+5rXHFqLKds=,KiDKCK4eDU8tI7JnCwPgDOYBmLA=
30,-8,8aaGyWA8yCg//QNR+5rXHFqLKds=,KiDKCK4eDU8tI7JnCwPgDOYBmLA=
29,-8,8aaGyWA8yCg//QNR+5rXHFqLKds=,KiDKCK4eDU8tI7JnCwPgDOYBmLA=
28,-8,8aaGyWA8yCg//QNR+5rXHFqLKds=,KiDKCK4eDU8tI7JnCwPgDOYBmLA=
27,-8,8aaGyWA8yCg//QNR+5rXHFqLKds=,KiDKCK4eDU8tI7JnCwPgDOYBmLA=
26,-8,8aaGyWA8yCg//QNR+5rXHFqLKds=,KiDKCK4eDU8tI7JnCwPgDOYBmLA=
25,-8,8aaGyWA8yCg//QNR+5rXHFqLKds=,KiDKCK4eDU8tI7JnCwPgDOYBmLA=
24,-8,8aaGyWA8yCg//QNR+5rXHFqLKds=,KiDKCK4eDU8tI7JnCwPgDOYBmLA=
23,-8,8aaGyWA8yCg//QNR+5rXHFqLKds=,KiDKCK4eDU8tI7JnCwPgDOYBmLA=
22,-8,8aaGyWA8yCg//QNR+5rXHFqLKds=,KiDKCK4eDU8tI7JnCwPgDOYBmLA=
21,-8,8aaGyWA8yCg//QNR+5rXHFqLKds=,KiDKCK4eDU8tI7JnCwPgDOYBmLA=
20,-8,8aaGyWA8yCg//QNR+5rXHFqLKds=,KiDKCK4eDU8tI7JnCwPgDOYBmLA=
19,-8,8aaGyWA8yCg//QNR+5rXHFqLKds=,KiDKCK4eDU8tI7JnCwPgDOYBmLA=
18,-8,8aaGyWA8yCg//QNR+5rXHFqLKds=,KiDKCK4eDU8tI7JnCwPgDOYBmLA=
17,-8,8aaGyWA8yCg//QNR+5rXHFqLKds=,KiDKCK4eDU8tI7JnCwPgDOYBmLA=
16,-8,8aaGyWA8yCg//QNR+5rXHFqLKds=,KiDKCK4eDU8tI7JnCwPgDOYBmLA=
31,-9,8aaGyWA8yCg//QNR+5rXHFqLKds=,KiDKCK4eDU8tI7JnCwPgDOYBmLA=
30,-9,8aaGyWA8yCg//QNR+5rXHFqLKds=,KiDKCK4eDU8tI7JnCwPgDOYBmLA=
29,-9,8aaGyWA8yCg//QNR+5rXHFqLKds=,KiDKCK4eDU8tI7JnCwPgDOYBmLA=
28,-9,8aaGyWA8yCg//QNR+5rXHFqLKds=,KiDKCK4eDU8tI7JnCwPgDOYBmLA=
27,-9,8aaGyWA8yCg//QNR+5rXHFqLKds=,KiDKCK4eDU8tI7JnCwPgDOYBmLA=
26,-9,8aaGyWA8yCg//QNR+5rXHFqLKds=,KiDKCK4eDU8tI7JnCwPgDOYBmLA=
25,-9,8aaGyWA8yCg//QNR+5rXHFqLKds=,KiDKCK4eDU8tI7JnCwPgDOYBmLA=
24,-9,8aaGyWA8yCg//QNR+5rXHFqLKds=,KiDKCK4eDU8tI7JnCwPgDOYBmLA=
23,-9,8aaGyWA8yCg//QNR+5rXHFqLKds=,KiDKCK4eDU8tI7JnCwPgDOYBmLA=
22,-9,8aaGyWA8yCg//QNR+5rXHFqLKds=,KiDKCK4eDU8tI7JnCwPgDOYBmLA=
21,-9,8aaGyWA8yCg//QNR+5rXHFqLKds=,KiDKCK4eDU8tI7JnCwPgDOYBmLA=
20,-9,8aaGyWA8yCg//QNR+5rXHFqLKds=,KiDKCK4eDU8tI7JnCwPgDOYBmLA=
19,-9,8aaGyWA8yCg//QNR+5rXHFqLKds=,KiDKCK4eDU8tI7JnCwPgDOYBmLA=
18,-9,8aaGyWA8yCg//QNR+5rXHFqLKds=,KiDKCK4eDU8tI7JnCwPgDOYBmLA=
17,-9,8aaGyWA8yCg//QNR+5rXHFqLKds=,KiDKCK4eDU8tI7JnCwPgDOYBmLA=
16,-9,8aaGyWA8yCg//QNR+5rXHFqLKds=,KiDKCK4eDU8tI7JnCwPgDOYBmLA=
31,-10,8aaGyWA8yCg//QNR+5rXHFqLKds=,KiDKCK4eDU8tI7JnCwPgDOYBmLA=
30,-10,8aaGyWA8yCg//QNR+5rXHFqLKds=,KiDKCK4eDU8tI7JnCwPgDOYBmLA=
29,-10,8aaGyWA8yCg//QNR+5rXHFqLKds=,KiDKCK4eDU8tI7JnCwPgDOYBmLA=
28,-10,8aaGyWA8yCg//QNR+5rXHFqLKds=,KiDKCK4eDU8tI7JnCwPgDOYBmLA=
27,-10,8aaGyWA8yCg//QNR+5rXHFqLKds=,KiDKCK4eDU8tI7JnCwPgDOYBmLA=
26,-10,8aaGyWA8yCg//QNR+5rXHFqLKds=,KiDKCK4eDU8tI7JnCwPgDOYBmLA=
25,-10,8aaGyWA8yCg//QNR+5rXHFqLKds=,KiDKCK4eDU8tI7JnCwPgDOYBmLA=
24,-10,8aaGyWA8yCg//QNR+5rXHFqLKds=,KiDKCK4eDU8tI7JnCwPgDOYBmLA=
23,-10,8aaGyWA8yCg//QNR+5rXHFqLKds=,KiDKCK4eDU8tI7JnCwPgDOYBmLA=
22,-10,8aaGyWA8yCg//QNR+5rXHFqLKds=,KiDKCK4eDU8tI7JnCwPgDOYBmLA=
21,-10,8aaGyWA8yCg//QNR+5rXHFqLKds=,KiDKCK4eDU8tI7JnCwPgDOYBmLA=
20,-10,8aaGyWA8yCg//QNR+5rXHFqLKds=,KiDKCK4eDU8tI7JnCwPgDOYBmLA=
19,-10,8aaGyWA8yCg//QNR+5rXHFqLKds=,KiDKCK4eDU8tI7JnCwPgDOYBmLA=
18,-10,8aaGyWA8yCg//QNR+5rXHFqLKds=,KiDKCK4eDU8tI7JnCwPgDOYBmLA=
17,-10,8aaGyWA8yCg//QNR+5rXHFqLKds=,KiDKCK4eDU8tI7JnCwPgDOYBmLA=
16,-10,8aaGyWA8yCg//QNR+5rXHFqLKds=,KiDKCK4eDU8tI7JnCwPgDOYBmLA=
31,-11,8aaGyWA8yCg//QNR+5rXHFqLKds=,KiDKCK4eDU8tI7JnCwPgDOYBmLA=
30,-11,8aaGyWA8yCg//QNR+5rXHFqLKds=,KiDKCK4eDU8tI7JnCwPgDOYBmLA=
29,-11,8aaGyWA8yCg//QNR+5rXHFqLKds=,KiDKCK4eDU8tI7JnCwPgDOYBmLA=
28,-11,8aaGyWA8yCg//QNR+5rXHFqLKds=,KiDKCK4eDU8tI7JnCwPgDOYBmLA=
27,-11,8aaGyWA8yCg//QNR+5rXHFqLKds=,KiDKCK4eDU8tI7JnCwPgDOYBmLA=
26,-11,8aaGyWA8yCg//QNR+5rXHFqLKds=,KiDKCK4eDU8tI7JnCwPgDOYBmLA=
25,-11,8aaGyWA8yCg//QNR+5rXHFqLKds=,KiDKCK4eDU8tI7JnCwPgDOYBmLA=
24,-11,8aaGyWA8yCg//QNR+5rXHFqLKds=,KiDKCK4eDU8tI7JnCwPgDOYBmLA=
23,-11,8aaGyWA8yCg//QNR+5rXHFqLKds=,KiDKCK4eDU8tI7JnCwPgDOYBmLA=
22,-11,8aaGyWA8yCg//QNR+5rXHFqLKds=,KiDKCK4eDU8tI7JnCwPgDOYBmLA=
21,-11,8aaGyWA8yCg//QNR+5rXHFqLKds=,KiDKCK4eDU8tI7JnCwPgDOYBmLA=
20,-11,8aaGyWA8yCg//QNR+5rXHFqLKds=,KiDKCK4eDU8tI7JnCwPgDOYBmLA=
19,-11,8aaGyWA8yCg//QNR+5rXHFqLKds=,KiDKCK4eDU8tI7JnCwPgDOYBmLA=
18,-11,8aaGyWA8yCg//QNR+5rXHFqLKds=,KiDKCK4eDU8tI7JnCwPgDOYBmLA=
17,-11,8aaGyWA8yCg//QNR+5rXHFqLKds=,KiDKCK4eDU8tI7JnCwPgDOYBmLA=
16,-11,8aaGyWA8yCg//QNR+5rXHFqLKds=,KiDKCK4eDU8tI7JnCwPgDOYBmLA=
31,-12,8aaGyWA8yCg//QNR+5rXHFqLKds=,KiDKCK4eDU8tI7JnCwPgDOYBmLA=
30,-12,8aaGyWA8yCg//QNR+5rXHFqLKds=,KiDKCK4eDU8tI7JnCwPgDOYBmLA=
29,-12,8aaGyWA8yCg//QNR+5rXHFqLKds=,KiDKCK4eDU8tI7JnCwPgDOYBmLA=
28,-12,8aaGyWA8yCg//QNR+5rXHFqLKds=,KiDKCK4eDU8tI7JnCwPgDOYBmLA=
27,-12,8aaGyWA8yCg//QNR+5rXHFqLKds=,KiDKCK4eDU8tI7JnCwPgDOYBmLA=
26,-12,8aaGyWA8yCg//QNR+5rXHFqLKds=,KiDKCK4eDU8tI7JnCwPgDOYBmLA=
25,-12,8aaGyWA8yCg//QNR+5rXHFqLKds=,KiDKCK4eDU8tI7JnCwPgDOYBmLA=
24,-12,8aaGyWA8yCg//QNR+5rXHFqLKds=,KiDKCK4eDU8tI7JnCwPgDOYBmLA=
23,-12,8aaGyWA8yCg//QNR+5rXHFqLKds=,KiDKCK4eDU8tI7JnCwPgDOYBmLA=
22,-12,8aaGyWA8yCg//QNR+5rXHFqLKds=,KiDKCK4eDU8tI7JnCwPgDOYBmLA=
21,-12,8aaGyWA8yCg//QNR+5rXHFqLKds=,KiDKCK4eDU8tI7JnCwPgDOYBmLA=
20,-12,8aaGyWA8yCg//QNR+5rXHFqLKds=,KiDKCK4eDU8tI7JnCwPgDOYBmLA=
19,-12,8aaGyWA8yCg//QNR+5rXHFqLKds=,KiDKCK4eDU8tI7JnCwPgDOYBmLA=
18,-12,8aaGyWA8yCg//QNR+5rXHFqLKds=,KiDKCK4eDU8tI7JnCwPgDOYBmLA=
17,-12,8aaGyWA8yCg//QNR+5rXHFqLKds=,KiDKCK4eDU8tI7JnCwPgDOYBmLA=
16,-12,8aaGyWA8yCg//QNR+5rXHFqLKds=,KiDKCK4eDU8tI7JnCwPgDOYBmLA=
31,-13,8aaGyWA8yCg//QNR+5rXHFqLKds=,KiDKCK4eDU8tI7JnCwPgDOYBmLA=
30,-13,8aaGyWA8yCg//QNR+5rXHFqLKds=,KiDKCK4eDU8tI7JnCwPgDOYBmLA=
29,-13,8aaGyWA8yCg//QNR+5rXHFqLKds=,KiDKCK4eDU8tI7JnCwPgDOYBmLA=
28,-13,8aaGyWA8yCg//QNR+5rXHFqLKds=,KiDKCK4eDU8tI7JnCwPgDOYBmLA=
27,-13,8aaGyWA8yCg//QNR+5rXHFqLKds=,KiDKCK4eDU8tI7JnCwPgDOYBmLA=
26,-13,8aaGyWA8yCg//QNR+5rXHFqLKds=,KiDKCK4eDU8tI7JnCwPgDOYBmLA=
25,-13,8aaGyWA8yCg//QNR+5rXHFqLKds=,KiDKCK4eDU8tI7JnCwPgDOYBmLA=
24,-13,8aaGyWA8yCg//QNR+5rXHFqLKds=,KiDKCK4eDU8tI7JnCwPgDOYBmLA=
23,-13,8aaGyWA8yCg//QNR+5rXHFqLKds=,KiDKCK4eDU8tI7JnCwPgDOYBmLA=
22,-13,8aaGyWA8yCg//QNR+5rXHFqLKds=,KiDKCK4eDU8tI7JnCwPgDOYBmLA=
21,-13,8aaGyWA8yCg//QNR+5rXHFqLKds=,KiDKCK4eDU8tI7JnCwPgDOYBmLA=
20,-13,8aaGyWA8yCg//QNR+5rXHFqLKds=,KiDKCK4eDU8tI7JnCwPgDOYBmLA=
19,-13,8aaGyWA8yCg//QNR+5rXHFqLKds=,KiDKCK4eDU8tI7JnCwPgDOYBmLA=
18,-13,8aaGyWA8yCg//QNR+5rXHFqLKds=,KiDKCK4eDU8tI7JnCwPgDOYBmLA=
17,-13,8aaGyWA8yCg//QNR+5rXHFqLKds=,KiDKCK4eDU8tI7JnCwPgDOYBmLA=
16,-13,8aaGyWA8yCg//QNR+5rXHFqLKds=,KiDKCK4eDU8tI7JnCwPgDOYBmLA=
31,-14,8aaGyWA8yCg//QNR+5rXHFqLKds=,KiDKCK4eDU8tI7JnCwPgDOYBmLA=
30,-14,8aaGyWA8yCg//QNR+5rXHFqLKds=,KiDKCK4eDU8tI7JnCwPgDOYBmLA=
29,-14,8aaGyWA8yCg//QNR+5rXHFqLKds=,KiDKCK4eDU8tI7JnCwPgDOYBmLA=
28,-14,8aaGyWA8yCg//QNR+5rXHFqLKds=,KiDKCK4eDU8tI7JnCwPgDOYBmLA=
27,-14,8aaGyWA8yCg//QNR+5rXHFqLKds=,KiDKCK4eDU8tI7JnCwPgDOYBmLA=
26,-14,8aaGyWA8yCg//QNR+5rXHFqLKds=,KiDKCK4eDU8tI7JnCwPgDOYBmLA=
25,-14,8aaGyWA8yCg//QNR+5rXHFqLKds=,KiDKCK4eDU8tI7JnCwPgDOYBmLA=
24,-14,8aaGyWA8yCg//QNR+5rXHFqLKds=,KiDKCK4eDU8tI7JnCwPgDOYBmLA=
23,-14,8aaGyWA8yCg//QNR+5rXHFqLKds=,KiDKCK4eDU8tI7JnCwPgDOYBmLA=
22,-14,8aaGyWA8yCg//QNR+5rXHFqLKds=,KiDKCK4eDU8tI7JnCwPgDOYBmLA=
21,-14,8aaGyWA8yCg//QNR+5rXHFqLKds=,KiDKCK4eDU8tI7JnCwPgDOYBmLA=
20,-14,8aaGyWA8yCg//QNR+5rXHFqLKds=,KiDKCK4eDU8tI7JnCwPgDOYBmLA=
19,-14,8aaGyWA8yCg//QNR+5rXHFqLKds=,KiDKCK4eDU8tI7JnCwPgDOYBmLA=
18,-14,8aaGyWA8yCg//QNR+5rXHFqLKds=,KiDKCK4eDU8tI7JnCwPgDOYBmLA=
17,-14,8aaGyWA8yCg//QNR+5rXHFqLKds=,KiDKCK4eDU8tI7JnCwPgDOYBmLA=
16,-14,8aaGyWA8yCg//QNR+5rXHFqLKds=,KiDKCK4eDU8tI7JnCwPgDOYBmLA=
31,-15,8aaGyWA8yCg//QNR+5rXHFqLKds=,KiDKCK4eDU8tI7JnCwPgDOYBmLA=
30,-15,8aaGyWA8yCg//QNR+5rXHFqLKds=,KiDKCK4eDU8tI7JnCwPgDOYBmLA=
29,-15,8aaGyWA8yCg//QNR+5rXHFqLKds=,KiDKCK4eDU8tI7JnCwPgDOYBmLA=
28,-15,8aaGyWA8yCg//QNR+5rXHFqLKds=,KiDKCK4eDU8tI7JnCwPgDOYBmLA=
27,-15,8aaGyWA8yCg//QNR+5rXHFqLKds=,KiDKCK4eDU8tI7JnCwPgDOYBmLA=
26,-15,8aaGyWA8yCg//QNR+5rXHFqLKds=,KiDKCK4eDU8tI7JnCwPgDOYBmLA=
25,-15,8aaGyWA8yCg//QNR+5rXHFqLKds=,KiDKCK4eDU8tI7JnCwPgDOYBmLA=
24,-15,8aaGyWA8yCg//QNR+5rXHFqLKds=,KiDKCK4eDU8tI7JnCwPgDOYBmLA=
23,-15,8aaGyWA8yCg//QNR+5rXHFqLKds=,KiDKCK4eDU8tI7JnCwPgDOYBmLA=
22,-15,8aaGyWA8yCg//QNR+5rXHFqLKds=,KiDKCK4eDU8tI7JnCwPgDOYBmLA=
21,-15,8aaGyWA8yCg//QNR+5rXHFqLKds=,KiDKCK4eDU8tI7JnCwPgDOYBmLA=
20,-15,8aaGyWA8yCg//QNR+5rXHFqLKds=,KiDKCK4eDU8tI7JnCwPgDOYBmLA=
19,-15,8aaGyWA8yCg//QNR+5rXHFqLKds=,KiDKCK4eDU8tI7JnCwPgDOYBmLA=
18,-15,8aaGyWA8yCg//QNR+5rXHFqLKds=,KiDKCK4eDU8tI7JnCwPgDOYBmLA=
17,-15,8aaGyWA8yCg//QNR+5rXHFqLKds=,KiDKCK4eDU8tI7JnCwPgDOYBmLA=
