-32,0,yLRtS8xaF+o4YohfCJsfUD9gdY8=,RKJCq322R8aqDWe12NOhXQQ3jcA=
-31,0,yLRtS8xaF+o4YohfCJsfUD9gdY8=,RKJCq322R8aqDWe12NOhXQQ3jcA=
-30,0,yLRtS8xaF+o4YohfCJsfUD9gdY8=,RKJCq322R8aqDWe12NOhXQQ3jcA=
-29,0,yLRtS8xaF+o4YohfCJsfUD9gdY8=,RKJCq322R8aqDWe12NOhXQQ3jcA=
-28,0,yLRtS8xaF+o4YohfCJsfUD9gdY8=,MePwNS7qZeoRf9YJ2ykfcxHamR0=
-27,0,gIu5XDExKouoASmWlsad7CvXBMA=,aHwgC37ZG48tb6C3Rvl8VbXouaQ=
-26,0,gIu5XDExKouoASmWlsad7CvXBMA=,RKJCq322R8aqDWe12NOhXQQ3jcA=
-25,0,gIu5XDExKouoASmWlsad7CvXBMA=,RKJCq322R8aqDWe12NOhXQQ3jcA=
-24,0,gIu5XDExKouoASmWlsad7CvXBMA=,9207aBcuRwrHdpaWL5/vkk3qP4Q=
-23,0,gIu5XDExKouoASmWlsad7CvXBMA=,9207aBcuRwrHdpaWL5/vkk3qP4Q=
-22,0,gIu5XDExKouoASmWlsad7CvXBMA=,ypEv4pU5XT9EmDsBVH3jw8pLmSI=
-21,0,gIu5XDExKouoASmWlsad7CvXBMA=,mcPx+4djBoBNRr0ggnp86o3az3g=
-20,0,gIu5XDExKouoASmWlsad7CvXBMA=,wvmveivSCv0XZEGSy/U6GQviQh0=
-19,0,gIu5XDExKouoASmWlsad7CvXBMA=,wvmveivSCv0XZEGSy/U6GQviQh0=
-18,0,gIu5XDExKouoASmWlsad7CvXBMA=,aFHsGSKB4updtF1vMKnZvXuJTJw=
-17,0,gIu5XDExKouoASmWlsad7CvXBMA=,9207aBcuRwrHdpaWL5/vkk3qP4Q=
-16,0,gIu5XDExKouoASmWlsad7CvXBMA=,KxK2kiS3JaduK1biIALBbNmdHvM=
-15,0,gIu5XDExKouoASmWlsad7CvXBMA=,/a8mJw2s3iPFWO+Os5AkJyyEaOc=
-14,0,gIu5XDExKouoASmWlsad7CvXBMA=,/gMg+TBsGTkisZwKkPe9v5kQU48=
-13,0,gIu5XDExKouoASmWlsad7CvXBMA=,wGvze8t7GIu/4AOHXzTu2c6OtJY=
-12,0,QiyrQHVdI/2kiL5QwLsbgQWAXnk=,uHud68FO73VeDvxqP8hEbI8lEJA=
-11,0,QiyrQHVdI/2kiL5QwLsbgQWAXnk=,XPB6rVpZX8/nTwsp+E47sQbV1k0=
-10,0,QiyrQHVdI/2kiL5QwLsbgQWAXnk=,VVM9i1Po5cXm3bOxoATE1o6yGS8=
-9,0,QiyrQHVdI/2kiL5QwLsbgQWAXnk=,hwdIYFYZlXqIRJcwBocMV1bHWZw=
-8,0,QiyrQHVdI/2kiL5QwLsbgQWAXnk=,KYOPA1vRD+xAnM+pwsXT3i2M6gM=
-7,0,QiyrQHVdI/2kiL5QwLsbgQWAXnk=,qY26gvkRBEbVHfmy3xzxnVhWO28=
-6,0,QiyrQHVdI/2kiL5QwLsbgQWAXnk=,4YmF53RXTb8osinWm6gNRsTl6SA=
-5,0,QiyrQHVdI/2kiL5QwLsbgQWAXnk=,LCP6Py0nX67Lq0RiGeZULV1ift4=
-4,0,QiyrQHVdI/2kiL5QwLsbgQWAXnk=,QUwnE9+sT9CfE0aWeSndoFxx1DI=
-3,0,QiyrQHVdI/2kiL5QwLsbgQWAXnk=,ioCtsGT0ACJeG7CABCUH9sitgS8=
-2,0,QiyrQHVdI/2kiL5QwLsbgQWAXnk=,PHSUJystTh6U/HpWE0ywaIRgMCE=
-1,0,QiyrQHVdI/2kiL5QwLsbgQWAXnk=,v5pBY7dF5n+GQaEMU1gwxrPleUU=
-32,1,4fWGB8HkB+V5tyIMiz+l4BNkN28=,RKJCq322R8aqDWe12NOhXQQ3jcA=
-31,1,4fWGB8HkB+V5tyIMiz+l4BNkN28=,RKJCq322R8aqDWe12NOhXQQ3jcA=
-15,1,4fWGB8HkB+V5tyIMiz+l4BNkN28=,uHud68FO73VeDvxqP8hEbI8lEJA=
-14,1,4fWGB8HkB+V5tyIMiz+l4BNkN28=,4ho3BBjYVKMH/4BcT67hRA80T0o=
-13,1,4fWGB8HkB+V5tyIMiz+l4BNkN28=,5QSoyBc9gYTan9Om6J6kKCoWdGQ=
-12,1,4fWGB8HkB+V5tyIMiz+l4BNkN28=,dBBrjldy7ob4WF2sv9fmCfbObeY=
-11,1,4fWGB8HkB+V5tyIMiz+l4BNkN28=,EZ1Y5X9srDgBw6DldDDj3S8eBGM=
-10,1,4fWGB8HkB+V5tyIMiz+l4BNkN28=,ppPhRoBLTd59NFPTlyzs2VmRaWo=
-9,1,4fWGB8HkB+V5tyIMiz+l4BNkN28=,d7/W5nC7ExSxuPrv6gAbq2guR2s=
-8,1,4fWGB8HkB+V5tyIMiz+l4BNkN28=,KYOPA1vRD+xAnM+pwsXT3i2M6gM=
-7,1,ms23sT3P8U8akj+gyzXpw5zC8YY=,95E0A7xhB+4i16CJ6BPVEfL8kTk=
-6,1,ms23sT3P8U8akj+gyzXpw5zC8YY=,cc2jAYvZOaTw0EPV2OBTWfZrmKc=
-5,1,ms23sT3P8U8akj+gyzXpw5zC8YY=,z/CnQMSa7Qp+FNt4UxqGBaOha+o=
-4,1,ms23sT3P8U8akj+gyzXpw5zC8YY=,McOLfvHuTSxuD9W25khwrPlWsaE=
-3,1,ms23sT3P8U8akj+gyzXpw5zC8YY=,kZJesH7hRb/Nh7dvaOcwcXNOu8g=
-2,1,ms23sT3P8U8akj+gyzXpw5zC8YY=,rwuaYTMxNbdQiMcsAjNVQ6QIPkY=
-1,1,ms23sT3P8U8akj+gyzXpw5zC8YY=,FIEC7CLRzMXukPqp9ZzIOfESK68=
-31,2,HM7NZJFuP4xwwGOnXKULVpgMkuQ=,RKJCq322R8aqDWe12NOhXQQ3jcA=
-29,2,HM7NZJFuP4xwwGOnXKULVpgMkuQ=,ZVKra4CIWe8GokKn9d2E4pr/Ssc=
-15,2,HM7NZJFuP4xwwGOnXKULVpgMkuQ=,uHud68FO73VeDvxqP8hEbI8lEJA=
-14,2,HM7NZJFuP4xwwGOnXKULVpgMkuQ=,lRQLwreKteqSvTg4Q6xsFq/q7ew=
-13,2,HM7NZJFuP4xwwGOnXKULVpgMkuQ=,aO+Z1rnwMnN0CIietG4DnRlzApU=
-12,2,HM7NZJFuP4xwwGOnXKULVpgMkuQ=,3CIcP3PHLw/rELE9gH8sw30TIWc=
-11,2,HM7NZJFuP4xwwGOnXKULVpgMkuQ=,jWV51pDVuZ5t0B1AIbB7/3OxJrg=
-10,2,HM7NZJFuP4xwwGOnXKULVpgMkuQ=,qDETm+RI2GdCM8n8TPE5WkS4f38=
-9,2,HM7NZJFuP4xwwGOnXKULVpgMkuQ=,fmkeom4IDGwHl5yjC/mjivR4oW0=
-8,2,HM7NZJFuP4xwwGOnXKULVpgMkuQ=,S8RbmhufHo7pz5IFo5sBiCrEMp8=
-7,2,HM7NZJFuP4xwwGOnXKULVpgMkuQ=,+p6cdqHetzL1CGHS+WFa6Kyw3N4=
-6,2,HM7NZJFuP4xwwGOnXKULVpgMkuQ=,4p89Yd8H/35W6MRdgOY7c67DGhc=
-5,2,HM7NZJFuP4xwwGOnXKULVpgMkuQ=,/A4zbQrZpD0FHvyYbu1GmKVpsm8=
-4,2,HM7NZJFuP4xwwGOnXKULVpgMkuQ=,8K8Iwah0UUgqV79xQ/7LqqnnME4=
-3,2,HM7NZJFuP4xwwGOnXKULVpgMkuQ=,3EWcKaH1jS1SGS7sHpmSWq8vWnY=
-2,2,HM7NZJFuP4xwwGOnXKULVpgMkuQ=,SkP+WcKCXSoBUn5mYBfGDd7GMSM=
-1,2,HM7NZJFuP4xwwGOnXKULVpgMkuQ=,nAQBtVA9Wt4El7OeYW5FDsrqS2c=
-32,3,o0MhVlYvHDChQwbDtZgPtOg0jy8=,RKJCq322R8aqDWe12NOhXQQ3jcA=
-29,3,o0MhVlYvHDChQwbDtZgPtOg0jy8=,Hw0eh/drcQSVZsnmmgvprpGCzfY=
-28,3,o0MhVlYvHDChQwbDtZgPtOg0jy8=,gt1EgHWJ03OqB0pPgvRiEKig+Rg=
-14,3,o0MhVlYvHDChQwbDtZgPtOg0jy8=,KvE4IBROGIJ6kfQDx02SeScK388=
-13,3,o0MhVlYvHDChQwbDtZgPtOg0jy8=,sKo4FcSUwJBGyS/TGfbFNCr6lRY=
-12,3,o0MhVlYvHDChQwbDtZgPtOg0jy8=,h7/HiQzZ2xSKlOsyla1uxbLCZeg=
-11,3,NrHebXtRnlPwkBmf1HUCRTylNZs=,2IImN2w2I2rD9D9d3gaeT55yc4I=
-10,3,NrHebXtRnlPwkBmf1HUCRTylNZs=,9CIkk1t2ARHK1/Z2FdIufCP9kLY=
-9,3,NrHebXtRnlPwkBmf1HUCRTylNZs=,ekUACtyroWOT0zmnm9cTcQMECJs=
-8,3,NrHebXtRnlPwkBmf1HUCRTylNZs=,8LO8rmBDPpT/BoaxOq5+8j06j1o=
-7,3,NrHebXtRnlPwkBmf1HUCRTylNZs=,iH8R/l+awwolMygCwDrb2uHKDuM=
-6,3,NrHebXtRnlPwkBmf1HUCRTylNZs=,DEFvc6k/C0A3uhSUiSf4Mmdhdmk=
-5,3,NrHebXtRnlPwkBmf1HUCRTylNZs=,RGIxdOaT7Cn6rUcp8nkIQfm4Jgs=
-4,3,NrHebXtRnlPwkBmf1HUCRTylNZs=,WMzLlBu5mymshDGzqaJcu6I575Y=
-3,3,NrHebXtRnlPwkBmf1HUCRTylNZs=,sVo/ioEMH9D7vF3zrRB2wuzCGSM=
-2,3,NrHebXtRnlPwkBmf1HUCRTylNZs=,ucAR6i7Jwrywj5U8V5+Kv7/Y7ys=
-1,3,NrHebXtRnlPwkBmf1HUCRTylNZs=,rvstRs7UaibSep2nbX9sSGjacy8=
-32,4,1KcZz5c2nJPqJ+Uh7EoAVxWycEY=,RKJCq322R8aqDWe12NOhXQQ3jcA=
-27,4,1KcZz5c2nJPqJ+Uh7EoAVxWycEY=,FUjRrkl3EJJdUzYwOSd2+btwjE4=
-26,4,YmlsoRw0ml+Dt33u21WKqTzub2w=,gt1EgHWJ03OqB0pPgvRiEKig+Rg=
-25,4,YmlsoRw0ml+Dt33u21WKqTzub2w=,aHwgC37ZG48tb6C3Rvl8VbXouaQ=
-14,4,YmlsoRw0ml+Dt33u21WKqTzub2w=,uHud68FO73VeDvxqP8hEbI8lEJA=
-13,4,YmlsoRw0ml+Dt33u21WKqTzub2w=,MYvXb6uG1BiN7wwmX7GcbzoRnXQ=
-12,4,YmlsoRw0ml+Dt33u21WKqTzub2w=,cPpODnU3G/I27L690xHCRJH2XSs=
-11,4,YmlsoRw0ml+Dt33u21WKqTzub2w=,uOPEsOtrx9FeulngwAbLTBCxyLo=
-10,4,YmlsoRw0ml+Dt33u21WKqTzub2w=,PKugml2SPPR3zVPstOst8UPu+MI=
-9,4,YmlsoRw0ml+Dt33u21WKqTzub2w=,MhQ9DqADU4jzCPrsyRCXhc6Y/xk=
-8,4,YmlsoRw0ml+Dt33u21WKqTzub2w=,ElftHxuZ1ywISuhbkS8gWOQiee4=
-7,4,YmlsoRw0ml+Dt33u21WKqTzub2w=,uTGf0LO4R10+IhcxnuqKI32GL2s=
-6,4,YmlsoRw0ml+Dt33u21WKqTzub2w=,qsQfHX31bAvbOGsxJxtJnRAhWLc=
-5,4,YmlsoRw0ml+Dt33u21WKqTzub2w=,h7xe3nuZ0fyd86ZeORi8ADA1JME=
-4,4,YmlsoRw0ml+Dt33u21WKqTzub2w=,OgUee3lY8C2i2zCvAvemWFoT08c=
-3,4,YmlsoRw0ml+Dt33u21WKqTzub2w=,Br2otr43cuzqK0PFfvSSPST0UJ4=
-2,4,YmlsoRw0ml+Dt33u21WKqTzub2w=,0lG6Rtroxr2yLTqR45VHBtA+iS4=
-1,4,YmlsoRw0ml+Dt33u21WKqTzub2w=,vida5M1iza6JVwvVwTFDeTYvRA4=
-14,5,ngVBkIBNLpjaoKuCujMGOucB2tM=,XZKVw3Uy5vLU7POkWq+gxJwhBxY=
-13,5,ngVBkIBNLpjaoKuCujMGOucB2tM=,5gKNT1a5woAy5168WrqCVPeudtQ=
-12,5,ngVBkIBNLpjaoKuCujMGOucB2tM=,mgTUlDD0G6kuMI0z3++KJzG6AQ4=
-11,5,ddm31EVFhDeUIVf+JgBKdy/bKtw=,Li3v9uCZpaPtH+H3VhXGx5SWsb0=
-10,5,ddm31EVFhDeUIVf+JgBKdy/bKtw=,mj6p7IdFs+LX9T8pEMiBPTQA3sY=
-9,5,ddm31EVFhDeUIVf+JgBKdy/bKtw=,HLGuMETvrOiuiZ3Nlbx/9cAnGcY=
-8,5,ddm31EVFhDeUIVf+JgBKdy/bKtw=,pNBVbzjjnjzjqKg9lD1Ev+cEfVk=
-7,5,ddm31EVFhDeUIVf+JgBKdy/bKtw=,+O8glNEvXpc60fEOFab+aljXQTg=
-6,5,ddm31EVFhDeUIVf+JgBKdy/bKtw=,KH4VpIL/+wo6sWxCdCsJ5zR5GBQ=
-5,5,ddm31EVFhDeUIVf+JgBKdy/bKtw=,s0ZHitqE0RcCTJQFTnzoJdIzGtc=
-4,5,ddm31EVFhDeUIVf+JgBKdy/bKtw=,60lGC6O7B7D3IcLAI4YY0CUqB2o=
-3,5,ddm31EVFhDeUIVf+JgBKdy/bKtw=,nuhshj3Xh7tFPUjrlW7R4pcb5f8=
-2,5,ddm31EVFhDeUIVf+JgBKdy/bKtw=,rBwxfdy3fdKJ7bsMtkXkHPi1RpQ=
-1,5,ddm31EVFhDeUIVf+JgBKdy/bKtw=,9c3o3Y7FvqzRzwy5Jqa20qm74Mw=
-25,6,16BONQljFksWWee6PykITWINsDk=,oOfUd1U76zmLG0w22jmP8Vxy1Do=
-21,6,16BONQljFksWWee6PykITWINsDk=,RV8oUGYXtjAek71rKzRKwdneo3U=
-18,6,16BONQljFksWWee6PykITWINsDk=,YcwQvCqcoEUSjTIX7+8nF4nZfzg=
-16,6,16BONQljFksWWee6PykITWINsDk=,uHud68FO73VeDvxqP8hEbI8lEJA=
-14,6,16BONQljFksWWee6PykITWINsDk=,5gKNT1a5woAy5168WrqCVPeudtQ=
-12,6,16BONQljFksWWee6PykITWINsDk=,3N2ZpBXeRwdtXpNwcReR65CbmwU=
-11,6,16BONQljFksWWee6PykITWINsDk=,dXMIVO673/qbNeQMbmgsjjF3Ze0=
-10,6,Dom90m9J86N8si/c3UwvWEFilDc=,yYUV7+n/DB5BC5QodrAEF2XUpGQ=
-9,6,Dom90m9J86N8si/c3UwvWEFilDc=,+Xj5RYRI71Eafy2oxFVefe1gd0o=
-8,6,Dom90m9J86N8si/c3UwvWEFilDc=,vp942Ej85U71HR7wwUQ56UlCauk=
-7,6,Dom90m9J86N8si/c3UwvWEFilDc=,+MR6QFazLZ+NQKihWZQV4OKw9a0=
-6,6,Dom90m9J86N8si/c3UwvWEFilDc=,0pgFei5QPRdGtWJG56aj0iUFFo0=
-5,6,Dom90m9J86N8si/c3UwvWEFilDc=,Ha+e1aOQeMUQ6C+5EKhsyLEAdxk=
-4,6,Dom90m9J86N8si/c3UwvWEFilDc=,CSEieEsmI/O4EtM+izgmDtAYmHw=
-3,6,Dom90m9J86N8si/c3UwvWEFilDc=,E6Wp26gXZSqxdsAo4lJcJn+G2Kw=
-2,6,Dom90m9J86N8si/c3UwvWEFilDc=,zMLKJ/GDV0lkWyRuddA4/JyRG9o=
-1,6,Dom90m9J86N8si/c3UwvWEFilDc=,v+b52nOrb3Ah/HNAJQHedjO+siE=
-25,7,D59DXYT4dE9wc4J8FKs8ZvIH1yY=,oOfUd1U76zmLG0w22jmP8Vxy1Do=
-15,7,D59DXYT4dE9wc4J8FKs8ZvIH1yY=,lgWUb6JX/C9K4lOLGmXsK6p67pU=
-14,7,D59DXYT4dE9wc4J8FKs8ZvIH1yY=,4+qRBE4y/rQESXFcskf6uhOe2jk=
-12,7,D59DXYT4dE9wc4J8FKs8ZvIH1yY=,NM5VTQpQdAKbItF28sgj/2pBCa4=
-11,7,D59DXYT4dE9wc4J8FKs8ZvIH1yY=,8Dd1wkPShDa21qy3yaDELVerBus=
-10,7,D59DXYT4dE9wc4J8FKs8ZvIH1yY=,fHKHt1fXeIOhsvJ5MiO+cfXsabg=
-9,7,D59DXYT4dE9wc4J8FKs8ZvIH1yY=,fPaBX+kRkV4EWAcmkD6aYjA+E4A=
-8,7,D59DXYT4dE9wc4J8FKs8ZvIH1yY=,VsV6tTZlJEh5pwMLY4iaK/ObIps=
-7,7,D59DXYT4dE9wc4J8FKs8ZvIH1yY=,Zw/WPeqkgcfHdlva7wIktIPvu3w=
-6,7,JL+K3bYHdZQfyHEcAzKavNWe3T8=,lssqeCq222LVLkhxq/AULqKEYt8=
-5,7,JL+K3bYHdZQfyHEcAzKavNWe3T8=,2x/42m6cNpqvFNMpa452rCBzDM0=
-4,7,JL+K3bYHdZQfyHEcAzKavNWe3T8=,brk4Ei+0TtTNfp8D7O6g2Itz+1Y=
-3,7,JL+K3bYHdZQfyHEcAzKavNWe3T8=,Rn1xAhJEaKNe0Aq4uuD9GgmGxsE=
-2,7,JL+K3bYHdZQfyHEcAzKavNWe3T8=,NPRjAp0V69ue0hp1vL65CZi270M=
-1,7,JL+K3bYHdZQfyHEcAzKavNWe3T8=,+BEP+OZ+P+pzobyxC+7vorf84mM=
-24,8,B18ww0wgoDJ3EHcbsKOs5wDDBr8=,YcwQvCqcoEUSjTIX7+8nF4nZfzg=
-23,8,B18ww0wgoDJ3EHcbsKOs5wDDBr8=,YcwQvCqcoEUSjTIX7+8nF4nZfzg=
-22,8,B18ww0wgoDJ3EHcbsKOs5wDDBr8=,YcwQvCqcoEUSjTIX7+8nF4nZfzg=
-21,8,B18ww0wgoDJ3EHcbsKOs5wDDBr8=,YcwQvCqcoEUSjTIX7+8nF4nZfzg=
-20,8,B18ww0wgoDJ3EHcbsKOs5wDDBr8=,YcwQvCqcoEUSjTIX7+8nF4nZfzg=
-18,8,B18ww0wgoDJ3EHcbsKOs5wDDBr8=,YcwQvCqcoEUSjTIX7+8nF4nZfzg=
-17,8,B18ww0wgoDJ3EHcbsKOs5wDDBr8=,YcwQvCqcoEUSjTIX7+8nF4nZfzg=
-16,8,B18ww0wgoDJ3EHcbsKOs5wDDBr8=,Gy8PZtyCCcUbTqAfOI6MSHTCQoo=
-15,8,B18ww0wgoDJ3EHcbsKOs5wDDBr8=,Gy8PZtyCCcUbTqAfOI6MSHTCQoo=
-14,8,B18ww0wgoDJ3EHcbsKOs5wDDBr8=,Gy8PZtyCCcUbTqAfOI6MSHTCQoo=
-13,8,B18ww0wgoDJ3EHcbsKOs5wDDBr8=,Gy8PZtyCCcUbTqAfOI6MSHTCQoo=
-12,8,B18ww0wgoDJ3EHcbsKOs5wDDBr8=,0U2umqHuuljqn+AjdDM1aMhNkJ8=
-11,8,B18ww0wgoDJ3EHcbsKOs5wDDBr8=,XZnDbZUTfIipeyIUlG1U0jOqeAw=
-10,8,B18ww0wgoDJ3EHcbsKOs5wDDBr8=,ciaeksXosoxetqB/yMowybfhUUs=
-9,8,yKuzgD6CyPyxdJbFmf9bddh7oi8=,Gy8PZtyCCcUbTqAfOI6MSHTCQoo=
-8,8,yKuzgD6CyPyxdJbFmf9bddh7oi8=,O7V6JYvWZXFUJ42WpHpvxT8EQ8s=
-7,8,yKuzgD6CyPyxdJbFmf9bddh7oi8=,EZjzyVQeK+inM2zzYR1Prr9CyM4=
-6,8,yKuzgD6CyPyxdJbFmf9bddh7oi8=,5uOUifoaO6kwd+1R78cgyVCYCGk=
-5,8,yKuzgD6CyPyxdJbFmf9bddh7oi8=,igTIZdIEA+Asaun6YquhN68J/bw=
-4,8,yKuzgD6CyPyxdJbFmf9bddh7oi8=,1pgccJ9p2qHtsmLAKdvulA94QmU=
-3,8,yKuzgD6CyPyxdJbFmf9bddh7oi8=,rcEvdzq69E9/jVAy1gKzksp9/KE=
-2,8,yKuzgD6CyPyxdJbFmf9bddh7oi8=,FKTbccVYD8crFLp6ESYT/xOU9as=
-1,8,yKuzgD6CyPyxdJbFmf9bddh7oi8=,/WWNsV/FWRPSQOCqAklyAOjJbcY=
-22,9,85Ji0dMb0twBJIdz0HOeg5GXCrc=,YcwQvCqcoEUSjTIX7+8nF4nZfzg=
-21,9,85Ji0dMb0twBJIdz0HOeg5GXCrc=,YcwQvCqcoEUSjTIX7+8nF4nZfzg=
-19,9,85Ji0dMb0twBJIdz0HOeg5GXCrc=,YcwQvCqcoEUSjTIX7+8nF4nZfzg=
-18,9,85Ji0dMb0twBJIdz0HOeg5GXCrc=,YcwQvCqcoEUSjTIX7+8nF4nZfzg=
-17,9,85Ji0dMb0twBJIdz0HOeg5GXCrc=,YcwQvCqcoEUSjTIX7+8nF4nZfzg=
-16,9,85Ji0dMb0twBJIdz0HOeg5GXCrc=,Gy8PZtyCCcUbTqAfOI6MSHTCQoo=
-15,9,85Ji0dMb0twBJIdz0HOeg5GXCrc=,Gy8PZtyCCcUbTqAfOI6MSHTCQoo=
-14,9,85Ji0dMb0twBJIdz0HOeg5GXCrc=,Gy8PZtyCCcUbTqAfOI6MSHTCQoo=
-13,9,85Ji0dMb0twBJIdz0HOeg5GXCrc=,Gy8PZtyCCcUbTqAfOI6MSHTCQoo=
-12,9,85Ji0dMb0twBJIdz0HOeg5GXCrc=,9ng8mHs+yKdjoDlGiLvxw1aw83g=
-11,9,85Ji0dMb0twBJIdz0HOeg5GXCrc=,I/wE5lsitfl6VShATel7YO6YJvI=
-10,9,85Ji0dMb0twBJIdz0HOeg5GXCrc=,PVFnrZ15k4urhqF3NlI7I5NDuR8=
-9,9,85Ji0dMb0twBJIdz0HOeg5GXCrc=,+5xaPQmTrQc5oII4tC1+TEwKWTM=
-8,9,85Ji0dMb0twBJIdz0HOeg5GXCrc=,nxY0kn0EW8mnsd4LoCJ0a8+Rm1A=
-7,9,85Ji0dMb0twBJIdz0HOeg5GXCrc=,637Wgf1f+xzw0Q8vcPTHnwpIQkA=
-6,9,85Ji0dMb0twBJIdz0HOeg5GXCrc=,l78uUieIIOiVFISUcUITFvfX11g=
-5,9,cEMPGT0Bye/TDLcciNEIHGuxOho=,QqFsSSPjykZwMiDDRaW0lc6tPxs=
-4,9,cEMPGT0Bye/TDLcciNEIHGuxOho=,EZjzyVQeK+inM2zzYR1Prr9CyM4=
-3,9,cEMPGT0Bye/TDLcciNEIHGuxOho=,QJeH1uHeRe9D6TOMLJzK9l21WLY=
-2,9,cEMPGT0Bye/TDLcciNEIHGuxOho=,xEXFnrEBaZXvgBumB8cLdII6Tug=
-1,9,cEMPGT0Bye/TDLcciNEIHGuxOho=,C3SYZ7LusVszhURDFV5+2kd17Ag=
-19,10,4UTqVR7Pi7IBDs+jAPNhs8WOlxw=,YcwQvCqcoEUSjTIX7+8nF4nZfzg=
-18,10,4UTqVR7Pi7IBDs+jAPNhs8WOlxw=,YcwQvCqcoEUSjTIX7+8nF4nZfzg=
-17,10,4UTqVR7Pi7IBDs+jAPNhs8WOlxw=,YcwQvCqcoEUSjTIX7+8nF4nZfzg=
-13,10,4UTqVR7Pi7IBDs+jAPNhs8WOlxw=,Gy8PZtyCCcUbTqAfOI6MSHTCQoo=
-12,10,4UTqVR7Pi7IBDs+jAPNhs8WOlxw=,nMPJAgvQplmXC5UfhOtZCPNaXiI=
-11,10,4UTqVR7Pi7IBDs+jAPNhs8WOlxw=,Btb7DGSih9rUr7h/OxttxVOqqqw=
-10,10,4UTqVR7Pi7IBDs+jAPNhs8WOlxw=,1fX9Yjkw2ahEJB27hoYwDl86d9w=
-9,10,V6yf+uGZ1z3CM3R2C4K9gCSDTtQ=,nkAe/bQENcrFZwBYGDI2Z/FA5Yg=
-8,10,V6yf+uGZ1z3CM3R2C4K9gCSDTtQ=,gk7dqYXqeJBNAm10fBCESBgCd6g=
-7,10,V6yf+uGZ1z3CM3R2C4K9gCSDTtQ=,raOtfv8vXiiEOJwTGMShVG9pTco=
-6,10,V6yf+uGZ1z3CM3R2C4K9gCSDTtQ=,Udwsrma5aKWIw2K6ftKnj/ym6Qc=
-4,10,V6yf+uGZ1z3CM3R2C4K9gCSDTtQ=,dexgimkGAKvZcDDN1wEwm87QEEQ=
-3,10,V6yf+uGZ1z3CM3R2C4K9gCSDTtQ=,yIK4/7jBxq6FD8UUQj6Z4q6OgPY=
-2,10,V6yf+uGZ1z3CM3R2C4K9gCSDTtQ=,JtiJ6Hyp74dlkBZiaw2NuI8ZDyA=
-1,10,V6yf+uGZ1z3CM3R2C4K9gCSDTtQ=,lwcq8o2w9FFlCnWsYWpZe8Fm+hw=
-20,11,CPSRjibAa+0qtC95Z6kimcHrHqw=,YcwQvCqcoEUSjTIX7+8nF4nZfzg=
-19,11,CPSRjibAa+0qtC95Z6kimcHrHqw=,YcwQvCqcoEUSjTIX7+8nF4nZfzg=
-18,11,CPSRjibAa+0qtC95Z6kimcHrHqw=,YcwQvCqcoEUSjTIX7+8nF4nZfzg=
-17,11,CPSRjibAa+0qtC95Z6kimcHrHqw=,YcwQvCqcoEUSjTIX7+8nF4nZfzg=
-16,11,CPSRjibAa+0qtC95Z6kimcHrHqw=,Gy8PZtyCCcUbTqAfOI6MSHTCQoo=
-15,11,CPSRjibAa+0qtC95Z6kimcHrHqw=,Gy8PZtyCCcUbTqAfOI6MSHTCQoo=
-14,11,CPSRjibAa+0qtC95Z6kimcHrHqw=,Gy8PZtyCCcUbTqAfOI6MSHTCQoo=
-13,11,CPSRjibAa+0qtC95Z6kimcHrHqw=,Gy8PZtyCCcUbTqAfOI6MSHTCQoo=
-12,11,CPSRjibAa+0qtC95Z6kimcHrHqw=,nMPJAgvQplmXC5UfhOtZCPNaXiI=
-11,11,CPSRjibAa+0qtC95Z6kimcHrHqw=,bJXCCRyt6IdOPrkK/pIgwtZjgp0=
-10,11,CPSRjibAa+0qtC95Z6kimcHrHqw=,JD0ORfYLiCNj//PQR8vgI8WoOSg=
-9,11,CPSRjibAa+0qtC95Z6kimcHrHqw=,GJBm0Il3BPfEXaTa0GVj+9PZGEs=
-8,11,CPSRjibAa+0qtC95Z6kimcHrHqw=,kB6LO+EVo06Y+FsFY6PrgPcjdsA=
-7,11,CPSRjibAa+0qtC95Z6kimcHrHqw=,UiyvZ1fFwGMW3fRgPJ+KBBXOhxQ=
-6,11,CPSRjibAa+0qtC95Z6kimcHrHqw=,FDjhjiq3ek3oBLwmFG/Eaeln020=
-5,11,CPSRjibAa+0qtC95Z6kimcHrHqw=,aFw/3Vsc8J+sVHjdh/kjzAp9n2A=
-4,11,CPSRjibAa+0qtC95Z6kimcHrHqw=,oXZwlKlIvfO9A5SNc2hd+rfuSoQ=
-3,11,CPSRjibAa+0qtC95Z6kimcHrHqw=,sdjz0/nxys1c37ATmvA0CSr6sHw=
-2,11,CPSRjibAa+0qtC95Z6kimcHrHqw=,29FfjeGc+/4Zq3XtIw17LH7IK+Y=
-1,11,CPSRjibAa+0qtC95Z6kimcHrHqw=,Eo3fJxZQR3iIbIY2OvrpmShLNJo=
-20,12,O27yLLysuu9xKcm3q0DtDMOxWOY=,YcwQvCqcoEUSjTIX7+8nF4nZfzg=
-19,12,O27yLLysuu9xKcm3q0DtDMOxWOY=,YcwQvCqcoEUSjTIX7+8nF4nZfzg=
-18,12,O27yLLysuu9xKcm3q0DtDMOxWOY=,YcwQvCqcoEUSjTIX7+8nF4nZfzg=
-17,12,O27yLLysuu9xKcm3q0DtDMOxWOY=,YcwQvCqcoEUSjTIX7+8nF4nZfzg=
-11,12,O27yLLysuu9xKcm3q0DtDMOxWOY=,GfEmU76Ka68KrDgoTnVw1y09frM=
-9,12,O27yLLysuu9xKcm3q0DtDMOxWOY=,Gy8PZtyCCcUbTqAfOI6MSHTCQoo=
-8,12,O27yLLysuu9xKcm3q0DtDMOxWOY=,kB6LO+EVo06Y+FsFY6PrgPcjdsA=
-7,12,O27yLLysuu9xKcm3q0DtDMOxWOY=,OUA6P5KJjxOaMt4qQIX5d1F2CP8=
-6,12,O27yLLysuu9xKcm3q0DtDMOxWOY=,i2jgEUmWglskib9jQcIxGz7dqXE=
-5,12,O27yLLysuu9xKcm3q0DtDMOxWOY=,oz2y+QVG7W9nuheFbpE0SJVBn+g=
-4,12,O27yLLysuu9xKcm3q0DtDMOxWOY=,hf4g1e19HKc2wBf14HhaV1u4+DQ=
-3,12,SQqFvtss1qf0xOzjiyllwNTwKKM=,LDlO2B0lV7bbg0OIg+qfL1r9ohQ=
-2,12,SQqFvtss1qf0xOzjiyllwNTwKKM=,gcLkNvA7a5jRXB15+HMg6V8W/NQ=
-1,12,SQqFvtss1qf0xOzjiyllwNTwKKM=,0n7dGR/DovYgRjvqlQghVEgGarI=
-22,13,GWRWotrIY5UZhcolrYpeel9RnSI=,YcwQvCqcoEUSjTIX7+8nF4nZfzg=
-19,13,GWRWotrIY5UZhcolrYpeel9RnSI=,YcwQvCqcoEUSjTIX7+8nF4nZfzg=
-18,13,GWRWotrIY5UZhcolrYpeel9RnSI=,YcwQvCqcoEUSjTIX7+8nF4nZfzg=
-12,13,GWRWotrIY5UZhcolrYpeel9RnSI=,sRIvOf95Xg1653C3zKvSOLx4XKs=
-11,13,GWRWotrIY5UZhcolrYpeel9RnSI=,ciaeksXosoxetqB/yMowybfhUUs=
-8,13,Z9Rk4hNJc1S1VDpS0TLw+ScrSZw=,HZ+lakyT3tolNr5/2veFcmJWcVs=
-6,13,Z9Rk4hNJc1S1VDpS0TLw+ScrSZw=,yL3sK6VR1gcMSsMAflEda3wgSE8=
-5,13,Z9Rk4hNJc1S1VDpS0TLw+ScrSZw=,L/sN88djBpj9kbltOAX6zjdpyKw=
-4,13,Z9Rk4hNJc1S1VDpS0TLw+ScrSZw=,ym9PdqyM76/zFyFkwaVepp0pxFY=
-3,13,Z9Rk4hNJc1S1VDpS0TLw+ScrSZw=,fv2ra0oOdwZy22iXlSGha9kLd8M=
-2,13,Z9Rk4hNJc1S1VDpS0TLw+ScrSZw=,WZMm7nAgez+3CM3hLiit6js/8us=
-1,13,Z9Rk4hNJc1S1VDpS0TLw+ScrSZw=,sdEhsoo981M2YLYf4I7RdQPVHKQ=
-23,14,ztFPJW1FasvhSMS1hgwXLAx85t8=,YcwQvCqcoEUSjTIX7+8nF4nZfzg=
-19,14,ztFPJW1FasvhSMS1hgwXLAx85t8=,YcwQvCqcoEUSjTIX7+8nF4nZfzg=
-12,14,ztFPJW1FasvhSMS1hgwXLAx85t8=,9C1m0CUHEfBvIbV35u+j6U5eg4w=
-11,14,ztFPJW1FasvhSMS1hgwXLAx85t8=,UkRlzAkqtv8Hjy6UrR0rhwy7tTA=
-8,14,ztFPJW1FasvhSMS1hgwXLAx85t8=,EgagmWFSynmFU1qItPcAXOoEibg=
-7,14,ztFPJW1FasvhSMS1hgwXLAx85t8=,4vKkS090r2dS1z46TKH2F02xzYo=
-6,14,ztFPJW1FasvhSMS1hgwXLAx85t8=,kB6LO+EVo06Y+FsFY6PrgPcjdsA=
-5,14,ztFPJW1FasvhSMS1hgwXLAx85t8=,LtKzjZ/UoQgTTsHCNhQpWM0H8YI=
-4,14,ztFPJW1FasvhSMS1hgwXLAx85t8=,hBZw7kOhwZ+zZcTxIF63FcXBZJY=
-3,14,ztFPJW1FasvhSMS1hgwXLAx85t8=,NZq6hguJGxuKYK/gkElLgKRjZbw=
-2,14,QlnldblhLjrTbiOp9gaH1mijBjI=,GSCXIeADaPuhGnbfngw8s9lKwr8=
-1,14,QlnldblhLjrTbiOp9gaH1mijBjI=,upQn81zxZX36+gTZson36ZxAb8g=
-19,15,6p2saWKbyzHRoUiy3e3O6EnmKSs=,YcwQvCqcoEUSjTIX7+8nF4nZfzg=
-18,15,6p2saWKbyzHRoUiy3e3O6EnmKSs=,YcwQvCqcoEUSjTIX7+8nF4nZfzg=
-14,15,6p2saWKbyzHRoUiy3e3O6EnmKSs=,Gy8PZtyCCcUbTqAfOI6MSHTCQoo=
-13,15,me8yAbOD61wfoP3H3fd8IUF4C2M=,Gy8PZtyCCcUbTqAfOI6MSHTCQoo=
-12,15,me8yAbOD61wfoP3H3fd8IUF4C2M=,Gy8PZtyCCcUbTqAfOI6MSHTCQoo=
-8,15,me8yAbOD61wfoP3H3fd8IUF4C2M=,Xwp4td4T8wN1ODSMmrc32ASl0aE=
-7,15,me8yAbOD61wfoP3H3fd8IUF4C2M=,yhzrNw8CPYgyX58qCVxXrBaHS3E=
-6,15,me8yAbOD61wfoP3H3fd8IUF4C2M=,kB6LO+EVo06Y+FsFY6PrgPcjdsA=
-5,15,me8yAbOD61wfoP3H3fd8IUF4C2M=,B9EDPFK19GbdN3JOsC4C7QvbTUM=
-4,15,me8yAbOD61wfoP3H3fd8IUF4C2M=,8vJhFinKpnMlcRvYvyqpap9rRzs=
-2,15,me8yAbOD61wfoP3H3fd8IUF4C2M=,XvAigO9y2sY4VKcY4U+4zo+2NEA=
-1,15,me8yAbOD61wfoP3H3fd8IUF4C2M=,DrIUJZcr/aW+zXA0A8W1nFPbYFs=
-20,16,V/VMw+lNO3Cm0SM1BUlvbNU1NWw=,TBmRJUqkVR6mdsEhMU9T+m9KI/w=
-16,16,V/VMw+lNO3Cm0SM1BUlvbNU1NWw=,IxOawu4jhKflzFUpO6HrAZlqbY0=
-15,16,V/VMw+lNO3Cm0SM1BUlvbNU1NWw=,IxOawu4jhKflzFUpO6HrAZlqbY0=
-14,16,V/VMw+lNO3Cm0SM1BUlvbNU1NWw=,IxOawu4jhKflzFUpO6HrAZlqbY0=
-13,16,V/VMw+lNO3Cm0SM1BUlvbNU1NWw=,GDBF58B9ZklAsBeOo1FRyrkFfr0=
-12,16,V/VMw+lNO3Cm0SM1BUlvbNU1NWw=,fEyoewgJOTbPEC9Rg8N5kML7WCM=
-11,16,V/VMw+lNO3Cm0SM1BUlvbNU1NWw=,NPVlTLBXbOn+1ZSfDwV7AAag/N0=
-8,16,V/VMw+lNO3Cm0SM1BUlvbNU1NWw=,uBoPD8C/EyKZtMYl+LFqFD7Wfek=
-7,16,V/VMw+lNO3Cm0SM1BUlvbNU1NWw=,E3PWk/HcndFxdVbXDISyStdQfVU=
-6,16,V/VMw+lNO3Cm0SM1BUlvbNU1NWw=,hAaxNrQC0XeUNp75MUDFuxl6KQg=
-5,16,9IcL0ZG4xInbhJldjw/EpC75q1E=,1dkbhs1BybtaAIHgFbQubPf9YTc=
-4,16,9IcL0ZG4xInbhJldjw/EpC75q1E=,iUw//6CgeBDrJ2B3rPT3FUVulPg=
-2,16,9IcL0ZG4xInbhJldjw/EpC75q1E=,QG7DfoNJ4uUXFJxB07otxa5XS3w=
-1,16,9IcL0ZG4xInbhJldjw/EpC75q1E=,UC7AxAovspNyZ8Indsai/iUN/gg=
-19,17,W3qeCsM+YwHgaOdJp/VSrRPoLhM=,TBmRJUqkVR6mdsEhMU9T+m9KI/w=
-18,17,W3qeCsM+YwHgaOdJp/VSrRPoLhM=,TBmRJUqkVR6mdsEhMU9T+m9KI/w=
-16,17,kU4s8h8AAlQbsWVumAQqOeAqAw0=,IxOawu4jhKflzFUpO6HrAZlqbY0=
-13,17,kU4s8h8AAlQbsWVumAQqOeAqAw0=,alHsjV30/NGYR+oEdn89ufeunew=
-12,17,kU4s8h8AAlQbsWVumAQqOeAqAw0=,bmX5L5g5dx+D0T4Tg/dydGckfjE=
-11,17,kU4s8h8AAlQbsWVumAQqOeAqAw0=,PyhqFmqGcQY26d39VuVvAF6I6rw=
-10,17,kU4s8h8AAlQbsWVumAQqOeAqAw0=,IxOawu4jhKflzFUpO6HrAZlqbY0=
-9,17,kU4s8h8AAlQbsWVumAQqOeAqAw0=,IxOawu4jhKflzFUpO6HrAZlqbY0=
-8,17,kU4s8h8AAlQbsWVumAQqOeAqAw0=,UC7AxAovspNyZ8Indsai/iUN/gg=
-7,17,kU4s8h8AAlQbsWVumAQqOeAqAw0=,chJtMaw3XldQIGZldLichcxeJs8=
-6,17,kU4s8h8AAlQbsWVumAQqOeAqAw0=,wgkxw9T6iQUB65qNdaaap7aw8vE=
-5,17,kU4s8h8AAlQbsWVumAQqOeAqAw0=,kBmZuodfVL1ln9i70gJFLEPFI58=
-4,17,kU4s8h8AAlQbsWVumAQqOeAqAw0=,jam5zZDl4X3yXgxt3PLxogBnL40=
-2,17,kU4s8h8AAlQbsWVumAQqOeAqAw0=,fyfTM8Tzijq4RgvjmKmQv0HEGkI=
-1,17,kU4s8h8AAlQbsWVumAQqOeAqAw0=,0Err0eHSdH6mQ2RRyPeSvbJDgKE=
-22,18,lnXK7mdjnW2ddmdpKKdPyhqAJLk=,TBmRJUqkVR6mdsEhMU9T+m9KI/w=
-18,18,lnXK7mdjnW2ddmdpKKdPyhqAJLk=,TBmRJUqkVR6mdsEhMU9T+m9KI/w=
-17,18,lnXK7mdjnW2ddmdpKKdPyhqAJLk=,TBmRJUqkVR6mdsEhMU9T+m9KI/w=
-16,18,lnXK7mdjnW2ddmdpKKdPyhqAJLk=,IxOawu4jhKflzFUpO6HrAZlqbY0=
-7,18,lnXK7mdjnW2ddmdpKKdPyhqAJLk=,l3TffJykyWw88tr0QhA8I4lAX5M=
-6,18,lnXK7mdjnW2ddmdpKKdPyhqAJLk=,YuZuuY8b+aT/+ZLru+DaMRhD6oo=
-5,18,lnXK7mdjnW2ddmdpKKdPyhqAJLk=,3x9M0ddVX2ug/QAXVms1C3z21X8=
-4,18,d5GpX1fv1e7Fk8svpfHcDwh6ETA=,r3blHxz+EmYFeE19y3Si6MrF3ik=
-3,18,d5GpX1fv1e7Fk8svpfHcDwh6ETA=,FyF9ph/q3Hzes59LixtNaxhsoh8=
-2,18,d5GpX1fv1e7Fk8svpfHcDwh6ETA=,F3EXfdqq0SU/T6RZ1KjfjoF+wyI=
-1,18,d5GpX1fv1e7Fk8svpfHcDwh6ETA=,iUw//6CgeBDrJ2B3rPT3FUVulPg=
-18,19,sNQs2wL/NkG9+HOeKK3jh9fSUY4=,TBmRJUqkVR6mdsEhMU9T+m9KI/w=
-16,19,sNQs2wL/NkG9+HOeKK3jh9fSUY4=,IxOawu4jhKflzFUpO6HrAZlqbY0=
-12,19,yxaW7ZsUHV7JEJuNPqLX+Xc+PY4=,IxOawu4jhKflzFUpO6HrAZlqbY0=
-8,19,yxaW7ZsUHV7JEJuNPqLX+Xc+PY4=,ehFZPWgzbzHDHGtJzv2JhKHQnm4=
-7,19,yxaW7ZsUHV7JEJuNPqLX+Xc+PY4=,hRP95sAF3yX9YJ8y8hIaJv4uvvg=
-6,19,yxaW7ZsUHV7JEJuNPqLX+Xc+PY4=,aOMRoqhplgnL5nCd3rNRbpy1Pfs=
-5,19,yxaW7ZsUHV7JEJuNPqLX+Xc+PY4=,AJT7bcatu50K8DlWEXFfv7e/RgU=
-4,19,yxaW7ZsUHV7JEJuNPqLX+Xc+PY4=,8KB0G2ENPtjPFbuS5spKDlLpppk=
-3,19,yxaW7ZsUHV7JEJuNPqLX+Xc+PY4=,F3EXfdqq0SU/T6RZ1KjfjoF+wyI=
-1,19,yxaW7ZsUHV7JEJuNPqLX+Xc+PY4=,iUw//6CgeBDrJ2B3rPT3FUVulPg=
-8,20,aaWG08+rsf2ruQZBHapn+t9Wqdk=,ehFZPWgzbzHDHGtJzv2JhKHQnm4=
-7,20,aaWG08+rsf2ruQZBHapn+t9Wqdk=,1CxVGy5JEvPehqH88j8OEg0ffNw=
-6,20,aaWG08+rsf2ruQZBHapn+t9Wqdk=,sMbJkogOgeQnbjt7c5B/79C4lTk=
-9,21,kxp6pwuYW3u67EROKrkBi6nO1lE=,fEyoewgJOTbPEC9Rg8N5kML7WCM=
-8,21,kxp6pwuYW3u67EROKrkBi6nO1lE=,ehFZPWgzbzHDHGtJzv2JhKHQnm4=
-7,21,kxp6pwuYW3u67EROKrkBi6nO1lE=,J7LjS/09XZtqmFN4k/GO7wlmqXE=
-6,21,kxp6pwuYW3u67EROKrkBi6nO1lE=,xGvNCGJj2daijH5jL/HJ8P8TlIk=
-5,21,u3c/rln1lJ5CGKl3JhYQUIhXsvg=,Uqc7WRJgEG0Hqz4gVT2XEF8leEc=
-8,22,qiC+IuBUWEt+9kg7BKB/SwlafMg=,96SPMVIQRXFdKl4/Up7NXm6Rsw8=
-7,22,qiC+IuBUWEt+9kg7BKB/SwlafMg=,FyF9ph/q3Hzes59LixtNaxhsoh8=
-6,22,qiC+IuBUWEt+9kg7BKB/SwlafMg=,96SPMVIQRXFdKl4/Up7NXm6Rsw8=
-5,22,qiC+IuBUWEt+9kg7BKB/SwlafMg=,M2KEyIFMAU9mCK9Xtudu+Mw5+8M=
-4,22,qiC+IuBUWEt+9kg7BKB/SwlafMg=,iUw//6CgeBDrJ2B3rPT3FUVulPg=
-26,23,ta96s5zizZkW6wNpxnuOgNAsw0A=,22xu7dCCeCamNdb0uNuKk7nYro8=
-7,23,ta96s5zizZkW6wNpxnuOgNAsw0A=,iUw//6CgeBDrJ2B3rPT3FUVulPg=
-6,23,ta96s5zizZkW6wNpxnuOgNAsw0A=,AcTTfjFPAI0A1MYzPayEx6N0YP4=
-5,23,ta96s5zizZkW6wNpxnuOgNAsw0A=,F3EXfdqq0SU/T6RZ1KjfjoF+wyI=
-1,23,zs0AGTiGHy4lI1U9+BVHbDPZcMc=,iUw//6CgeBDrJ2B3rPT3FUVulPg=
-1,26,5KdyYWbKX32MrpUxj7f71IyzTDE=,C2LDZ2cLMf/wp1GtqW/pnQnXxEk=
-3,27,Eety0/9Y3wXtguWEJHRLUaX7ZEc=,+eYSZCKMELy2Ti5qx12SVbIGuYk=
-1,27,Eety0/9Y3wXtguWEJHRLUaX7ZEc=,+eYSZCKMELy2Ti5qx12SVbIGuYk=
-23,28,ffsXtvwKl+gIOyKLwz0w+OAyjBI=,g+hTNLWAJ4aTNvip0YjdGYqT0g8=
-29,31,GKT8Ik9yKYjWuE7dooI/7AonMXI=,22xu7dCCeCamNdb0uNuKk7nYro8=
