-18,66,QYEhrLEqihZpDaT26MizqU2F5pg=,n3gKcw2JX5cvxp8XiN0pmBBngk0=
-17,79,QYEhrLEqihZpDaT26MizqU2F5pg=,n3gKcw2JX5cvxp8XiN0pmBBngk0=
-19,66,QYEhrLEqihZpDaT26MizqU2F5pg=,n3gKcw2JX5cvxp8XiN0pmBBngk0=
-18,79,QYEhrLEqihZpDaT26MizqU2F5pg=,n3gKcw2JX5cvxp8XiN0pmBBngk0=
-19,79,QYEhrLEqihZpDaT26MizqU2F5pg=,n3gKcw2JX5cvxp8XiN0pmBBngk0=
-20,79,QYEhrLEqihZpDaT26MizqU2F5pg=,n3gKcw2JX5cvxp8XiN0pmBBngk0=
-21,79,QYEhrLEqihZpDaT26MizqU2F5pg=,n3gKcw2JX5cvxp8XiN0pmBBngk0=
-22,79,QYEhrLEqihZpDaT26MizqU2F5pg=,n3gKcw2JX5cvxp8XiN0pmBBngk0=
-29,64,QYEhrLEqihZpDaT26MizqU2F5pg=,n3gKcw2JX5cvxp8XiN0pmBBngk0=
-23,79,QYEhrLEqihZpDaT26MizqU2F5pg=,n3gKcw2JX5cvxp8XiN0pmBBngk0=
-24,79,QYEhrLEqihZpDaT26MizqU2F5pg=,n3gKcw2JX5cvxp8XiN0pmBBngk0=
-25,79,QYEhrLEqihZpDaT26MizqU2F5pg=,n3gKcw2JX5cvxp8XiN0pmBBngk0=
-26,79,QYEhrLEqihZpDaT26MizqU2F5pg=,n3gKcw2JX5cvxp8XiN0pmBBngk0=
-27,79,QYEhrLEqihZpDaT26MizqU2F5pg=,n3gKcw2JX5cvxp8XiN0pmBBngk0=
-28,79,QYEhrLEqihZpDaT26MizqU2F5pg=,n3gKcw2JX5cvxp8XiN0pmBBngk0=
-29,79,QYEhrLEqihZpDaT26MizqU2F5pg=,n3gKcw2JX5cvxp8XiN0pmBBngk0=
-30,79,QYEhrLEqihZpDaT26MizqU2F5pg=,n3gKcw2JX5cvxp8XiN0pmBBngk0=
-31,79,QYEhrLEqihZpDaT26MizqU2F5pg=,n3gKcw2JX5cvxp8XiN0pmBBngk0=
-17,65,QYEhrLEqihZpDaT26MizqU2F5pg=,n3gKcw2JX5cvxp8XiN0pmBBngk0=
-31,65,QYEhrLEqihZpDaT26MizqU2F5pg=,n3gKcw2JX5cvxp8XiN0pmBBngk0=
-18,65,QYEhrLEqihZpDaT26MizqU2F5pg=,n3gKcw2JX5cvxp8XiN0pmBBngk0=
-32,79,QYEhrLEqihZpDaT26MizqU2F5pg=,n3gKcw2JX5cvxp8XiN0pmBBngk0=
-19,65,QYEhrLEqihZpDaT26MizqU2F5pg=,n3gKcw2JX5cvxp8XiN0pmBBngk0=
-20,65,QYEhrLEqihZpDaT26MizqU2F5pg=,n3gKcw2JX5cvxp8XiN0pmBBngk0=
-21,65,QYEhrLEqihZpDaT26MizqU2F5pg=,n3gKcw2JX5cvxp8XiN0pmBBngk0=
-22,65,QYEhrLEqihZpDaT26MizqU2F5pg=,n3gKcw2JX5cvxp8XiN0pmBBngk0=
-23,65,QYEhrLEqihZpDaT26MizqU2F5pg=,n3gKcw2JX5cvxp8XiN0pmBBngk0=
-24,65,QYEhrLEqihZpDaT26MizqU2F5pg=,n3gKcw2JX5cvxp8XiN0pmBBngk0=
-25,65,QYEhrLEqihZpDaT26MizqU2F5pg=,n3gKcw2JX5cvxp8XiN0pmBBngk0=
-26,65,QYEhrLEqihZpDaT26MizqU2F5pg=,n3gKcw2JX5cvxp8XiN0pmBBngk0=
-27,65,QYEhrLEqihZpDaT26MizqU2F5pg=,n3gKcw2JX5cvxp8XiN0pmBBngk0=
-28,65,QYEhrLEqihZpDaT26MizqU2F5pg=,n3gKcw2JX5cvxp8XiN0pmBBngk0=
-29,65,QYEhrLEqihZpDaT26MizqU2F5pg=,n3gKcw2JX5cvxp8XiN0pmBBngk0=
-30,65,QYEhrLEqihZpDaT26MizqU2F5pg=,n3gKcw2JX5cvxp8XiN0pmBBngk0=
-17,78,QYEhrLEqihZpDaT26MizqU2F5pg=,n3gKcw2JX5cvxp8XiN0pmBBngk0=
-30,64,QYEhrLEqihZpDaT26MizqU2F5pg=,n3gKcw2JX5cvxp8XiN0pmBBngk0=
-18,78,QYEhrLEqihZpDaT26MizqU2F5pg=,n3gKcw2JX5cvxp8XiN0pmBBngk0=
-20,66,QYEhrLEqihZpDaT26MizqU2F5pg=,n3gKcw2JX5cvxp8XiN0pmBBngk0=
-19,78,QYEhrLEqihZpDaT26MizqU2F5pg=,n3gKcw2JX5cvxp8XiN0pmBBngk0=
-20,78,QYEhrLEqihZpDaT26MizqU2F5pg=,n3gKcw2JX5cvxp8XiN0pmBBngk0=
-21,78,QYEhrLEqihZpDaT26MizqU2F5pg=,n3gKcw2JX5cvxp8XiN0pmBBngk0=
-22,78,QYEhrLEqihZpDaT26MizqU2F5pg=,n3gKcw2JX5cvxp8XiN0pmBBngk0=
-23,78,QYEhrLEqihZpDaT26MizqU2F5pg=,n3gKcw2JX5cvxp8XiN0pmBBngk0=
-24,78,QYEhrLEqihZpDaT26MizqU2F5pg=,n3gKcw2JX5cvxp8XiN0pmBBngk0=
-25,78,QYEhrLEqihZpDaT26MizqU2F5pg=,n3gKcw2JX5cvxp8XiN0pmBBngk0=
-26,78,QYEhrLEqihZpDaT26MizqU2F5pg=,n3gKcw2JX5cvxp8XiN0pmBBngk0=
-27,78,QYEhrLEqihZpDaT26MizqU2F5pg=,n3gKcw2JX5cvxp8XiN0pmBBngk0=
-28,78,QYEhrLEqihZpDaT26MizqU2F5pg=,n3gKcw2JX5cvxp8XiN0pmBBngk0=
-29,78,QYEhrLEqihZpDaT26MizqU2F5pg=,n3gKcw2JX5cvxp8XiN0pmBBngk0=
-30,78,QYEhrLEqihZpDaT26MizqU2F5pg=,n3gKcw2JX5cvxp8XiN0pmBBngk0=
-31,78,QYEhrLEqihZpDaT26MizqU2F5pg=,n3gKcw2JX5cvxp8XiN0pmBBngk0=
-32,78,QYEhrLEqihZpDaT26MizqU2F5pg=,n3gKcw2JX5cvxp8XiN0pmBBngk0=
-17,77,QYEhrLEqihZpDaT26MizqU2F5pg=,n3gKcw2JX5cvxp8XiN0pmBBngk0=
-32,65,QYEhrLEqihZpDaT26MizqU2F5pg=,n3gKcw2JX5cvxp8XiN0pmBBngk0=
-18,77,QYEhrLEqihZpDaT26MizqU2F5pg=,n3gKcw2JX5cvxp8XiN0pmBBngk0=
-17,64,QYEhrLEqihZpDaT26MizqU2F5pg=,n3gKcw2JX5cvxp8XiN0pmBBngk0=
-19,77,QYEhrLEqihZpDaT26MizqU2F5pg=,n3gKcw2JX5cvxp8XiN0pmBBngk0=
-21,66,QYEhrLEqihZpDaT26MizqU2F5pg=,n3gKcw2JX5cvxp8XiN0pmBBngk0=
-20,77,QYEhrLEqihZpDaT26MizqU2F5pg=,n3gKcw2JX5cvxp8XiN0pmBBngk0=
-21,77,QYEhrLEqihZpDaT26MizqU2F5pg=,n3gKcw2JX5cvxp8XiN0pmBBngk0=
-22,77,QYEhrLEqihZpDaT26MizqU2F5pg=,n3gKcw2JX5cvxp8XiN0pmBBngk0=
-23,77,QYEhrLEqihZpDaT26MizqU2F5pg=,n3gKcw2JX5cvxp8XiN0pmBBngk0=
-24,77,QYEhrLEqihZpDaT26MizqU2F5pg=,n3gKcw2JX5cvxp8XiN0pmBBngk0=
-25,77,QYEhrLEqihZpDaT26MizqU2F5pg=,n3gKcw2JX5cvxp8XiN0pmBBngk0=
-26,77,QYEhrLEqihZpDaT26MizqU2F5pg=,n3gKcw2JX5cvxp8XiN0pmBBngk0=
-27,77,QYEhrLEqihZpDaT26MizqU2F5pg=,n3gKcw2JX5cvxp8XiN0pmBBngk0=
-28,77,QYEhrLEqihZpDaT26MizqU2F5pg=,n3gKcw2JX5cvxp8XiN0pmBBngk0=
-29,77,QYEhrLEqihZpDaT26MizqU2F5pg=,n3gKcw2JX5cvxp8XiN0pmBBngk0=
-30,77,QYEhrLEqihZpDaT26MizqU2F5pg=,n3gKcw2JX5cvxp8XiN0pmBBngk0=
-31,77,QYEhrLEqihZpDaT26MizqU2F5pg=,n3gKcw2JX5cvxp8XiN0pmBBngk0=
-31,64,QYEhrLEqihZpDaT26MizqU2F5pg=,n3gKcw2JX5cvxp8XiN0pmBBngk0=
-32,77,QYEhrLEqihZpDaT26MizqU2F5pg=,n3gKcw2JX5cvxp8XiN0pmBBngk0=
-17,76,QYEhrLEqihZpDaT26MizqU2F5pg=,n3gKcw2JX5cvxp8XiN0pmBBngk0=
-18,76,QYEhrLEqihZpDaT26MizqU2F5pg=,n3gKcw2JX5cvxp8XiN0pmBBngk0=
-19,76,QYEhrLEqihZpDaT26MizqU2F5pg=,n3gKcw2JX5cvxp8XiN0pmBBngk0=
-18,64,QYEhrLEqihZpDaT26MizqU2F5pg=,n3gKcw2JX5cvxp8XiN0pmBBngk0=
-20,76,QYEhrLEqihZpDaT26MizqU2F5pg=,n3gKcw2JX5cvxp8XiN0pmBBngk0=
-22,66,QYEhrLEqihZpDaT26MizqU2F5pg=,n3gKcw2JX5cvxp8XiN0pmBBngk0=
-21,76,QYEhrLEqihZpDaT26MizqU2F5pg=,n3gKcw2JX5cvxp8XiN0pmBBngk0=
-22,76,QYEhrLEqihZpDaT26MizqU2F5pg=,n3gKcw2JX5cvxp8XiN0pmBBngk0=
-23,76,QYEhrLEqihZpDaT26MizqU2F5pg=,n3gKcw2JX5cvxp8XiN0pmBBngk0=
-24,76,QYEhrLEqihZpDaT26MizqU2F5pg=,n3gKcw2JX5cvxp8XiN0pmBBngk0=
-25,76,QYEhrLEqihZpDaT26MizqU2F5pg=,n3gKcw2JX5cvxp8XiN0pmBBngk0=
-26,76,QYEhrLEqihZpDaT26MizqU2F5pg=,n3gKcw2JX5cvxp8XiN0pmBBngk0=
-27,76,QYEhrLEqihZpDaT26MizqU2F5pg=,n3gKcw2JX5cvxp8XiN0pmBBngk0=
-28,76,QYEhrLEqihZpDaT26MizqU2F5pg=,n3gKcw2JX5cvxp8XiN0pmBBngk0=
-29,76,QYEhrLEqihZpDaT26MizqU2F5pg=,n3gKcw2JX5cvxp8XiN0pmBBngk0=
-30,76,QYEhrLEqihZpDaT26MizqU2F5pg=,n3gKcw2JX5cvxp8XiN0pmBBngk0=
-31,76,QYEhrLEqihZpDaT26MizqU2F5pg=,n3gKcw2JX5cvxp8XiN0pmBBngk0=
-32,76,QYEhrLEqihZpDaT26MizqU2F5pg=,n3gKcw2JX5cvxp8XiN0pmBBngk0=
-17,75,QYEhrLEqihZpDaT26MizqU2F5pg=,n3gKcw2JX5cvxp8XiN0pmBBngk0=
-18,75,QYEhrLEqihZpDaT26MizqU2F5pg=,n3gKcw2JX5cvxp8XiN0pmBBngk0=
-19,75,QYEhrLEqihZpDaT26MizqU2F5pg=,n3gKcw2JX5cvxp8XiN0pmBBngk0=
-20,75,QYEhrLEqihZpDaT26MizqU2F5pg=,n3gKcw2JX5cvxp8XiN0pmBBngk0=
-21,75,QYEhrLEqihZpDaT26MizqU2F5pg=,n3gKcw2JX5cvxp8XiN0pmBBngk0=
-19,64,QYEhrLEqihZpDaT26MizqU2F5pg=,n3gKcw2JX5cvxp8XiN0pmBBngk0=
-23,66,QYEhrLEqihZpDaT26MizqU2F5pg=,n3gKcw2JX5cvxp8XiN0pmBBngk0=
-22,75,QYEhrLEqihZpDaT26MizqU2F5pg=,n3gKcw2JX5cvxp8XiN0pmBBngk0=
-23,75,QYEhrLEqihZpDaT26MizqU2F5pg=,n3gKcw2JX5cvxp8XiN0pmBBngk0=
-24,75,QYEhrLEqihZpDaT26MizqU2F5pg=,n3gKcw2JX5cvxp8XiN0pmBBngk0=
-25,75,QYEhrLEqihZpDaT26MizqU2F5pg=,n3gKcw2JX5cvxp8XiN0pmBBngk0=
-26,75,QYEhrLEqihZpDaT26MizqU2F5pg=,n3gKcw2JX5cvxp8XiN0pmBBngk0=
-27,75,QYEhrLEqihZpDaT26MizqU2F5pg=,n3gKcw2JX5cvxp8XiN0pmBBngk0=
-28,75,QYEhrLEqihZpDaT26MizqU2F5pg=,n3gKcw2JX5cvxp8XiN0pmBBngk0=
-29,75,QYEhrLEqihZpDaT26MizqU2F5pg=,n3gKcw2JX5cvxp8XiN0pmBBngk0=
-30,75,QYEhrLEqihZpDaT26MizqU2F5pg=,n3gKcw2JX5cvxp8XiN0pmBBngk0=
-31,75,QYEhrLEqihZpDaT26MizqU2F5pg=,n3gKcw2JX5cvxp8XiN0pmBBngk0=
-32,75,QYEhrLEqihZpDaT26MizqU2F5pg=,n3gKcw2JX5cvxp8XiN0pmBBngk0=
-17,74,QYEhrLEqihZpDaT26MizqU2F5pg=,n3gKcw2JX5cvxp8XiN0pmBBngk0=
-18,74,QYEhrLEqihZpDaT26MizqU2F5pg=,n3gKcw2JX5cvxp8XiN0pmBBngk0=
-19,74,QYEhrLEqihZpDaT26MizqU2F5pg=,n3gKcw2JX5cvxp8XiN0pmBBngk0=
-20,74,QYEhrLEqihZpDaT26MizqU2F5pg=,n3gKcw2JX5cvxp8XiN0pmBBngk0=
-21,74,QYEhrLEqihZpDaT26MizqU2F5pg=,n3gKcw2JX5cvxp8XiN0pmBBngk0=
-22,74,QYEhrLEqihZpDaT26MizqU2F5pg=,n3gKcw2JX5cvxp8XiN0pmBBngk0=
-20,64,QYEhrLEqihZpDaT26MizqU2F5pg=,n3gKcw2JX5cvxp8XiN0pmBBngk0=
-24,66,QYEhrLEqihZpDaT26MizqU2F5pg=,n3gKcw2JX5cvxp8XiN0pmBBngk0=
-23,74,QYEhrLEqihZpDaT26MizqU2F5pg=,n3gKcw2JX5cvxp8XiN0pmBBngk0=
-24,74,QYEhrLEqihZpDaT26MizqU2F5pg=,n3gKcw2JX5cvxp8XiN0pmBBngk0=
-25,74,QYEhrLEqihZpDaT26MizqU2F5pg=,n3gKcw2JX5cvxp8XiN0pmBBngk0=
-26,74,QYEhrLEqihZpDaT26MizqU2F5pg=,n3gKcw2JX5cvxp8XiN0pmBBngk0=
-27,74,QYEhrLEqihZpDaT26MizqU2F5pg=,n3gKcw2JX5cvxp8XiN0pmBBngk0=
-28,74,QYEhrLEqihZpDaT26MizqU2F5pg=,n3gKcw2JX5cvxp8XiN0pmBBngk0=
-29,74,QYEhrLEqihZpDaT26MizqU2F5pg=,n3gKcw2JX5cvxp8XiN0pmBBngk0=
-30,74,QYEhrLEqihZpDaT26MizqU2F5pg=,n3gKcw2JX5cvxp8XiN0pmBBngk0=
-31,74,QYEhrLEqihZpDaT26MizqU2F5pg=,n3gKcw2JX5cvxp8XiN0pmBBngk0=
-32,74,QYEhrLEqihZpDaT26MizqU2F5pg=,n3gKcw2JX5cvxp8XiN0pmBBngk0=
-17,73,QYEhrLEqihZpDaT26MizqU2F5pg=,n3gKcw2JX5cvxp8XiN0pmBBngk0=
-18,73,QYEhrLEqihZpDaT26MizqU2F5pg=,n3gKcw2JX5cvxp8XiN0pmBBngk0=
-19,73,QYEhrLEqihZpDaT26MizqU2F5pg=,n3gKcw2JX5cvxp8XiN0pmBBngk0=
-20,73,QYEhrLEqihZpDaT26MizqU2F5pg=,n3gKcw2JX5cvxp8XiN0pmBBngk0=
-21,73,QYEhrLEqihZpDaT26MizqU2F5pg=,n3gKcw2JX5cvxp8XiN0pmBBngk0=
-22,73,QYEhrLEqihZpDaT26MizqU2F5pg=,n3gKcw2JX5cvxp8XiN0pmBBngk0=
-23,73,QYEhrLEqihZpDaT26MizqU2F5pg=,n3gKcw2JX5cvxp8XiN0pmBBngk0=
-21,64,QYEhrLEqihZpDaT26MizqU2F5pg=,n3gKcw2JX5cvxp8XiN0pmBBngk0=
-25,66,QYEhrLEqihZpDaT26MizqU2F5pg=,n3gKcw2JX5cvxp8XiN0pmBBngk0=
-24,73,QYEhrLEqihZpDaT26MizqU2F5pg=,n3gKcw2JX5cvxp8XiN0pmBBngk0=
-25,73,QYEhrLEqihZpDaT26MizqU2F5pg=,n3gKcw2JX5cvxp8XiN0pmBBngk0=
-26,73,QYEhrLEqihZpDaT26MizqU2F5pg=,n3gKcw2JX5cvxp8XiN0pmBBngk0=
-27,73,QYEhrLEqihZpDaT26MizqU2F5pg=,n3gKcw2JX5cvxp8XiN0pmBBngk0=
-28,73,QYEhrLEqihZpDaT26MizqU2F5pg=,n3gKcw2JX5cvxp8XiN0pmBBngk0=
-29,73,QYEhrLEqihZpDaT26MizqU2F5pg=,n3gKcw2JX5cvxp8XiN0pmBBngk0=
-30,73,QYEhrLEqihZpDaT26MizqU2F5pg=,n3gKcw2JX5cvxp8XiN0pmBBngk0=
-31,73,QYEhrLEqihZpDaT26MizqU2F5pg=,n3gKcw2JX5cvxp8XiN0pmBBngk0=
-32,73,QYEhrLEqihZpDaT26MizqU2F5pg=,n3gKcw2JX5cvxp8XiN0pmBBngk0=
-17,72,QYEhrLEqihZpDaT26MizqU2F5pg=,n3gKcw2JX5cvxp8XiN0pmBBngk0=
-18,72,QYEhrLEqihZpDaT26MizqU2F5pg=,n3gKcw2JX5cvxp8XiN0pmBBngk0=
-19,72,QYEhrLEqihZpDaT26MizqU2F5pg=,n3gKcw2JX5cvxp8XiN0pmBBngk0=
-20,72,QYEhrLEqihZpDaT26MizqU2F5pg=,n3gKcw2JX5cvxp8XiN0pmBBngk0=
-21,72,QYEhrLEqihZpDaT26MizqU2F5pg=,n3gKcw2JX5cvxp8XiN0pmBBngk0=
-22,72,QYEhrLEqihZpDaT26MizqU2F5pg=,n3gKcw2JX5cvxp8XiN0pmBBngk0=
-23,72,QYEhrLEqihZpDaT26MizqU2F5pg=,n3gKcw2JX5cvxp8XiN0pmBBngk0=
-24,72,QYEhrLEqihZpDaT26MizqU2F5pg=,n3gKcw2JX5cvxp8XiN0pmBBngk0=
-22,64,QYEhrLEqihZpDaT26MizqU2F5pg=,n3gKcw2JX5cvxp8XiN0pmBBngk0=
-26,66,QYEhrLEqihZpDaT26MizqU2F5pg=,n3gKcw2JX5cvxp8XiN0pmBBngk0=
-25,72,QYEhrLEqihZpDaT26MizqU2F5pg=,n3gKcw2JX5cvxp8XiN0pmBBngk0=
-26,72,QYEhrLEqihZpDaT26MizqU2F5pg=,n3gKcw2JX5cvxp8XiN0pmBBngk0=
-27,72,QYEhrLEqihZpDaT26MizqU2F5pg=,n3gKcw2JX5cvxp8XiN0pmBBngk0=
-28,72,QYEhrLEqihZpDaT26MizqU2F5pg=,n3gKcw2JX5cvxp8XiN0pmBBngk0=
-29,72,QYEhrLEqihZpDaT26MizqU2F5pg=,n3gKcw2JX5cvxp8XiN0pmBBngk0=
-30,72,QYEhrLEqihZpDaT26MizqU2F5pg=,n3gKcw2JX5cvxp8XiN0pmBBngk0=
-31,72,QYEhrLEqihZpDaT26MizqU2F5pg=,n3gKcw2JX5cvxp8XiN0pmBBngk0=
-32,72,QYEhrLEqihZpDaT26MizqU2F5pg=,n3gKcw2JX5cvxp8XiN0pmBBngk0=
-17,71,QYEhrLEqihZpDaT26MizqU2F5pg=,n3gKcw2JX5cvxp8XiN0pmBBngk0=
-18,71,QYEhrLEqihZpDaT26MizqU2F5pg=,n3gKcw2JX5cvxp8XiN0pmBBngk0=
-19,71,QYEhrLEqihZpDaT26MizqU2F5pg=,n3gKcw2JX5cvxp8XiN0pmBBngk0=
-20,71,QYEhrLEqihZpDaT26MizqU2F5pg=,n3gKcw2JX5cvxp8XiN0pmBBngk0=
-21,71,QYEhrLEqihZpDaT26MizqU2F5pg=,n3gKcw2JX5cvxp8XiN0pmBBngk0=
-22,71,QYEhrLEqihZpDaT26MizqU2F5pg=,n3gKcw2JX5cvxp8XiN0pmBBngk0=
-23,71,QYEhrLEqihZpDaT26MizqU2F5pg=,n3gKcw2JX5cvxp8XiN0pmBBngk0=
-24,71,QYEhrLEqihZpDaT26MizqU2F5pg=,n3gKcw2JX5cvxp8XiN0pmBBngk0=
-25,71,QYEhrLEqihZpDaT26MizqU2F5pg=,n3gKcw2JX5cvxp8XiN0pmBBngk0=
-23,64,QYEhrLEqihZpDaT26MizqU2F5pg=,n3gKcw2JX5cvxp8XiN0pmBBngk0=
-27,66,QYEhrLEqihZpDaT26MizqU2F5pg=,n3gKcw2JX5cvxp8XiN0pmBBngk0=
-26,71,QYEhrLEqihZpDaT26MizqU2F5pg=,n3gKcw2JX5cvxp8XiN0pmBBngk0=
-27,71,QYEhrLEqihZpDaT26MizqU2F5pg=,n3gKcw2JX5cvxp8XiN0pmBBngk0=
-28,71,QYEhrLEqihZpDaT26MizqU2F5pg=,n3gKcw2JX5cvxp8XiN0pmBBngk0=
-29,71,QYEhrLEqihZpDaT26MizqU2F5pg=,n3gKcw2JX5cvxp8XiN0pmBBngk0=
-30,71,QYEhrLEqihZpDaT26MizqU2F5pg=,n3gKcw2JX5cvxp8XiN0pmBBngk0=
-31,71,QYEhrLEqihZpDaT26MizqU2F5pg=,n3gKcw2JX5cvxp8XiN0pmBBngk0=
-32,71,QYEhrLEqihZpDaT26MizqU2F5pg=,n3gKcw2JX5cvxp8XiN0pmBBngk0=
-17,70,QYEhrLEqihZpDaT26MizqU2F5pg=,n3gKcw2JX5cvxp8XiN0pmBBngk0=
-18,70,QYEhrLEqihZpDaT26MizqU2F5pg=,n3gKcw2JX5cvxp8XiN0pmBBngk0=
-19,70,QYEhrLEqihZpDaT26MizqU2F5pg=,n3gKcw2JX5cvxp8XiN0pmBBngk0=
-20,70,QYEhrLEqihZpDaT26MizqU2F5pg=,n3gKcw2JX5cvxp8XiN0pmBBngk0=
-21,70,QYEhrLEqihZpDaT26MizqU2F5pg=,n3gKcw2JX5cvxp8XiN0pmBBngk0=
-22,70,QYEhrLEqihZpDaT26MizqU2F5pg=,n3gKcw2JX5cvxp8XiN0pmBBngk0=
-23,70,QYEhrLEqihZpDaT26MizqU2F5pg=,n3gKcw2JX5cvxp8XiN0pmBBngk0=
-24,70,QYEhrLEqihZpDaT26MizqU2F5pg=,n3gKcw2JX5cvxp8XiN0pmBBngk0=
-25,70,QYEhrLEqihZpDaT26MizqU2F5pg=,n3gKcw2JX5cvxp8XiN0pmBBngk0=
-26,70,QYEhrLEqihZpDaT26MizqU2F5pg=,n3gKcw2JX5cvxp8XiN0pmBBngk0=
-24,64,QYEhrLEqihZpDaT26MizqU2F5pg=,n3gKcw2JX5cvxp8XiN0pmBBngk0=
-28,66,QYEhrLEqihZpDaT26MizqU2F5pg=,n3gKcw2JX5cvxp8XiN0pmBBngk0=
-27,70,QYEhrLEqihZpDaT26MizqU2F5pg=,n3gKcw2JX5cvxp8XiN0pmBBngk0=
-28,70,QYEhrLEqihZpDaT26MizqU2F5pg=,n3gKcw2JX5cvxp8XiN0pmBBngk0=
-29,70,QYEhrLEqihZpDaT26MizqU2F5pg=,n3gKcw2JX5cvxp8XiN0pmBBngk0=
-30,70,QYEhrLEqihZpDaT26MizqU2F5pg=,n3gKcw2JX5cvxp8XiN0pmBBngk0=
-31,70,QYEhrLEqihZpDaT26MizqU2F5pg=,n3gKcw2JX5cvxp8XiN0pmBBngk0=
-32,70,QYEhrLEqihZpDaT26MizqU2F5pg=,n3gKcw2JX5cvxp8XiN0pmBBngk0=
-17,69,QYEhrLEqihZpDaT26MizqU2F5pg=,n3gKcw2JX5cvxp8XiN0pmBBngk0=
-18,69,QYEhrLEqihZpDaT26MizqU2F5pg=,n3gKcw2JX5cvxp8XiN0pmBBngk0=
-19,69,QYEhrLEqihZpDaT26MizqU2F5pg=,n3gKcw2JX5cvxp8XiN0pmBBngk0=
-20,69,QYEhrLEqihZpDaT26MizqU2F5pg=,n3gKcw2JX5cvxp8XiN0pmBBngk0=
-21,69,QYEhrLEqihZpDaT26MizqU2F5pg=,n3gKcw2JX5cvxp8XiN0pmBBngk0=
-22,69,QYEhrLEqihZpDaT26MizqU2F5pg=,n3gKcw2JX5cvxp8XiN0pmBBngk0=
-23,69,QYEhrLEqihZpDaT26MizqU2F5pg=,n3gKcw2JX5cvxp8XiN0pmBBngk0=
-24,69,QYEhrLEqihZpDaT26MizqU2F5pg=,n3gKcw2JX5cvxp8XiN0pmBBngk0=
-25,69,QYEhrLEqihZpDaT26MizqU2F5pg=,n3gKcw2JX5cvxp8XiN0pmBBngk0=
-26,69,QYEhrLEqihZpDaT26MizqU2F5pg=,n3gKcw2JX5cvxp8XiN0pmBBngk0=
-27,69,QYEhrLEqihZpDaT26MizqU2F5pg=,n3gKcw2JX5cvxp8XiN0pmBBngk0=
-25,64,QYEhrLEqihZpDaT26MizqU2F5pg=,n3gKcw2JX5cvxp8XiN0pmBBngk0=
-29,66,QYEhrLEqihZpDaT26MizqU2F5pg=,n3gKcw2JX5cvxp8XiN0pmBBngk0=
-28,69,QYEhrLEqihZpDaT26MizqU2F5pg=,n3gKcw2JX5cvxp8XiN0pmBBngk0=
-29,69,QYEhrLEqihZpDaT26MizqU2F5pg=,n3gKcw2JX5cvxp8XiN0pmBBngk0=
-30,69,QYEhrLEqihZpDaT26MizqU2F5pg=,n3gKcw2JX5cvxp8XiN0pmBBngk0=
-31,69,QYEhrLEqihZpDaT26MizqU2F5pg=,n3gKcw2JX5cvxp8XiN0pmBBngk0=
-32,69,QYEhrLEqihZpDaT26MizqU2F5pg=,n3gKcw2JX5cvxp8XiN0pmBBngk0=
-26,64,QYEhrLEqihZpDaT26MizqU2F5pg=,n3gKcw2JX5cvxp8XiN0pmBBngk0=
-17,68,QYEhrLEqihZpDaT26MizqU2F5pg=,n3gKcw2JX5cvxp8XiN0pmBBngk0=
-18,68,QYEhrLEqihZpDaT26MizqU2F5pg=,n3gKcw2JX5cvxp8XiN0pmBBngk0=
-19,68,QYEhrLEqihZpDaT26MizqU2F5pg=,n3gKcw2JX5cvxp8XiN0pmBBngk0=
-20,68,QYEhrLEqihZpDaT26MizqU2F5pg=,n3gKcw2JX5cvxp8XiN0pmBBngk0=
-21,68,QYEhrLEqihZpDaT26MizqU2F5pg=,n3gKcw2JX5cvxp8XiN0pmBBngk0=
-22,68,QYEhrLEqihZpDaT26MizqU2F5pg=,n3gKcw2JX5cvxp8XiN0pmBBngk0=
-23,68,QYEhrLEqihZpDaT26MizqU2F5pg=,n3gKcw2JX5cvxp8XiN0pmBBngk0=
-24,68,QYEhrLEqihZpDaT26MizqU2F5pg=,n3gKcw2JX5cvxp8XiN0pmBBngk0=
-25,68,QYEhrLEqihZpDaT26MizqU2F5pg=,n3gKcw2JX5cvxp8XiN0pmBBngk0=
-32,64,QYEhrLEqihZpDaT26MizqU2F5pg=,n3gKcw2JX5cvxp8XiN0pmBBngk0=
-26,68,QYEhrLEqihZpDaT26MizqU2F5pg=,n3gKcw2JX5cvxp8XiN0pmBBngk0=
-27,68,QYEhrLEqihZpDaT26MizqU2F5pg=,n3gKcw2JX5cvxp8XiN0pmBBngk0=
-27,64,QYEhrLEqihZpDaT26MizqU2F5pg=,n3gKcw2JX5cvxp8XiN0pmBBngk0=
-28,68,QYEhrLEqihZpDaT26MizqU2F5pg=,n3gKcw2JX5cvxp8XiN0pmBBngk0=
-30,66,QYEhrLEqihZpDaT26MizqU2F5pg=,n3gKcw2JX5cvxp8XiN0pmBBngk0=
-29,68,QYEhrLEqihZpDaT26MizqU2F5pg=,n3gKcw2JX5cvxp8XiN0pmBBngk0=
-30,68,QYEhrLEqihZpDaT26MizqU2F5pg=,n3gKcw2JX5cvxp8XiN0pmBBngk0=
-31,68,QYEhrLEqihZpDaT26MizqU2F5pg=,n3gKcw2JX5cvxp8XiN0pmBBngk0=
-32,68,QYEhrLEqihZpDaT26MizqU2F5pg=,n3gKcw2JX5cvxp8XiN0pmBBngk0=
-31,66,QYEhrLEqihZpDaT26MizqU2F5pg=,n3gKcw2JX5cvxp8XiN0pmBBngk0=
-17,67,QYEhrLEqihZpDaT26MizqU2F5pg=,n3gKcw2JX5cvxp8XiN0pmBBngk0=
-18,67,QYEhrLEqihZpDaT26MizqU2F5pg=,n3gKcw2JX5cvxp8XiN0pmBBngk0=
-19,67,QYEhrLEqihZpDaT26MizqU2F5pg=,n3gKcw2JX5cvxp8XiN0pmBBngk0=
-20,67,QYEhrLEqihZpDaT26MizqU2F5pg=,n3gKcw2JX5cvxp8XiN0pmBBngk0=
-21,67,QYEhrLEqihZpDaT26MizqU2F5pg=,n3gKcw2JX5cvxp8XiN0pmBBngk0=
-22,67,QYEhrLEqihZpDaT26MizqU2F5pg=,n3gKcw2JX5cvxp8XiN0pmBBngk0=
-23,67,QYEhrLEqihZpDaT26MizqU2F5pg=,n3gKcw2JX5cvxp8XiN0pmBBngk0=
-24,67,QYEhrLEqihZpDaT26MizqU2F5pg=,n3gKcw2JX5cvxp8XiN0pmBBngk0=
-25,67,QYEhrLEqihZpDaT26MizqU2F5pg=,n3gKcw2JX5cvxp8XiN0pmBBngk0=
-26,67,QYEhrLEqihZpDaT26MizqU2F5pg=,n3gKcw2JX5cvxp8XiN0pmBBngk0=
-27,67,QYEhrLEqihZpDaT26MizqU2F5pg=,n3gKcw2JX5cvxp8XiN0pmBBngk0=
-28,64,QYEhrLEqihZpDaT26MizqU2F5pg=,n3gKcw2JX5cvxp8XiN0pmBBngk0=
-32,66,QYEhrLEqihZpDaT26MizqU2F5pg=,n3gKcw2JX5cvxp8XiN0pmBBngk0=
-28,67,QYEhrLEqihZpDaT26MizqU2F5pg=,n3gKcw2JX5cvxp8XiN0pmBBngk0=
-29,67,QYEhrLEqihZpDaT26MizqU2F5pg=,n3gKcw2JX5cvxp8XiN0pmBBngk0=
-30,67,QYEhrLEqihZpDaT26MizqU2F5pg=,n3gKcw2JX5cvxp8XiN0pmBBngk0=
-31,67,QYEhrLEqihZpDaT26MizqU2F5pg=,n3gKcw2JX5cvxp8XiN0pmBBngk0=
-32,67,QYEhrLEqihZpDaT26MizqU2F5pg=,n3gKcw2JX5cvxp8XiN0pmBBngk0=
-17,66,QYEhrLEqihZpDaT26MizqU2F5pg=,n3gKcw2JX5cvxp8XiN0pmBBngk0=
-18,82,sPWIR9FuUX7Vh4dmWD4j2ErKa3k=,7Emlu4nczX1MQ/WOrGwewvGDWHc=
-17,95,sPWIR9FuUX7Vh4dmWD4j2ErKa3k=,7Emlu4nczX1MQ/WOrGwewvGDWHc=
-29,80,q36hJGMZ+fRFkAv9jO6mvPKE47U=,7Emlu4nczX1MQ/WOrGwewvGDWHc=
-18,95,q36hJGMZ+fRFkAv9jO6mvPKE47U=,7Emlu4nczX1MQ/WOrGwewvGDWHc=
-19,95,q36hJGMZ+fRFkAv9jO6mvPKE47U=,7Emlu4nczX1MQ/WOrGwewvGDWHc=
-20,95,q36hJGMZ+fRFkAv9jO6mvPKE47U=,7Emlu4nczX1MQ/WOrGwewvGDWHc=
-21,95,q36hJGMZ+fRFkAv9jO6mvPKE47U=,7Emlu4nczX1MQ/WOrGwewvGDWHc=
-22,95,q36hJGMZ+fRFkAv9jO6mvPKE47U=,7Emlu4nczX1MQ/WOrGwewvGDWHc=
-19,82,q36hJGMZ+fRFkAv9jO6mvPKE47U=,7Emlu4nczX1MQ/WOrGwewvGDWHc=
-23,95,q36hJGMZ+fRFkAv9jO6mvPKE47U=,7Emlu4nczX1MQ/WOrGwewvGDWHc=
-24,95,q36hJGMZ+fRFkAv9jO6mvPKE47U=,7Emlu4nczX1MQ/WOrGwewvGDWHc=
-25,95,q36hJGMZ+fRFkAv9jO6mvPKE47U=,7Emlu4nczX1MQ/WOrGwewvGDWHc=
-26,95,q36hJGMZ+fRFkAv9jO6mvPKE47U=,7Emlu4nczX1MQ/WOrGwewvGDWHc=
-27,95,q36hJGMZ+fRFkAv9jO6mvPKE47U=,7Emlu4nczX1MQ/WOrGwewvGDWHc=
-28,95,q36hJGMZ+fRFkAv9jO6mvPKE47U=,7Emlu4nczX1MQ/WOrGwewvGDWHc=
-29,95,q36hJGMZ+fRFkAv9jO6mvPKE47U=,7Emlu4nczX1MQ/WOrGwewvGDWHc=
-30,95,q36hJGMZ+fRFkAv9jO6mvPKE47U=,7Emlu4nczX1MQ/WOrGwewvGDWHc=
-31,81,q36hJGMZ+fRFkAv9jO6mvPKE47U=,7Emlu4nczX1MQ/WOrGwewvGDWHc=
-31,95,q36hJGMZ+fRFkAv9jO6mvPKE47U=,7Emlu4nczX1MQ/WOrGwewvGDWHc=
-17,81,q36hJGMZ+fRFkAv9jO6mvPKE47U=,7Emlu4nczX1MQ/WOrGwewvGDWHc=
-18,81,q36hJGMZ+fRFkAv9jO6mvPKE47U=,7Emlu4nczX1MQ/WOrGwewvGDWHc=
-32,95,q36hJGMZ+fRFkAv9jO6mvPKE47U=,7Emlu4nczX1MQ/WOrGwewvGDWHc=
-19,81,q36hJGMZ+fRFkAv9jO6mvPKE47U=,7Emlu4nczX1MQ/WOrGwewvGDWHc=
-20,81,q36hJGMZ+fRFkAv9jO6mvPKE47U=,7Emlu4nczX1MQ/WOrGwewvGDWHc=
-21,81,q36hJGMZ+fRFkAv9jO6mvPKE47U=,7Emlu4nczX1MQ/WOrGwewvGDWHc=
-22,81,q36hJGMZ+fRFkAv9jO6mvPKE47U=,7Emlu4nczX1MQ/WOrGwewvGDWHc=
-23,81,q36hJGMZ+fRFkAv9jO6mvPKE47U=,7Emlu4nczX1MQ/WOrGwewvGDWHc=
-24,81,q36hJGMZ+fRFkAv9jO6mvPKE47U=,7Emlu4nczX1MQ/WOrGwewvGDWHc=
-25,81,q36hJGMZ+fRFkAv9jO6mvPKE47U=,7Emlu4nczX1MQ/WOrGwewvGDWHc=
-26,81,q36hJGMZ+fRFkAv9jO6mvPKE47U=,7Emlu4nczX1MQ/WOrGwewvGDWHc=
-27,81,q36hJGMZ+fRFkAv9jO6mvPKE47U=,7Emlu4nczX1MQ/WOrGwewvGDWHc=
-28,81,q36hJGMZ+fRFkAv9jO6mvPKE47U=,7Emlu4nczX1MQ/WOrGwewvGDWHc=
-29,81,q36hJGMZ+fRFkAv9jO6mvPKE47U=,7Emlu4nczX1MQ/WOrGwewvGDWHc=
-30,81,q36hJGMZ+fRFkAv9jO6mvPKE47U=,7Emlu4nczX1MQ/WOrGwewvGDWHc=
-17,94,q36hJGMZ+fRFkAv9jO6mvPKE47U=,7Emlu4nczX1MQ/WOrGwewvGDWHc=
-18,94,q36hJGMZ+fRFkAv9jO6mvPKE47U=,7Emlu4nczX1MQ/WOrGwewvGDWHc=
-30,80,q36hJGMZ+fRFkAv9jO6mvPKE47U=,7Emlu4nczX1MQ/WOrGwewvGDWHc=
-20,82,q36hJGMZ+fRFkAv9jO6mvPKE47U=,7Emlu4nczX1MQ/WOrGwewvGDWHc=
-19,94,q36hJGMZ+fRFkAv9jO6mvPKE47U=,7Emlu4nczX1MQ/WOrGwewvGDWHc=
-20,94,q36hJGMZ+fRFkAv9jO6mvPKE47U=,7Emlu4nczX1MQ/WOrGwewvGDWHc=
-21,94,q36hJGMZ+fRFkAv9jO6mvPKE47U=,7Emlu4nczX1MQ/WOrGwewvGDWHc=
-22,94,q36hJGMZ+fRFkAv9jO6mvPKE47U=,7Emlu4nczX1MQ/WOrGwewvGDWHc=
-23,94,q36hJGMZ+fRFkAv9jO6mvPKE47U=,7Emlu4nczX1MQ/WOrGwewvGDWHc=
-24,94,q36hJGMZ+fRFkAv9jO6mvPKE47U=,7Emlu4nczX1MQ/WOrGwewvGDWHc=
-25,94,q36hJGMZ+fRFkAv9jO6mvPKE47U=,7Emlu4nczX1MQ/WOrGwewvGDWHc=
-26,94,q36hJGMZ+fRFkAv9jO6mvPKE47U=,7Emlu4nczX1MQ/WOrGwewvGDWHc=
-27,94,q36hJGMZ+fRFkAv9jO6mvPKE47U=,7Emlu4nczX1MQ/WOrGwewvGDWHc=
-28,94,q36hJGMZ+fRFkAv9jO6mvPKE47U=,7Emlu4nczX1MQ/WOrGwewvGDWHc=
-29,94,q36hJGMZ+fRFkAv9jO6mvPKE47U=,7Emlu4nczX1MQ/WOrGwewvGDWHc=
-30,94,q36hJGMZ+fRFkAv9jO6mvPKE47U=,7Emlu4nczX1MQ/WOrGwewvGDWHc=
-31,94,q36hJGMZ+fRFkAv9jO6mvPKE47U=,7Emlu4nczX1MQ/WOrGwewvGDWHc=
-32,94,q36hJGMZ+fRFkAv9jO6mvPKE47U=,7Emlu4nczX1MQ/WOrGwewvGDWHc=
-17,93,q36hJGMZ+fRFkAv9jO6mvPKE47U=,7Emlu4nczX1MQ/WOrGwewvGDWHc=
-32,81,q36hJGMZ+fRFkAv9jO6mvPKE47U=,7Emlu4nczX1MQ/WOrGwewvGDWHc=
-18,93,q36hJGMZ+fRFkAv9jO6mvPKE47U=,7Emlu4nczX1MQ/WOrGwewvGDWHc=
-19,93,q36hJGMZ+fRFkAv9jO6mvPKE47U=,7Emlu4nczX1MQ/WOrGwewvGDWHc=
-17,80,q36hJGMZ+fRFkAv9jO6mvPKE47U=,7Emlu4nczX1MQ/WOrGwewvGDWHc=
-21,82,q36hJGMZ+fRFkAv9jO6mvPKE47U=,7Emlu4nczX1MQ/WOrGwewvGDWHc=
-20,93,q36hJGMZ+fRFkAv9jO6mvPKE47U=,7Emlu4nczX1MQ/WOrGwewvGDWHc=
-21,93,q36hJGMZ+fRFkAv9jO6mvPKE47U=,7Emlu4nczX1MQ/WOrGwewvGDWHc=
-22,93,q36hJGMZ+fRFkAv9jO6mvPKE47U=,7Emlu4nczX1MQ/WOrGwewvGDWHc=
-23,93,q36hJGMZ+fRFkAv9jO6mvPKE47U=,7Emlu4nczX1MQ/WOrGwewvGDWHc=
-24,93,q36hJGMZ+fRFkAv9jO6mvPKE47U=,7Emlu4nczX1MQ/WOrGwewvGDWHc=
-25,93,q36hJGMZ+fRFkAv9jO6mvPKE47U=,7Emlu4nczX1MQ/WOrGwewvGDWHc=
-26,93,q36hJGMZ+fRFkAv9jO6mvPKE47U=,7Emlu4nczX1MQ/WOrGwewvGDWHc=
-27,93,q36hJGMZ+fRFkAv9jO6mvPKE47U=,7Emlu4nczX1MQ/WOrGwewvGDWHc=
-28,93,q36hJGMZ+fRFkAv9jO6mvPKE47U=,7Emlu4nczX1MQ/WOrGwewvGDWHc=
-29,93,q36hJGMZ+fRFkAv9jO6mvPKE47U=,7Emlu4nczX1MQ/WOrGwewvGDWHc=
-30,93,q36hJGMZ+fRFkAv9jO6mvPKE47U=,7Emlu4nczX1MQ/WOrGwewvGDWHc=
-31,93,q36hJGMZ+fRFkAv9jO6mvPKE47U=,7Emlu4nczX1MQ/WOrGwewvGDWHc=
-32,93,q36hJGMZ+fRFkAv9jO6mvPKE47U=,7Emlu4nczX1MQ/WOrGwewvGDWHc=
-31,80,q36hJGMZ+fRFkAv9jO6mvPKE47U=,7Emlu4nczX1MQ/WOrGwewvGDWHc=
-17,92,q36hJGMZ+fRFkAv9jO6mvPKE47U=,7Emlu4nczX1MQ/WOrGwewvGDWHc=
-18,92,q36hJGMZ+fRFkAv9jO6mvPKE47U=,7Emlu4nczX1MQ/WOrGwewvGDWHc=
-19,92,q36hJGMZ+fRFkAv9jO6mvPKE47U=,7Emlu4nczX1MQ/WOrGwewvGDWHc=
-20,92,q36hJGMZ+fRFkAv9jO6mvPKE47U=,7Emlu4nczX1MQ/WOrGwewvGDWHc=
-18,80,q36hJGMZ+fRFkAv9jO6mvPKE47U=,7Emlu4nczX1MQ/WOrGwewvGDWHc=
-22,82,q36hJGMZ+fRFkAv9jO6mvPKE47U=,7Emlu4nczX1MQ/WOrGwewvGDWHc=
-21,92,q36hJGMZ+fRFkAv9jO6mvPKE47U=,7Emlu4nczX1MQ/WOrGwewvGDWHc=
-22,92,q36hJGMZ+fRFkAv9jO6mvPKE47U=,7Emlu4nczX1MQ/WOrGwewvGDWHc=
-23,92,q36hJGMZ+fRFkAv9jO6mvPKE47U=,7Emlu4nczX1MQ/WOrGwewvGDWHc=
-24,92,q36hJGMZ+fRFkAv9jO6mvPKE47U=,7Emlu4nczX1MQ/WOrGwewvGDWHc=
-25,92,q36hJGMZ+fRFkAv9jO6mvPKE47U=,7Emlu4nczX1MQ/WOrGwewvGDWHc=
-26,92,q36hJGMZ+fRFkAv9jO6mvPKE47U=,7Emlu4nczX1MQ/WOrGwewvGDWHc=
-27,92,q36hJGMZ+fRFkAv9jO6mvPKE47U=,7Emlu4nczX1MQ/WOrGwewvGDWHc=
-28,92,q36hJGMZ+fRFkAv9jO6mvPKE47U=,7Emlu4nczX1MQ/WOrGwewvGDWHc=
-29,92,q36hJGMZ+fRFkAv9jO6mvPKE47U=,7Emlu4nczX1MQ/WOrGwewvGDWHc=
-30,92,q36hJGMZ+fRFkAv9jO6mvPKE47U=,7Emlu4nczX1MQ/WOrGwewvGDWHc=
-31,92,q36hJGMZ+fRFkAv9jO6mvPKE47U=,7Emlu4nczX1MQ/WOrGwewvGDWHc=
-32,92,q36hJGMZ+fRFkAv9jO6mvPKE47U=,7Emlu4nczX1MQ/WOrGwewvGDWHc=
-17,91,q36hJGMZ+fRFkAv9jO6mvPKE47U=,7Emlu4nczX1MQ/WOrGwewvGDWHc=
-18,91,q36hJGMZ+fRFkAv9jO6mvPKE47U=,7Emlu4nczX1MQ/WOrGwewvGDWHc=
-19,91,q36hJGMZ+fRFkAv9jO6mvPKE47U=,7Emlu4nczX1MQ/WOrGwewvGDWHc=
-20,91,q36hJGMZ+fRFkAv9jO6mvPKE47U=,7Emlu4nczX1MQ/WOrGwewvGDWHc=
-19,80,q36hJGMZ+fRFkAv9jO6mvPKE47U=,7Emlu4nczX1MQ/WOrGwewvGDWHc=
-21,91,q36hJGMZ+fRFkAv9jO6mvPKE47U=,7Emlu4nczX1MQ/WOrGwewvGDWHc=
-23,82,q36hJGMZ+fRFkAv9jO6mvPKE47U=,7Emlu4nczX1MQ/WOrGwewvGDWHc=
-22,91,q36hJGMZ+fRFkAv9jO6mvPKE47U=,7Emlu4nczX1MQ/WOrGwewvGDWHc=
-23,91,q36hJGMZ+fRFkAv9jO6mvPKE47U=,7Emlu4nczX1MQ/WOrGwewvGDWHc=
-24,91,q36hJGMZ+fRFkAv9jO6mvPKE47U=,7Emlu4nczX1MQ/WOrGwewvGDWHc=
-25,91,q36hJGMZ+fRFkAv9jO6mvPKE47U=,7Emlu4nczX1MQ/WOrGwewvGDWHc=
-26,91,q36hJGMZ+fRFkAv9jO6mvPKE47U=,7Emlu4nczX1MQ/WOrGwewvGDWHc=
-27,91,q36hJGMZ+fRFkAv9jO6mvPKE47U=,7Emlu4nczX1MQ/WOrGwewvGDWHc=
-28,91,q36hJGMZ+fRFkAv9jO6mvPKE47U=,7Emlu4nczX1MQ/WOrGwewvGDWHc=
-29,91,q36hJGMZ+fRFkAv9jO6mvPKE47U=,7Emlu4nczX1MQ/WOrGwewvGDWHc=
-30,91,q36hJGMZ+fRFkAv9jO6mvPKE47U=,7Emlu4nczX1MQ/WOrGwewvGDWHc=
-31,91,q36hJGMZ+fRFkAv9jO6mvPKE47U=,7Emlu4nczX1MQ/WOrGwewvGDWHc=
-32,91,q36hJGMZ+fRFkAv9jO6mvPKE47U=,7Emlu4nczX1MQ/WOrGwewvGDWHc=
-17,90,q36hJGMZ+fRFkAv9jO6mvPKE47U=,7Emlu4nczX1MQ/WOrGwewvGDWHc=
-18,90,q36hJGMZ+fRFkAv9jO6mvPKE47U=,7Emlu4nczX1MQ/WOrGwewvGDWHc=
-19,90,q36hJGMZ+fRFkAv9jO6mvPKE47U=,7Emlu4nczX1MQ/WOrGwewvGDWHc=
-20,90,q36hJGMZ+fRFkAv9jO6mvPKE47U=,7Emlu4nczX1MQ/WOrGwewvGDWHc=
-21,90,q36hJGMZ+fRFkAv9jO6mvPKE47U=,7Emlu4nczX1MQ/WOrGwewvGDWHc=
-20,80,q36hJGMZ+fRFkAv9jO6mvPKE47U=,7Emlu4nczX1MQ/WOrGwewvGDWHc=
-22,90,q36hJGMZ+fRFkAv9jO6mvPKE47U=,7Emlu4nczX1MQ/WOrGwewvGDWHc=
-24,82,q36hJGMZ+fRFkAv9jO6mvPKE47U=,7Emlu4nczX1MQ/WOrGwewvGDWHc=
-23,90,q36hJGMZ+fRFkAv9jO6mvPKE47U=,7Emlu4nczX1MQ/WOrGwewvGDWHc=
-24,90,q36hJGMZ+fRFkAv9jO6mvPKE47U=,7Emlu4nczX1MQ/WOrGwewvGDWHc=
-25,90,q36hJGMZ+fRFkAv9jO6mvPKE47U=,7Emlu4nczX1MQ/WOrGwewvGDWHc=
-26,90,q36hJGMZ+fRFkAv9jO6mvPKE47U=,7Emlu4nczX1MQ/WOrGwewvGDWHc=
-27,90,q36hJGMZ+fRFkAv9jO6mvPKE47U=,7Emlu4nczX1MQ/WOrGwewvGDWHc=
-28,90,q36hJGMZ+fRFkAv9jO6mvPKE47U=,7Emlu4nczX1MQ/WOrGwewvGDWHc=
-29,90,q36hJGMZ+fRFkAv9jO6mvPKE47U=,7Emlu4nczX1MQ/WOrGwewvGDWHc=
-30,90,q36hJGMZ+fRFkAv9jO6mvPKE47U=,7Emlu4nczX1MQ/WOrGwewvGDWHc=
-31,90,q36hJGMZ+fRFkAv9jO6mvPKE47U=,7Emlu4nczX1MQ/WOrGwewvGDWHc=
-32,90,q36hJGMZ+fRFkAv9jO6mvPKE47U=,7Emlu4nczX1MQ/WOrGwewvGDWHc=
-17,89,q36hJGMZ+fRFkAv9jO6mvPKE47U=,7Emlu4nczX1MQ/WOrGwewvGDWHc=
-18,89,q36hJGMZ+fRFkAv9jO6mvPKE47U=,7Emlu4nczX1MQ/WOrGwewvGDWHc=
-19,89,q36hJGMZ+fRFkAv9jO6mvPKE47U=,7Emlu4nczX1MQ/WOrGwewvGDWHc=
-20,89,q36hJGMZ+fRFkAv9jO6mvPKE47U=,7Emlu4nczX1MQ/WOrGwewvGDWHc=
-21,89,q36hJGMZ+fRFkAv9jO6mvPKE47U=,7Emlu4nczX1MQ/WOrGwewvGDWHc=
-22,89,q36hJGMZ+fRFkAv9jO6mvPKE47U=,7Emlu4nczX1MQ/WOrGwewvGDWHc=
-21,80,q36hJGMZ+fRFkAv9jO6mvPKE47U=,7Emlu4nczX1MQ/WOrGwewvGDWHc=
-23,89,q36hJGMZ+fRFkAv9jO6mvPKE47U=,7Emlu4nczX1MQ/WOrGwewvGDWHc=
-25,82,q36hJGMZ+fRFkAv9jO6mvPKE47U=,7Emlu4nczX1MQ/WOrGwewvGDWHc=
-24,89,q36hJGMZ+fRFkAv9jO6mvPKE47U=,7Emlu4nczX1MQ/WOrGwewvGDWHc=
-25,89,q36hJGMZ+fRFkAv9jO6mvPKE47U=,7Emlu4nczX1MQ/WOrGwewvGDWHc=
-26,89,q36hJGMZ+fRFkAv9jO6mvPKE47U=,7Emlu4nczX1MQ/WOrGwewvGDWHc=
-27,89,q36hJGMZ+fRFkAv9jO6mvPKE47U=,7Emlu4nczX1MQ/WOrGwewvGDWHc=
-29,89,q36hJGMZ+fRFkAv9jO6mvPKE47U=,7Emlu4nczX1MQ/WOrGwewvGDWHc=
-28,89,q36hJGMZ+fRFkAv9jO6mvPKE47U=,7Emlu4nczX1MQ/WOrGwewvGDWHc=
-30,89,q36hJGMZ+fRFkAv9jO6mvPKE47U=,7Emlu4nczX1MQ/WOrGwewvGDWHc=
-31,89,q36hJGMZ+fRFkAv9jO6mvPKE47U=,7Emlu4nczX1MQ/WOrGwewvGDWHc=
-17,88,q36hJGMZ+fRFkAv9jO6mvPKE47U=,7Emlu4nczX1MQ/WOrGwewvGDWHc=
-32,89,q36hJGMZ+fRFkAv9jO6mvPKE47U=,7Emlu4nczX1MQ/WOrGwewvGDWHc=
-18,88,q36hJGMZ+fRFkAv9jO6mvPKE47U=,7Emlu4nczX1MQ/WOrGwewvGDWHc=
-19,88,q36hJGMZ+fRFkAv9jO6mvPKE47U=,7Emlu4nczX1MQ/WOrGwewvGDWHc=
-20,88,jSfloIJFE408EojgJCN1xjsGzAI=,7Emlu4nczX1MQ/WOrGwewvGDWHc=
-22,88,jSfloIJFE408EojgJCN1xjsGzAI=,7Emlu4nczX1MQ/WOrGwewvGDWHc=
-23,88,jSfloIJFE408EojgJCN1xjsGzAI=,7Emlu4nczX1MQ/WOrGwewvGDWHc=
-21,88,jSfloIJFE408EojgJCN1xjsGzAI=,7Emlu4nczX1MQ/WOrGwewvGDWHc=
-22,80,jSfloIJFE408EojgJCN1xjsGzAI=,7Emlu4nczX1MQ/WOrGwewvGDWHc=
-24,88,jSfloIJFE408EojgJCN1xjsGzAI=,7Emlu4nczX1MQ/WOrGwewvGDWHc=
-26,82,jSfloIJFE408EojgJCN1xjsGzAI=,7Emlu4nczX1MQ/WOrGwewvGDWHc=
-25,88,jSfloIJFE408EojgJCN1xjsGzAI=,7Emlu4nczX1MQ/WOrGwewvGDWHc=
-27,88,jSfloIJFE408EojgJCN1xjsGzAI=,7Emlu4nczX1MQ/WOrGwewvGDWHc=
-26,88,jSfloIJFE408EojgJCN1xjsGzAI=,7Emlu4nczX1MQ/WOrGwewvGDWHc=
-29,88,jSfloIJFE408EojgJCN1xjsGzAI=,7Emlu4nczX1MQ/WOrGwewvGDWHc=
-30,88,jSfloIJFE408EojgJCN1xjsGzAI=,7Emlu4nczX1MQ/WOrGwewvGDWHc=
-31,88,jSfloIJFE408EojgJCN1xjsGzAI=,7Emlu4nczX1MQ/WOrGwewvGDWHc=
-32,88,jSfloIJFE408EojgJCN1xjsGzAI=,7Emlu4nczX1MQ/WOrGwewvGDWHc=
-17,87,jSfloIJFE408EojgJCN1xjsGzAI=,7Emlu4nczX1MQ/WOrGwewvGDWHc=
-18,87,jSfloIJFE408EojgJCN1xjsGzAI=,7Emlu4nczX1MQ/WOrGwewvGDWHc=
-28,88,jSfloIJFE408EojgJCN1xjsGzAI=,7Emlu4nczX1MQ/WOrGwewvGDWHc=
-19,87,jSfloIJFE408EojgJCN1xjsGzAI=,7Emlu4nczX1MQ/WOrGwewvGDWHc=
-20,87,jSfloIJFE408EojgJCN1xjsGzAI=,7Emlu4nczX1MQ/WOrGwewvGDWHc=
-21,87,jSfloIJFE408EojgJCN1xjsGzAI=,7Emlu4nczX1MQ/WOrGwewvGDWHc=
-22,87,jSfloIJFE408EojgJCN1xjsGzAI=,7Emlu4nczX1MQ/WOrGwewvGDWHc=
-23,87,jSfloIJFE408EojgJCN1xjsGzAI=,7Emlu4nczX1MQ/WOrGwewvGDWHc=
-23,80,jSfloIJFE408EojgJCN1xjsGzAI=,7Emlu4nczX1MQ/WOrGwewvGDWHc=
-25,87,jSfloIJFE408EojgJCN1xjsGzAI=,7Emlu4nczX1MQ/WOrGwewvGDWHc=
-24,87,jSfloIJFE408EojgJCN1xjsGzAI=,7Emlu4nczX1MQ/WOrGwewvGDWHc=
-27,82,jSfloIJFE408EojgJCN1xjsGzAI=,7Emlu4nczX1MQ/WOrGwewvGDWHc=
-26,87,jSfloIJFE408EojgJCN1xjsGzAI=,7Emlu4nczX1MQ/WOrGwewvGDWHc=
-28,87,jSfloIJFE408EojgJCN1xjsGzAI=,7Emlu4nczX1MQ/WOrGwewvGDWHc=
-27,87,jSfloIJFE408EojgJCN1xjsGzAI=,7Emlu4nczX1MQ/WOrGwewvGDWHc=
-30,87,jSfloIJFE408EojgJCN1xjsGzAI=,7Emlu4nczX1MQ/WOrGwewvGDWHc=
-29,87,jSfloIJFE408EojgJCN1xjsGzAI=,7Emlu4nczX1MQ/WOrGwewvGDWHc=
-31,87,jSfloIJFE408EojgJCN1xjsGzAI=,7Emlu4nczX1MQ/WOrGwewvGDWHc=
-17,86,jSfloIJFE408EojgJCN1xjsGzAI=,7Emlu4nczX1MQ/WOrGwewvGDWHc=
-18,86,jSfloIJFE408EojgJCN1xjsGzAI=,7Emlu4nczX1MQ/WOrGwewvGDWHc=
-19,86,jSfloIJFE408EojgJCN1xjsGzAI=,7Emlu4nczX1MQ/WOrGwewvGDWHc=
-20,86,jSfloIJFE408EojgJCN1xjsGzAI=,7Emlu4nczX1MQ/WOrGwewvGDWHc=
-32,87,jSfloIJFE408EojgJCN1xjsGzAI=,7Emlu4nczX1MQ/WOrGwewvGDWHc=
-21,86,jSfloIJFE408EojgJCN1xjsGzAI=,7Emlu4nczX1MQ/WOrGwewvGDWHc=
-22,86,jSfloIJFE408EojgJCN1xjsGzAI=,7Emlu4nczX1MQ/WOrGwewvGDWHc=
-23,86,jSfloIJFE408EojgJCN1xjsGzAI=,7Emlu4nczX1MQ/WOrGwewvGDWHc=
-24,86,jSfloIJFE408EojgJCN1xjsGzAI=,7Emlu4nczX1MQ/WOrGwewvGDWHc=
-25,86,jSfloIJFE408EojgJCN1xjsGzAI=,7Emlu4nczX1MQ/WOrGwewvGDWHc=
-26,86,jSfloIJFE408EojgJCN1xjsGzAI=,7Emlu4nczX1MQ/WOrGwewvGDWHc=
-24,80,jSfloIJFE408EojgJCN1xjsGzAI=,7Emlu4nczX1MQ/WOrGwewvGDWHc=
-28,82,jSfloIJFE408EojgJCN1xjsGzAI=,7Emlu4nczX1MQ/WOrGwewvGDWHc=
-27,86,jSfloIJFE408EojgJCN1xjsGzAI=,7Emlu4nczX1MQ/WOrGwewvGDWHc=
-28,86,jSfloIJFE408EojgJCN1xjsGzAI=,7Emlu4nczX1MQ/WOrGwewvGDWHc=
-30,86,jSfloIJFE408EojgJCN1xjsGzAI=,7Emlu4nczX1MQ/WOrGwewvGDWHc=
-31,86,jSfloIJFE408EojgJCN1xjsGzAI=,7Emlu4nczX1MQ/WOrGwewvGDWHc=
-32,86,jSfloIJFE408EojgJCN1xjsGzAI=,7Emlu4nczX1MQ/WOrGwewvGDWHc=
-29,86,jSfloIJFE408EojgJCN1xjsGzAI=,7Emlu4nczX1MQ/WOrGwewvGDWHc=
-17,85,jSfloIJFE408EojgJCN1xjsGzAI=,7Emlu4nczX1MQ/WOrGwewvGDWHc=
-18,85,jSfloIJFE408EojgJCN1xjsGzAI=,7Emlu4nczX1MQ/WOrGwewvGDWHc=
-19,85,jSfloIJFE408EojgJCN1xjsGzAI=,7Emlu4nczX1MQ/WOrGwewvGDWHc=
-21,85,jSfloIJFE408EojgJCN1xjsGzAI=,7Emlu4nczX1MQ/WOrGwewvGDWHc=
-22,85,jSfloIJFE408EojgJCN1xjsGzAI=,7Emlu4nczX1MQ/WOrGwewvGDWHc=
-20,85,jSfloIJFE408EojgJCN1xjsGzAI=,7Emlu4nczX1MQ/WOrGwewvGDWHc=
-23,85,jSfloIJFE408EojgJCN1xjsGzAI=,7Emlu4nczX1MQ/WOrGwewvGDWHc=
-24,85,jSfloIJFE408EojgJCN1xjsGzAI=,7Emlu4nczX1MQ/WOrGwewvGDWHc=
-25,85,jSfloIJFE408EojgJCN1xjsGzAI=,7Emlu4nczX1MQ/WOrGwewvGDWHc=
-25,80,jSfloIJFE408EojgJCN1xjsGzAI=,7Emlu4nczX1MQ/WOrGwewvGDWHc=
-26,85,jSfloIJFE408EojgJCN1xjsGzAI=,7Emlu4nczX1MQ/WOrGwewvGDWHc=
-27,85,jSfloIJFE408EojgJCN1xjsGzAI=,7Emlu4nczX1MQ/WOrGwewvGDWHc=
-28,85,jSfloIJFE408EojgJCN1xjsGzAI=,7Emlu4nczX1MQ/WOrGwewvGDWHc=
-29,85,jSfloIJFE408EojgJCN1xjsGzAI=,7Emlu4nczX1MQ/WOrGwewvGDWHc=
-30,85,jSfloIJFE408EojgJCN1xjsGzAI=,7Emlu4nczX1MQ/WOrGwewvGDWHc=
-29,82,jSfloIJFE408EojgJCN1xjsGzAI=,7Emlu4nczX1MQ/WOrGwewvGDWHc=
-31,85,jSfloIJFE408EojgJCN1xjsGzAI=,7Emlu4nczX1MQ/WOrGwewvGDWHc=
-32,85,jSfloIJFE408EojgJCN1xjsGzAI=,7Emlu4nczX1MQ/WOrGwewvGDWHc=
-26,80,jSfloIJFE408EojgJCN1xjsGzAI=,7Emlu4nczX1MQ/WOrGwewvGDWHc=
-17,84,jSfloIJFE408EojgJCN1xjsGzAI=,7Emlu4nczX1MQ/WOrGwewvGDWHc=
-19,84,jSfloIJFE408EojgJCN1xjsGzAI=,7Emlu4nczX1MQ/WOrGwewvGDWHc=
-20,84,jSfloIJFE408EojgJCN1xjsGzAI=,7Emlu4nczX1MQ/WOrGwewvGDWHc=
-18,84,jSfloIJFE408EojgJCN1xjsGzAI=,7Emlu4nczX1MQ/WOrGwewvGDWHc=
-22,84,jSfloIJFE408EojgJCN1xjsGzAI=,7Emlu4nczX1MQ/WOrGwewvGDWHc=
-23,84,jSfloIJFE408EojgJCN1xjsGzAI=,7Emlu4nczX1MQ/WOrGwewvGDWHc=
-21,84,jSfloIJFE408EojgJCN1xjsGzAI=,7Emlu4nczX1MQ/WOrGwewvGDWHc=
-25,84,jSfloIJFE408EojgJCN1xjsGzAI=,7Emlu4nczX1MQ/WOrGwewvGDWHc=
-32,80,jSfloIJFE408EojgJCN1xjsGzAI=,7Emlu4nczX1MQ/WOrGwewvGDWHc=
-24,84,jSfloIJFE408EojgJCN1xjsGzAI=,7Emlu4nczX1MQ/WOrGwewvGDWHc=
-26,84,jSfloIJFE408EojgJCN1xjsGzAI=,7Emlu4nczX1MQ/WOrGwewvGDWHc=
-27,84,jSfloIJFE408EojgJCN1xjsGzAI=,7Emlu4nczX1MQ/WOrGwewvGDWHc=
-28,84,jSfloIJFE408EojgJCN1xjsGzAI=,7Emlu4nczX1MQ/WOrGwewvGDWHc=
-27,80,jSfloIJFE408EojgJCN1xjsGzAI=,7Emlu4nczX1MQ/WOrGwewvGDWHc=
-30,82,jSfloIJFE408EojgJCN1xjsGzAI=,7Emlu4nczX1MQ/WOrGwewvGDWHc=
-30,84,jSfloIJFE408EojgJCN1xjsGzAI=,7Emlu4nczX1MQ/WOrGwewvGDWHc=
-31,84,jSfloIJFE408EojgJCN1xjsGzAI=,7Emlu4nczX1MQ/WOrGwewvGDWHc=
-29,84,jSfloIJFE408EojgJCN1xjsGzAI=,7Emlu4nczX1MQ/WOrGwewvGDWHc=
-32,84,jSfloIJFE408EojgJCN1xjsGzAI=,7Emlu4nczX1MQ/WOrGwewvGDWHc=
-17,83,jSfloIJFE408EojgJCN1xjsGzAI=,7Emlu4nczX1MQ/WOrGwewvGDWHc=
-31,82,jSfloIJFE408EojgJCN1xjsGzAI=,7Emlu4nczX1MQ/WOrGwewvGDWHc=
-19,83,jSfloIJFE408EojgJCN1xjsGzAI=,7Emlu4nczX1MQ/WOrGwewvGDWHc=
-20,83,jSfloIJFE408EojgJCN1xjsGzAI=,7Emlu4nczX1MQ/WOrGwewvGDWHc=
-18,83,jSfloIJFE408EojgJCN1xjsGzAI=,7Emlu4nczX1MQ/WOrGwewvGDWHc=
-21,83,jSfloIJFE408EojgJCN1xjsGzAI=,7Emlu4nczX1MQ/WOrGwewvGDWHc=
-22,83,jSfloIJFE408EojgJCN1xjsGzAI=,7Emlu4nczX1MQ/WOrGwewvGDWHc=
-23,83,jSfloIJFE408EojgJCN1xjsGzAI=,7Emlu4nczX1MQ/WOrGwewvGDWHc=
-24,83,jSfloIJFE408EojgJCN1xjsGzAI=,7Emlu4nczX1MQ/WOrGwewvGDWHc=
-25,83,jSfloIJFE408EojgJCN1xjsGzAI=,7Emlu4nczX1MQ/WOrGwewvGDWHc=
-26,83,jSfloIJFE408EojgJCN1xjsGzAI=,7Emlu4nczX1MQ/WOrGwewvGDWHc=
-27,83,jSfloIJFE408EojgJCN1xjsGzAI=,7Emlu4nczX1MQ/WOrGwewvGDWHc=
-28,83,jSfloIJFE408EojgJCN1xjsGzAI=,7Emlu4nczX1MQ/WOrGwewvGDWHc=
-29,83,jSfloIJFE408EojgJCN1xjsGzAI=,7Emlu4nczX1MQ/WOrGwewvGDWHc=
-28,80,jSfloIJFE408EojgJCN1xjsGzAI=,7Emlu4nczX1MQ/WOrGwewvGDWHc=
-32,82,jSfloIJFE408EojgJCN1xjsGzAI=,7Emlu4nczX1MQ/WOrGwewvGDWHc=
-30,83,jSfloIJFE408EojgJCN1xjsGzAI=,7Emlu4nczX1MQ/WOrGwewvGDWHc=
-31,83,jSfloIJFE408EojgJCN1xjsGzAI=,7Emlu4nczX1MQ/WOrGwewvGDWHc=
-32,83,jSfloIJFE408EojgJCN1xjsGzAI=,7Emlu4nczX1MQ/WOrGwewvGDWHc=
-17,82,jSfloIJFE408EojgJCN1xjsGzAI=,7Emlu4nczX1MQ/WOrGwewvGDWHc=
-1,95,kzLGS3Bqr+kZsY0EmxISnI7y+d4=,Ox4+9fh85TJziOLlagnIF0K6hag=
-2,82,kzLGS3Bqr+kZsY0EmxISnI7y+d4=,Ox4+9fh85TJziOLlagnIF0K6hag=
-1,82,kzLGS3Bqr+kZsY0EmxISnI7y+d4=,Ox4+9fh85TJziOLlagnIF0K6hag=
-3,82,kzLGS3Bqr+kZsY0EmxISnI7y+d4=,Ox4+9fh85TJziOLlagnIF0K6hag=
-16,83,kzLGS3Bqr+kZsY0EmxISnI7y+d4=,Ox4+9fh85TJziOLlagnIF0K6hag=
-2,95,kzLGS3Bqr+kZsY0EmxISnI7y+d4=,Ox4+9fh85TJziOLlagnIF0K6hag=
-15,83,kzLGS3Bqr+kZsY0EmxISnI7y+d4=,Ox4+9fh85TJziOLlagnIF0K6hag=
-3,95,kzLGS3Bqr+kZsY0EmxISnI7y+d4=,Ox4+9fh85TJziOLlagnIF0K6hag=
-14,83,kzLGS3Bqr+kZsY0EmxISnI7y+d4=,Ox4+9fh85TJziOLlagnIF0K6hag=
-4,95,kzLGS3Bqr+kZsY0EmxISnI7y+d4=,Ox4+9fh85TJziOLlagnIF0K6hag=
-13,83,kzLGS3Bqr+kZsY0EmxISnI7y+d4=,Ox4+9fh85TJziOLlagnIF0K6hag=
-5,95,kzLGS3Bqr+kZsY0EmxISnI7y+d4=,Ox4+9fh85TJziOLlagnIF0K6hag=
-6,95,kzLGS3Bqr+kZsY0EmxISnI7y+d4=,Ox4+9fh85TJziOLlagnIF0K6hag=
-13,80,kzLGS3Bqr+kZsY0EmxISnI7y+d4=,Ox4+9fh85TJziOLlagnIF0K6hag=
-12,83,kzLGS3Bqr+kZsY0EmxISnI7y+d4=,Ox4+9fh85TJziOLlagnIF0K6hag=
-16,82,kzLGS3Bqr+kZsY0EmxISnI7y+d4=,Ox4+9fh85TJziOLlagnIF0K6hag=
-12,80,kzLGS3Bqr+kZsY0EmxISnI7y+d4=,Ox4+9fh85TJziOLlagnIF0K6hag=
-7,95,kzLGS3Bqr+kZsY0EmxISnI7y+d4=,Ox4+9fh85TJziOLlagnIF0K6hag=
-8,95,kzLGS3Bqr+kZsY0EmxISnI7y+d4=,Ox4+9fh85TJziOLlagnIF0K6hag=
-9,95,kzLGS3Bqr+kZsY0EmxISnI7y+d4=,Ox4+9fh85TJziOLlagnIF0K6hag=
-11,83,kzLGS3Bqr+kZsY0EmxISnI7y+d4=,Ox4+9fh85TJziOLlagnIF0K6hag=
-10,95,kzLGS3Bqr+kZsY0EmxISnI7y+d4=,Ox4+9fh85TJziOLlagnIF0K6hag=
-10,83,kzLGS3Bqr+kZsY0EmxISnI7y+d4=,Ox4+9fh85TJziOLlagnIF0K6hag=
-11,95,kzLGS3Bqr+kZsY0EmxISnI7y+d4=,Ox4+9fh85TJziOLlagnIF0K6hag=
-9,83,kzLGS3Bqr+kZsY0EmxISnI7y+d4=,Ox4+9fh85TJziOLlagnIF0K6hag=
-12,95,kzLGS3Bqr+kZsY0EmxISnI7y+d4=,Ox4+9fh85TJziOLlagnIF0K6hag=
-13,95,kzLGS3Bqr+kZsY0EmxISnI7y+d4=,Ox4+9fh85TJziOLlagnIF0K6hag=
-8,83,kzLGS3Bqr+kZsY0EmxISnI7y+d4=,Ox4+9fh85TJziOLlagnIF0K6hag=
-14,95,kzLGS3Bqr+kZsY0EmxISnI7y+d4=,Ox4+9fh85TJziOLlagnIF0K6hag=
-7,83,kzLGS3Bqr+kZsY0EmxISnI7y+d4=,Ox4+9fh85TJziOLlagnIF0K6hag=
-1,81,kzLGS3Bqr+kZsY0EmxISnI7y+d4=,Ox4+9fh85TJziOLlagnIF0K6hag=
-15,81,kzLGS3Bqr+kZsY0EmxISnI7y+d4=,Ox4+9fh85TJziOLlagnIF0K6hag=
-6,83,kzLGS3Bqr+kZsY0EmxISnI7y+d4=,Ox4+9fh85TJziOLlagnIF0K6hag=
-15,95,kzLGS3Bqr+kZsY0EmxISnI7y+d4=,Ox4+9fh85TJziOLlagnIF0K6hag=
-5,83,kzLGS3Bqr+kZsY0EmxISnI7y+d4=,Ox4+9fh85TJziOLlagnIF0K6hag=
-2,81,kzLGS3Bqr+kZsY0EmxISnI7y+d4=,Ox4+9fh85TJziOLlagnIF0K6hag=
-4,83,kzLGS3Bqr+kZsY0EmxISnI7y+d4=,Ox4+9fh85TJziOLlagnIF0K6hag=
-16,95,kzLGS3Bqr+kZsY0EmxISnI7y+d4=,Ox4+9fh85TJziOLlagnIF0K6hag=
-3,81,kzLGS3Bqr+kZsY0EmxISnI7y+d4=,Ox4+9fh85TJziOLlagnIF0K6hag=
-4,81,kzLGS3Bqr+kZsY0EmxISnI7y+d4=,Ox4+9fh85TJziOLlagnIF0K6hag=
-5,81,kzLGS3Bqr+kZsY0EmxISnI7y+d4=,Ox4+9fh85TJziOLlagnIF0K6hag=
-3,83,kzLGS3Bqr+kZsY0EmxISnI7y+d4=,Ox4+9fh85TJziOLlagnIF0K6hag=
-6,81,kzLGS3Bqr+kZsY0EmxISnI7y+d4=,Ox4+9fh85TJziOLlagnIF0K6hag=
-2,83,kzLGS3Bqr+kZsY0EmxISnI7y+d4=,Ox4+9fh85TJziOLlagnIF0K6hag=
-7,81,kzLGS3Bqr+kZsY0EmxISnI7y+d4=,Ox4+9fh85TJziOLlagnIF0K6hag=
-8,81,kzLGS3Bqr+kZsY0EmxISnI7y+d4=,Ox4+9fh85TJziOLlagnIF0K6hag=
-9,81,kzLGS3Bqr+kZsY0EmxISnI7y+d4=,Ox4+9fh85TJziOLlagnIF0K6hag=
-1,83,kzLGS3Bqr+kZsY0EmxISnI7y+d4=,Ox4+9fh85TJziOLlagnIF0K6hag=
-15,82,kzLGS3Bqr+kZsY0EmxISnI7y+d4=,Ox4+9fh85TJziOLlagnIF0K6hag=
-16,84,kzLGS3Bqr+kZsY0EmxISnI7y+d4=,Ox4+9fh85TJziOLlagnIF0K6hag=
-15,84,kzLGS3Bqr+kZsY0EmxISnI7y+d4=,Ox4+9fh85TJziOLlagnIF0K6hag=
-14,84,kzLGS3Bqr+kZsY0EmxISnI7y+d4=,Ox4+9fh85TJziOLlagnIF0K6hag=
-13,84,kzLGS3Bqr+kZsY0EmxISnI7y+d4=,Ox4+9fh85TJziOLlagnIF0K6hag=
-14,82,kzLGS3Bqr+kZsY0EmxISnI7y+d4=,Ox4+9fh85TJziOLlagnIF0K6hag=
-12,84,kzLGS3Bqr+kZsY0EmxISnI7y+d4=,Ox4+9fh85TJziOLlagnIF0K6hag=
-11,80,kzLGS3Bqr+kZsY0EmxISnI7y+d4=,Ox4+9fh85TJziOLlagnIF0K6hag=
-11,84,kzLGS3Bqr+kZsY0EmxISnI7y+d4=,Ox4+9fh85TJziOLlagnIF0K6hag=
-10,84,kzLGS3Bqr+kZsY0EmxISnI7y+d4=,Ox4+9fh85TJziOLlagnIF0K6hag=
-16,80,kzLGS3Bqr+kZsY0EmxISnI7y+d4=,Ox4+9fh85TJziOLlagnIF0K6hag=
-9,84,kzLGS3Bqr+kZsY0EmxISnI7y+d4=,Ox4+9fh85TJziOLlagnIF0K6hag=
-8,84,kzLGS3Bqr+kZsY0EmxISnI7y+d4=,Ox4+9fh85TJziOLlagnIF0K6hag=
-7,84,kzLGS3Bqr+kZsY0EmxISnI7y+d4=,Ox4+9fh85TJziOLlagnIF0K6hag=
-6,84,kzLGS3Bqr+kZsY0EmxISnI7y+d4=,Ox4+9fh85TJziOLlagnIF0K6hag=
-5,84,kzLGS3Bqr+kZsY0EmxISnI7y+d4=,Ox4+9fh85TJziOLlagnIF0K6hag=
-4,84,kzLGS3Bqr+kZsY0EmxISnI7y+d4=,Ox4+9fh85TJziOLlagnIF0K6hag=
-3,84,kzLGS3Bqr+kZsY0EmxISnI7y+d4=,Ox4+9fh85TJziOLlagnIF0K6hag=
-2,84,kzLGS3Bqr+kZsY0EmxISnI7y+d4=,Ox4+9fh85TJziOLlagnIF0K6hag=
-1,84,kzLGS3Bqr+kZsY0EmxISnI7y+d4=,Ox4+9fh85TJziOLlagnIF0K6hag=
-10,80,kzLGS3Bqr+kZsY0EmxISnI7y+d4=,Ox4+9fh85TJziOLlagnIF0K6hag=
-16,85,kzLGS3Bqr+kZsY0EmxISnI7y+d4=,Ox4+9fh85TJziOLlagnIF0K6hag=
-15,85,kzLGS3Bqr+kZsY0EmxISnI7y+d4=,Ox4+9fh85TJziOLlagnIF0K6hag=
-14,85,kzLGS3Bqr+kZsY0EmxISnI7y+d4=,Ox4+9fh85TJziOLlagnIF0K6hag=
-13,85,kzLGS3Bqr+kZsY0EmxISnI7y+d4=,Ox4+9fh85TJziOLlagnIF0K6hag=
-12,85,kzLGS3Bqr+kZsY0EmxISnI7y+d4=,Ox4+9fh85TJziOLlagnIF0K6hag=
-13,82,kzLGS3Bqr+kZsY0EmxISnI7y+d4=,Ox4+9fh85TJziOLlagnIF0K6hag=
-9,80,kzLGS3Bqr+kZsY0EmxISnI7y+d4=,Ox4+9fh85TJziOLlagnIF0K6hag=
-11,85,kzLGS3Bqr+kZsY0EmxISnI7y+d4=,Ox4+9fh85TJziOLlagnIF0K6hag=
-10,85,kzLGS3Bqr+kZsY0EmxISnI7y+d4=,Ox4+9fh85TJziOLlagnIF0K6hag=
-9,85,kzLGS3Bqr+kZsY0EmxISnI7y+d4=,Ox4+9fh85TJziOLlagnIF0K6hag=
-8,85,kzLGS3Bqr+kZsY0EmxISnI7y+d4=,Ox4+9fh85TJziOLlagnIF0K6hag=
-7,85,kzLGS3Bqr+kZsY0EmxISnI7y+d4=,Ox4+9fh85TJziOLlagnIF0K6hag=
-6,85,kzLGS3Bqr+kZsY0EmxISnI7y+d4=,Ox4+9fh85TJziOLlagnIF0K6hag=
-5,85,kzLGS3Bqr+kZsY0EmxISnI7y+d4=,Ox4+9fh85TJziOLlagnIF0K6hag=
-3,85,kzLGS3Bqr+kZsY0EmxISnI7y+d4=,Ox4+9fh85TJziOLlagnIF0K6hag=
-4,85,kzLGS3Bqr+kZsY0EmxISnI7y+d4=,Ox4+9fh85TJziOLlagnIF0K6hag=
-2,85,kzLGS3Bqr+kZsY0EmxISnI7y+d4=,Ox4+9fh85TJziOLlagnIF0K6hag=
-1,85,kzLGS3Bqr+kZsY0EmxISnI7y+d4=,Ox4+9fh85TJziOLlagnIF0K6hag=
-16,86,kzLGS3Bqr+kZsY0EmxISnI7y+d4=,Ox4+9fh85TJziOLlagnIF0K6hag=
-15,86,kzLGS3Bqr+kZsY0EmxISnI7y+d4=,Ox4+9fh85TJziOLlagnIF0K6hag=
-14,86,kzLGS3Bqr+kZsY0EmxISnI7y+d4=,Ox4+9fh85TJziOLlagnIF0K6hag=
-13,86,kzLGS3Bqr+kZsY0EmxISnI7y+d4=,Ox4+9fh85TJziOLlagnIF0K6hag=
-12,86,kzLGS3Bqr+kZsY0EmxISnI7y+d4=,Ox4+9fh85TJziOLlagnIF0K6hag=
-11,86,kzLGS3Bqr+kZsY0EmxISnI7y+d4=,Ox4+9fh85TJziOLlagnIF0K6hag=
-12,82,kzLGS3Bqr+kZsY0EmxISnI7y+d4=,Ox4+9fh85TJziOLlagnIF0K6hag=
-8,80,kzLGS3Bqr+kZsY0EmxISnI7y+d4=,Ox4+9fh85TJziOLlagnIF0K6hag=
-10,86,kzLGS3Bqr+kZsY0EmxISnI7y+d4=,Ox4+9fh85TJziOLlagnIF0K6hag=
-9,86,kzLGS3Bqr+kZsY0EmxISnI7y+d4=,Ox4+9fh85TJziOLlagnIF0K6hag=
-8,86,kzLGS3Bqr+kZsY0EmxISnI7y+d4=,Ox4+9fh85TJziOLlagnIF0K6hag=
-7,86,kzLGS3Bqr+kZsY0EmxISnI7y+d4=,Ox4+9fh85TJziOLlagnIF0K6hag=
-6,86,kzLGS3Bqr+kZsY0EmxISnI7y+d4=,Ox4+9fh85TJziOLlagnIF0K6hag=
-5,86,kzLGS3Bqr+kZsY0EmxISnI7y+d4=,Ox4+9fh85TJziOLlagnIF0K6hag=
-4,86,kzLGS3Bqr+kZsY0EmxISnI7y+d4=,Ox4+9fh85TJziOLlagnIF0K6hag=
-3,86,kzLGS3Bqr+kZsY0EmxISnI7y+d4=,Ox4+9fh85TJziOLlagnIF0K6hag=
-2,86,kzLGS3Bqr+kZsY0EmxISnI7y+d4=,Ox4+9fh85TJziOLlagnIF0K6hag=
-1,86,kzLGS3Bqr+kZsY0EmxISnI7y+d4=,Ox4+9fh85TJziOLlagnIF0K6hag=
-16,87,kzLGS3Bqr+kZsY0EmxISnI7y+d4=,Ox4+9fh85TJziOLlagnIF0K6hag=
-15,87,kzLGS3Bqr+kZsY0EmxISnI7y+d4=,Ox4+9fh85TJziOLlagnIF0K6hag=
-14,87,kzLGS3Bqr+kZsY0EmxISnI7y+d4=,Ox4+9fh85TJziOLlagnIF0K6hag=
-13,87,kzLGS3Bqr+kZsY0EmxISnI7y+d4=,Ox4+9fh85TJziOLlagnIF0K6hag=
-12,87,kzLGS3Bqr+kZsY0EmxISnI7y+d4=,Ox4+9fh85TJziOLlagnIF0K6hag=
-11,87,kzLGS3Bqr+kZsY0EmxISnI7y+d4=,Ox4+9fh85TJziOLlagnIF0K6hag=
-10,87,kzLGS3Bqr+kZsY0EmxISnI7y+d4=,Ox4+9fh85TJziOLlagnIF0K6hag=
-11,82,kzLGS3Bqr+kZsY0EmxISnI7y+d4=,Ox4+9fh85TJziOLlagnIF0K6hag=
-7,80,kzLGS3Bqr+kZsY0EmxISnI7y+d4=,Ox4+9fh85TJziOLlagnIF0K6hag=
-9,87,kzLGS3Bqr+kZsY0EmxISnI7y+d4=,Ox4+9fh85TJziOLlagnIF0K6hag=
-8,87,kzLGS3Bqr+kZsY0EmxISnI7y+d4=,Ox4+9fh85TJziOLlagnIF0K6hag=
-7,87,kzLGS3Bqr+kZsY0EmxISnI7y+d4=,Ox4+9fh85TJziOLlagnIF0K6hag=
-6,87,kzLGS3Bqr+kZsY0EmxISnI7y+d4=,Ox4+9fh85TJziOLlagnIF0K6hag=
-5,87,kzLGS3Bqr+kZsY0EmxISnI7y+d4=,Ox4+9fh85TJziOLlagnIF0K6hag=
-4,87,kzLGS3Bqr+kZsY0EmxISnI7y+d4=,Ox4+9fh85TJziOLlagnIF0K6hag=
-3,87,kzLGS3Bqr+kZsY0EmxISnI7y+d4=,Ox4+9fh85TJziOLlagnIF0K6hag=
-2,87,kzLGS3Bqr+kZsY0EmxISnI7y+d4=,Ox4+9fh85TJziOLlagnIF0K6hag=
-1,87,kzLGS3Bqr+kZsY0EmxISnI7y+d4=,Ox4+9fh85TJziOLlagnIF0K6hag=
-16,88,kzLGS3Bqr+kZsY0EmxISnI7y+d4=,Ox4+9fh85TJziOLlagnIF0K6hag=
-15,88,kzLGS3Bqr+kZsY0EmxISnI7y+d4=,Ox4+9fh85TJziOLlagnIF0K6hag=
-14,88,kzLGS3Bqr+kZsY0EmxISnI7y+d4=,Ox4+9fh85TJziOLlagnIF0K6hag=
-13,88,kzLGS3Bqr+kZsY0EmxISnI7y+d4=,Ox4+9fh85TJziOLlagnIF0K6hag=
-12,88,kzLGS3Bqr+kZsY0EmxISnI7y+d4=,Ox4+9fh85TJziOLlagnIF0K6hag=
-11,88,kzLGS3Bqr+kZsY0EmxISnI7y+d4=,Ox4+9fh85TJziOLlagnIF0K6hag=
-10,88,kzLGS3Bqr+kZsY0EmxISnI7y+d4=,Ox4+9fh85TJziOLlagnIF0K6hag=
-9,88,kzLGS3Bqr+kZsY0EmxISnI7y+d4=,Ox4+9fh85TJziOLlagnIF0K6hag=
-10,82,kzLGS3Bqr+kZsY0EmxISnI7y+d4=,Ox4+9fh85TJziOLlagnIF0K6hag=
-6,80,kzLGS3Bqr+kZsY0EmxISnI7y+d4=,Ox4+9fh85TJziOLlagnIF0K6hag=
-8,88,kzLGS3Bqr+kZsY0EmxISnI7y+d4=,Ox4+9fh85TJziOLlagnIF0K6hag=
-7,88,kzLGS3Bqr+kZsY0EmxISnI7y+d4=,Ox4+9fh85TJziOLlagnIF0K6hag=
-6,88,kzLGS3Bqr+kZsY0EmxISnI7y+d4=,Ox4+9fh85TJziOLlagnIF0K6hag=
-10,81,kzLGS3Bqr+kZsY0EmxISnI7y+d4=,Ox4+9fh85TJziOLlagnIF0K6hag=
-11,81,kzLGS3Bqr+kZsY0EmxISnI7y+d4=,Ox4+9fh85TJziOLlagnIF0K6hag=
-5,88,kzLGS3Bqr+kZsY0EmxISnI7y+d4=,Ox4+9fh85TJziOLlagnIF0K6hag=
-12,81,kzLGS3Bqr+kZsY0EmxISnI7y+d4=,Ox4+9fh85TJziOLlagnIF0K6hag=
-13,81,kzLGS3Bqr+kZsY0EmxISnI7y+d4=,Ox4+9fh85TJziOLlagnIF0K6hag=
-4,88,kzLGS3Bqr+kZsY0EmxISnI7y+d4=,Ox4+9fh85TJziOLlagnIF0K6hag=
-14,81,r82AIRL6zlKp9d3ZeUFNBEnzbT0=,Ox4+9fh85TJziOLlagnIF0K6hag=
-3,88,r82AIRL6zlKp9d3ZeUFNBEnzbT0=,Ox4+9fh85TJziOLlagnIF0K6hag=
-1,94,r82AIRL6zlKp9d3ZeUFNBEnzbT0=,Ox4+9fh85TJziOLlagnIF0K6hag=
-14,80,r82AIRL6zlKp9d3ZeUFNBEnzbT0=,Ox4+9fh85TJziOLlagnIF0K6hag=
-2,88,r82AIRL6zlKp9d3ZeUFNBEnzbT0=,Ox4+9fh85TJziOLlagnIF0K6hag=
-2,94,r82AIRL6zlKp9d3ZeUFNBEnzbT0=,Ox4+9fh85TJziOLlagnIF0K6hag=
-1,88,r82AIRL6zlKp9d3ZeUFNBEnzbT0=,Ox4+9fh85TJziOLlagnIF0K6hag=
-4,82,r82AIRL6zlKp9d3ZeUFNBEnzbT0=,Ox4+9fh85TJziOLlagnIF0K6hag=
-3,94,r82AIRL6zlKp9d3ZeUFNBEnzbT0=,Ox4+9fh85TJziOLlagnIF0K6hag=
-16,89,r82AIRL6zlKp9d3ZeUFNBEnzbT0=,Ox4+9fh85TJziOLlagnIF0K6hag=
-15,89,r82AIRL6zlKp9d3ZeUFNBEnzbT0=,Ox4+9fh85TJziOLlagnIF0K6hag=
-4,94,r82AIRL6zlKp9d3ZeUFNBEnzbT0=,Ox4+9fh85TJziOLlagnIF0K6hag=
-14,89,r82AIRL6zlKp9d3ZeUFNBEnzbT0=,Ox4+9fh85TJziOLlagnIF0K6hag=
-5,94,r82AIRL6zlKp9d3ZeUFNBEnzbT0=,Ox4+9fh85TJziOLlagnIF0K6hag=
-13,89,r82AIRL6zlKp9d3ZeUFNBEnzbT0=,Ox4+9fh85TJziOLlagnIF0K6hag=
-6,94,r82AIRL6zlKp9d3ZeUFNBEnzbT0=,Ox4+9fh85TJziOLlagnIF0K6hag=
-12,89,r82AIRL6zlKp9d3ZeUFNBEnzbT0=,Ox4+9fh85TJziOLlagnIF0K6hag=
-7,94,r82AIRL6zlKp9d3ZeUFNBEnzbT0=,Ox4+9fh85TJziOLlagnIF0K6hag=
-8,94,r82AIRL6zlKp9d3ZeUFNBEnzbT0=,Ox4+9fh85TJziOLlagnIF0K6hag=
-11,89,r82AIRL6zlKp9d3ZeUFNBEnzbT0=,Ox4+9fh85TJziOLlagnIF0K6hag=
-9,94,r82AIRL6zlKp9d3ZeUFNBEnzbT0=,Ox4+9fh85TJziOLlagnIF0K6hag=
-10,89,r82AIRL6zlKp9d3ZeUFNBEnzbT0=,Ox4+9fh85TJziOLlagnIF0K6hag=
-9,89,r82AIRL6zlKp9d3ZeUFNBEnzbT0=,Ox4+9fh85TJziOLlagnIF0K6hag=
-10,94,r82AIRL6zlKp9d3ZeUFNBEnzbT0=,Ox4+9fh85TJziOLlagnIF0K6hag=
-11,94,r82AIRL6zlKp9d3ZeUFNBEnzbT0=,Ox4+9fh85TJziOLlagnIF0K6hag=
-8,89,r82AIRL6zlKp9d3ZeUFNBEnzbT0=,Ox4+9fh85TJziOLlagnIF0K6hag=
-12,94,r82AIRL6zlKp9d3ZeUFNBEnzbT0=,Ox4+9fh85TJziOLlagnIF0K6hag=
-9,82,r82AIRL6zlKp9d3ZeUFNBEnzbT0=,Ox4+9fh85TJziOLlagnIF0K6hag=
-13,94,r82AIRL6zlKp9d3ZeUFNBEnzbT0=,Ox4+9fh85TJziOLlagnIF0K6hag=
-5,80,r82AIRL6zlKp9d3ZeUFNBEnzbT0=,Ox4+9fh85TJziOLlagnIF0K6hag=
-14,94,r82AIRL6zlKp9d3ZeUFNBEnzbT0=,Ox4+9fh85TJziOLlagnIF0K6hag=
-7,89,r82AIRL6zlKp9d3ZeUFNBEnzbT0=,Ox4+9fh85TJziOLlagnIF0K6hag=
-15,94,r82AIRL6zlKp9d3ZeUFNBEnzbT0=,Ox4+9fh85TJziOLlagnIF0K6hag=
-6,89,r82AIRL6zlKp9d3ZeUFNBEnzbT0=,Ox4+9fh85TJziOLlagnIF0K6hag=
-16,94,r82AIRL6zlKp9d3ZeUFNBEnzbT0=,Ox4+9fh85TJziOLlagnIF0K6hag=
-5,89,r82AIRL6zlKp9d3ZeUFNBEnzbT0=,Ox4+9fh85TJziOLlagnIF0K6hag=
-1,93,r82AIRL6zlKp9d3ZeUFNBEnzbT0=,Ox4+9fh85TJziOLlagnIF0K6hag=
-4,89,r82AIRL6zlKp9d3ZeUFNBEnzbT0=,Ox4+9fh85TJziOLlagnIF0K6hag=
-16,81,r82AIRL6zlKp9d3ZeUFNBEnzbT0=,Ox4+9fh85TJziOLlagnIF0K6hag=
-3,89,r82AIRL6zlKp9d3ZeUFNBEnzbT0=,Ox4+9fh85TJziOLlagnIF0K6hag=
-2,93,r82AIRL6zlKp9d3ZeUFNBEnzbT0=,Ox4+9fh85TJziOLlagnIF0K6hag=
-2,89,r82AIRL6zlKp9d3ZeUFNBEnzbT0=,Ox4+9fh85TJziOLlagnIF0K6hag=
-1,80,r82AIRL6zlKp9d3ZeUFNBEnzbT0=,Ox4+9fh85TJziOLlagnIF0K6hag=
-3,93,r82AIRL6zlKp9d3ZeUFNBEnzbT0=,Ox4+9fh85TJziOLlagnIF0K6hag=
-1,89,r82AIRL6zlKp9d3ZeUFNBEnzbT0=,Ox4+9fh85TJziOLlagnIF0K6hag=
-16,90,r82AIRL6zlKp9d3ZeUFNBEnzbT0=,Ox4+9fh85TJziOLlagnIF0K6hag=
-5,82,r82AIRL6zlKp9d3ZeUFNBEnzbT0=,Ox4+9fh85TJziOLlagnIF0K6hag=
-15,90,r82AIRL6zlKp9d3ZeUFNBEnzbT0=,Ox4+9fh85TJziOLlagnIF0K6hag=
-4,93,r82AIRL6zlKp9d3ZeUFNBEnzbT0=,Ox4+9fh85TJziOLlagnIF0K6hag=
-14,90,r82AIRL6zlKp9d3ZeUFNBEnzbT0=,Ox4+9fh85TJziOLlagnIF0K6hag=
-5,93,r82AIRL6zlKp9d3ZeUFNBEnzbT0=,Ox4+9fh85TJziOLlagnIF0K6hag=
-13,90,r82AIRL6zlKp9d3ZeUFNBEnzbT0=,Ox4+9fh85TJziOLlagnIF0K6hag=
-6,93,r82AIRL6zlKp9d3ZeUFNBEnzbT0=,Ox4+9fh85TJziOLlagnIF0K6hag=
-12,90,r82AIRL6zlKp9d3ZeUFNBEnzbT0=,Ox4+9fh85TJziOLlagnIF0K6hag=
-11,90,r82AIRL6zlKp9d3ZeUFNBEnzbT0=,Ox4+9fh85TJziOLlagnIF0K6hag=
-10,90,r82AIRL6zlKp9d3ZeUFNBEnzbT0=,Ox4+9fh85TJziOLlagnIF0K6hag=
-9,90,r82AIRL6zlKp9d3ZeUFNBEnzbT0=,Ox4+9fh85TJziOLlagnIF0K6hag=
-7,93,r82AIRL6zlKp9d3ZeUFNBEnzbT0=,Ox4+9fh85TJziOLlagnIF0K6hag=
-8,90,r82AIRL6zlKp9d3ZeUFNBEnzbT0=,Ox4+9fh85TJziOLlagnIF0K6hag=
-8,93,r82AIRL6zlKp9d3ZeUFNBEnzbT0=,Ox4+9fh85TJziOLlagnIF0K6hag=
-9,93,r82AIRL6zlKp9d3ZeUFNBEnzbT0=,Ox4+9fh85TJziOLlagnIF0K6hag=
-7,90,r82AIRL6zlKp9d3ZeUFNBEnzbT0=,Ox4+9fh85TJziOLlagnIF0K6hag=
-10,93,r82AIRL6zlKp9d3ZeUFNBEnzbT0=,Ox4+9fh85TJziOLlagnIF0K6hag=
-8,82,r82AIRL6zlKp9d3ZeUFNBEnzbT0=,Ox4+9fh85TJziOLlagnIF0K6hag=
-11,93,r82AIRL6zlKp9d3ZeUFNBEnzbT0=,Ox4+9fh85TJziOLlagnIF0K6hag=
-4,80,r82AIRL6zlKp9d3ZeUFNBEnzbT0=,Ox4+9fh85TJziOLlagnIF0K6hag=
-12,93,r82AIRL6zlKp9d3ZeUFNBEnzbT0=,Ox4+9fh85TJziOLlagnIF0K6hag=
-6,90,r82AIRL6zlKp9d3ZeUFNBEnzbT0=,Ox4+9fh85TJziOLlagnIF0K6hag=
-13,93,r82AIRL6zlKp9d3ZeUFNBEnzbT0=,Ox4+9fh85TJziOLlagnIF0K6hag=
-14,93,r82AIRL6zlKp9d3ZeUFNBEnzbT0=,Ox4+9fh85TJziOLlagnIF0K6hag=
-15,93,r82AIRL6zlKp9d3ZeUFNBEnzbT0=,Ox4+9fh85TJziOLlagnIF0K6hag=
-5,90,r82AIRL6zlKp9d3ZeUFNBEnzbT0=,Ox4+9fh85TJziOLlagnIF0K6hag=
-15,80,r82AIRL6zlKp9d3ZeUFNBEnzbT0=,Ox4+9fh85TJziOLlagnIF0K6hag=
-4,90,r82AIRL6zlKp9d3ZeUFNBEnzbT0=,Ox4+9fh85TJziOLlagnIF0K6hag=
-16,93,r82AIRL6zlKp9d3ZeUFNBEnzbT0=,Ox4+9fh85TJziOLlagnIF0K6hag=
-3,90,r82AIRL6zlKp9d3ZeUFNBEnzbT0=,Ox4+9fh85TJziOLlagnIF0K6hag=
-1,92,r82AIRL6zlKp9d3ZeUFNBEnzbT0=,Ox4+9fh85TJziOLlagnIF0K6hag=
-2,90,r82AIRL6zlKp9d3ZeUFNBEnzbT0=,Ox4+9fh85TJziOLlagnIF0K6hag=
-2,92,r82AIRL6zlKp9d3ZeUFNBEnzbT0=,Ox4+9fh85TJziOLlagnIF0K6hag=
-1,90,r82AIRL6zlKp9d3ZeUFNBEnzbT0=,Ox4+9fh85TJziOLlagnIF0K6hag=
-3,92,r82AIRL6zlKp9d3ZeUFNBEnzbT0=,Ox4+9fh85TJziOLlagnIF0K6hag=
-16,91,r82AIRL6zlKp9d3ZeUFNBEnzbT0=,Ox4+9fh85TJziOLlagnIF0K6hag=
-15,91,r82AIRL6zlKp9d3ZeUFNBEnzbT0=,Ox4+9fh85TJziOLlagnIF0K6hag=
-14,91,r82AIRL6zlKp9d3ZeUFNBEnzbT0=,Ox4+9fh85TJziOLlagnIF0K6hag=
-13,91,r82AIRL6zlKp9d3ZeUFNBEnzbT0=,Ox4+9fh85TJziOLlagnIF0K6hag=
-2,80,r82AIRL6zlKp9d3ZeUFNBEnzbT0=,Ox4+9fh85TJziOLlagnIF0K6hag=
-12,91,r82AIRL6zlKp9d3ZeUFNBEnzbT0=,Ox4+9fh85TJziOLlagnIF0K6hag=
-4,92,r82AIRL6zlKp9d3ZeUFNBEnzbT0=,Ox4+9fh85TJziOLlagnIF0K6hag=
-11,91,r82AIRL6zlKp9d3ZeUFNBEnzbT0=,Ox4+9fh85TJziOLlagnIF0K6hag=
-6,82,r82AIRL6zlKp9d3ZeUFNBEnzbT0=,Ox4+9fh85TJziOLlagnIF0K6hag=
-10,91,r82AIRL6zlKp9d3ZeUFNBEnzbT0=,Ox4+9fh85TJziOLlagnIF0K6hag=
-5,92,r82AIRL6zlKp9d3ZeUFNBEnzbT0=,Ox4+9fh85TJziOLlagnIF0K6hag=
-9,91,r82AIRL6zlKp9d3ZeUFNBEnzbT0=,Ox4+9fh85TJziOLlagnIF0K6hag=
-6,92,r82AIRL6zlKp9d3ZeUFNBEnzbT0=,Ox4+9fh85TJziOLlagnIF0K6hag=
-7,92,r82AIRL6zlKp9d3ZeUFNBEnzbT0=,Ox4+9fh85TJziOLlagnIF0K6hag=
-8,91,r82AIRL6zlKp9d3ZeUFNBEnzbT0=,Ox4+9fh85TJziOLlagnIF0K6hag=
-7,91,r82AIRL6zlKp9d3ZeUFNBEnzbT0=,Ox4+9fh85TJziOLlagnIF0K6hag=
-6,91,r82AIRL6zlKp9d3ZeUFNBEnzbT0=,Ox4+9fh85TJziOLlagnIF0K6hag=
-7,82,r82AIRL6zlKp9d3ZeUFNBEnzbT0=,Ox4+9fh85TJziOLlagnIF0K6hag=
-3,80,r82AIRL6zlKp9d3ZeUFNBEnzbT0=,Ox4+9fh85TJziOLlagnIF0K6hag=
-5,91,r82AIRL6zlKp9d3ZeUFNBEnzbT0=,Ox4+9fh85TJziOLlagnIF0K6hag=
-4,91,r82AIRL6zlKp9d3ZeUFNBEnzbT0=,Ox4+9fh85TJziOLlagnIF0K6hag=
-3,91,r82AIRL6zlKp9d3ZeUFNBEnzbT0=,Ox4+9fh85TJziOLlagnIF0K6hag=
-2,91,r82AIRL6zlKp9d3ZeUFNBEnzbT0=,Ox4+9fh85TJziOLlagnIF0K6hag=
-1,91,r82AIRL6zlKp9d3ZeUFNBEnzbT0=,Ox4+9fh85TJziOLlagnIF0K6hag=
-16,92,r82AIRL6zlKp9d3ZeUFNBEnzbT0=,Ox4+9fh85TJziOLlagnIF0K6hag=
-15,92,r82AIRL6zlKp9d3ZeUFNBEnzbT0=,Ox4+9fh85TJziOLlagnIF0K6hag=
-14,92,r82AIRL6zlKp9d3ZeUFNBEnzbT0=,Ox4+9fh85TJziOLlagnIF0K6hag=
-13,92,r82AIRL6zlKp9d3ZeUFNBEnzbT0=,Ox4+9fh85TJziOLlagnIF0K6hag=
-12,92,r82AIRL6zlKp9d3ZeUFNBEnzbT0=,Ox4+9fh85TJziOLlagnIF0K6hag=
-11,92,r82AIRL6zlKp9d3ZeUFNBEnzbT0=,Ox4+9fh85TJziOLlagnIF0K6hag=
-10,92,r82AIRL6zlKp9d3ZeUFNBEnzbT0=,Ox4+9fh85TJziOLlagnIF0K6hag=
-9,92,r82AIRL6zlKp9d3ZeUFNBEnzbT0=,Ox4+9fh85TJziOLlagnIF0K6hag=
-8,92,r82AIRL6zlKp9d3ZeUFNBEnzbT0=,Ox4+9fh85TJziOLlagnIF0K6hag=
-2,66,y0EbmQ6bWxHtFLu9vcgDTsr4Png=,/nBi2UOFt3WviFLcLkHTiGTt8oI=
-1,79,kF2YcYTWlHK4PIXCqmKchX1Em9w=,/nBi2UOFt3WviFLcLkHTiGTt8oI=
-13,64,kF2YcYTWlHK4PIXCqmKchX1Em9w=,/nBi2UOFt3WviFLcLkHTiGTt8oI=
-3,79,kF2YcYTWlHK4PIXCqmKchX1Em9w=,/nBi2UOFt3WviFLcLkHTiGTt8oI=
-4,79,kF2YcYTWlHK4PIXCqmKchX1Em9w=,/nBi2UOFt3WviFLcLkHTiGTt8oI=
-5,79,kF2YcYTWlHK4PIXCqmKchX1Em9w=,/nBi2UOFt3WviFLcLkHTiGTt8oI=
-2,79,kF2YcYTWlHK4PIXCqmKchX1Em9w=,/nBi2UOFt3WviFLcLkHTiGTt8oI=
-3,66,kF2YcYTWlHK4PIXCqmKchX1Em9w=,/nBi2UOFt3WviFLcLkHTiGTt8oI=
-7,79,kF2YcYTWlHK4PIXCqmKchX1Em9w=,/nBi2UOFt3WviFLcLkHTiGTt8oI=
-8,79,kF2YcYTWlHK4PIXCqmKchX1Em9w=,/nBi2UOFt3WviFLcLkHTiGTt8oI=
-6,79,kF2YcYTWlHK4PIXCqmKchX1Em9w=,/nBi2UOFt3WviFLcLkHTiGTt8oI=
-10,79,kF2YcYTWlHK4PIXCqmKchX1Em9w=,/nBi2UOFt3WviFLcLkHTiGTt8oI=
-11,79,kF2YcYTWlHK4PIXCqmKchX1Em9w=,/nBi2UOFt3WviFLcLkHTiGTt8oI=
-9,79,kF2YcYTWlHK4PIXCqmKchX1Em9w=,/nBi2UOFt3WviFLcLkHTiGTt8oI=
-13,79,kF2YcYTWlHK4PIXCqmKchX1Em9w=,/nBi2UOFt3WviFLcLkHTiGTt8oI=
-14,79,kF2YcYTWlHK4PIXCqmKchX1Em9w=,/nBi2UOFt3WviFLcLkHTiGTt8oI=
-12,79,kF2YcYTWlHK4PIXCqmKchX1Em9w=,/nBi2UOFt3WviFLcLkHTiGTt8oI=
-1,65,kF2YcYTWlHK4PIXCqmKchX1Em9w=,/nBi2UOFt3WviFLcLkHTiGTt8oI=
-15,79,kF2YcYTWlHK4PIXCqmKchX1Em9w=,/nBi2UOFt3WviFLcLkHTiGTt8oI=
-2,65,kF2YcYTWlHK4PIXCqmKchX1Em9w=,/nBi2UOFt3WviFLcLkHTiGTt8oI=
-15,65,kF2YcYTWlHK4PIXCqmKchX1Em9w=,/nBi2UOFt3WviFLcLkHTiGTt8oI=
-3,65,kF2YcYTWlHK4PIXCqmKchX1Em9w=,/nBi2UOFt3WviFLcLkHTiGTt8oI=
-16,79,kF2YcYTWlHK4PIXCqmKchX1Em9w=,/nBi2UOFt3WviFLcLkHTiGTt8oI=
-5,65,kF2YcYTWlHK4PIXCqmKchX1Em9w=,/nBi2UOFt3WviFLcLkHTiGTt8oI=
-4,65,kF2YcYTWlHK4PIXCqmKchX1Em9w=,/nBi2UOFt3WviFLcLkHTiGTt8oI=
-6,65,kF2YcYTWlHK4PIXCqmKchX1Em9w=,/nBi2UOFt3WviFLcLkHTiGTt8oI=
-7,65,kF2YcYTWlHK4PIXCqmKchX1Em9w=,/nBi2UOFt3WviFLcLkHTiGTt8oI=
-8,65,kF2YcYTWlHK4PIXCqmKchX1Em9w=,/nBi2UOFt3WviFLcLkHTiGTt8oI=
-9,65,kF2YcYTWlHK4PIXCqmKchX1Em9w=,/nBi2UOFt3WviFLcLkHTiGTt8oI=
-10,65,kF2YcYTWlHK4PIXCqmKchX1Em9w=,/nBi2UOFt3WviFLcLkHTiGTt8oI=
-11,65,kF2YcYTWlHK4PIXCqmKchX1Em9w=,/nBi2UOFt3WviFLcLkHTiGTt8oI=
-12,65,kF2YcYTWlHK4PIXCqmKchX1Em9w=,/nBi2UOFt3WviFLcLkHTiGTt8oI=
-13,65,kF2YcYTWlHK4PIXCqmKchX1Em9w=,/nBi2UOFt3WviFLcLkHTiGTt8oI=
-1,78,kF2YcYTWlHK4PIXCqmKchX1Em9w=,/nBi2UOFt3WviFLcLkHTiGTt8oI=
-2,78,kF2YcYTWlHK4PIXCqmKchX1Em9w=,/nBi2UOFt3WviFLcLkHTiGTt8oI=
-14,65,kF2YcYTWlHK4PIXCqmKchX1Em9w=,/nBi2UOFt3WviFLcLkHTiGTt8oI=
-4,66,kF2YcYTWlHK4PIXCqmKchX1Em9w=,/nBi2UOFt3WviFLcLkHTiGTt8oI=
-3,78,kF2YcYTWlHK4PIXCqmKchX1Em9w=,/nBi2UOFt3WviFLcLkHTiGTt8oI=
-14,64,kF2YcYTWlHK4PIXCqmKchX1Em9w=,/nBi2UOFt3WviFLcLkHTiGTt8oI=
-5,78,kF2YcYTWlHK4PIXCqmKchX1Em9w=,/nBi2UOFt3WviFLcLkHTiGTt8oI=
-4,78,kF2YcYTWlHK4PIXCqmKchX1Em9w=,/nBi2UOFt3WviFLcLkHTiGTt8oI=
-6,78,kF2YcYTWlHK4PIXCqmKchX1Em9w=,/nBi2UOFt3WviFLcLkHTiGTt8oI=
-8,78,kF2YcYTWlHK4PIXCqmKchX1Em9w=,/nBi2UOFt3WviFLcLkHTiGTt8oI=
-9,78,kF2YcYTWlHK4PIXCqmKchX1Em9w=,/nBi2UOFt3WviFLcLkHTiGTt8oI=
-7,78,kF2YcYTWlHK4PIXCqmKchX1Em9w=,/nBi2UOFt3WviFLcLkHTiGTt8oI=
-11,78,kF2YcYTWlHK4PIXCqmKchX1Em9w=,/nBi2UOFt3WviFLcLkHTiGTt8oI=
-12,78,kF2YcYTWlHK4PIXCqmKchX1Em9w=,/nBi2UOFt3WviFLcLkHTiGTt8oI=
-13,78,kF2YcYTWlHK4PIXCqmKchX1Em9w=,/nBi2UOFt3WviFLcLkHTiGTt8oI=
-10,78,kF2YcYTWlHK4PIXCqmKchX1Em9w=,/nBi2UOFt3WviFLcLkHTiGTt8oI=
-14,78,kF2YcYTWlHK4PIXCqmKchX1Em9w=,/nBi2UOFt3WviFLcLkHTiGTt8oI=
-15,78,kF2YcYTWlHK4PIXCqmKchX1Em9w=,/nBi2UOFt3WviFLcLkHTiGTt8oI=
-16,78,kF2YcYTWlHK4PIXCqmKchX1Em9w=,/nBi2UOFt3WviFLcLkHTiGTt8oI=
-1,77,kF2YcYTWlHK4PIXCqmKchX1Em9w=,/nBi2UOFt3WviFLcLkHTiGTt8oI=
-16,65,kF2YcYTWlHK4PIXCqmKchX1Em9w=,/nBi2UOFt3WviFLcLkHTiGTt8oI=
-3,77,kF2YcYTWlHK4PIXCqmKchX1Em9w=,/nBi2UOFt3WviFLcLkHTiGTt8oI=
-1,64,kF2YcYTWlHK4PIXCqmKchX1Em9w=,/nBi2UOFt3WviFLcLkHTiGTt8oI=
-5,66,kF2YcYTWlHK4PIXCqmKchX1Em9w=,/nBi2UOFt3WviFLcLkHTiGTt8oI=
-2,77,kF2YcYTWlHK4PIXCqmKchX1Em9w=,/nBi2UOFt3WviFLcLkHTiGTt8oI=
-4,77,kF2YcYTWlHK4PIXCqmKchX1Em9w=,/nBi2UOFt3WviFLcLkHTiGTt8oI=
-5,77,kF2YcYTWlHK4PIXCqmKchX1Em9w=,/nBi2UOFt3WviFLcLkHTiGTt8oI=
-6,77,kF2YcYTWlHK4PIXCqmKchX1Em9w=,/nBi2UOFt3WviFLcLkHTiGTt8oI=
-7,77,kF2YcYTWlHK4PIXCqmKchX1Em9w=,/nBi2UOFt3WviFLcLkHTiGTt8oI=
-8,77,kF2YcYTWlHK4PIXCqmKchX1Em9w=,/nBi2UOFt3WviFLcLkHTiGTt8oI=
-10,77,kF2YcYTWlHK4PIXCqmKchX1Em9w=,/nBi2UOFt3WviFLcLkHTiGTt8oI=
-11,77,kF2YcYTWlHK4PIXCqmKchX1Em9w=,/nBi2UOFt3WviFLcLkHTiGTt8oI=
-9,77,kF2YcYTWlHK4PIXCqmKchX1Em9w=,/nBi2UOFt3WviFLcLkHTiGTt8oI=
-12,77,kF2YcYTWlHK4PIXCqmKchX1Em9w=,/nBi2UOFt3WviFLcLkHTiGTt8oI=
-13,77,kF2YcYTWlHK4PIXCqmKchX1Em9w=,/nBi2UOFt3WviFLcLkHTiGTt8oI=
-14,77,kF2YcYTWlHK4PIXCqmKchX1Em9w=,/nBi2UOFt3WviFLcLkHTiGTt8oI=
-15,77,kF2YcYTWlHK4PIXCqmKchX1Em9w=,/nBi2UOFt3WviFLcLkHTiGTt8oI=
-15,64,kF2YcYTWlHK4PIXCqmKchX1Em9w=,/nBi2UOFt3WviFLcLkHTiGTt8oI=
-1,76,kF2YcYTWlHK4PIXCqmKchX1Em9w=,/nBi2UOFt3WviFLcLkHTiGTt8oI=
-16,77,kF2YcYTWlHK4PIXCqmKchX1Em9w=,/nBi2UOFt3WviFLcLkHTiGTt8oI=
-2,76,kF2YcYTWlHK4PIXCqmKchX1Em9w=,/nBi2UOFt3WviFLcLkHTiGTt8oI=
-3,76,kF2YcYTWlHK4PIXCqmKchX1Em9w=,/nBi2UOFt3WviFLcLkHTiGTt8oI=
-4,76,kF2YcYTWlHK4PIXCqmKchX1Em9w=,/nBi2UOFt3WviFLcLkHTiGTt8oI=
-2,64,kF2YcYTWlHK4PIXCqmKchX1Em9w=,/nBi2UOFt3WviFLcLkHTiGTt8oI=
-6,66,kF2YcYTWlHK4PIXCqmKchX1Em9w=,/nBi2UOFt3WviFLcLkHTiGTt8oI=
-6,76,kF2YcYTWlHK4PIXCqmKchX1Em9w=,/nBi2UOFt3WviFLcLkHTiGTt8oI=
-7,76,kF2YcYTWlHK4PIXCqmKchX1Em9w=,/nBi2UOFt3WviFLcLkHTiGTt8oI=
-5,76,kF2YcYTWlHK4PIXCqmKchX1Em9w=,/nBi2UOFt3WviFLcLkHTiGTt8oI=
-8,76,kF2YcYTWlHK4PIXCqmKchX1Em9w=,/nBi2UOFt3WviFLcLkHTiGTt8oI=
-9,76,kF2YcYTWlHK4PIXCqmKchX1Em9w=,/nBi2UOFt3WviFLcLkHTiGTt8oI=
-10,76,kF2YcYTWlHK4PIXCqmKchX1Em9w=,/nBi2UOFt3WviFLcLkHTiGTt8oI=
-12,76,kF2YcYTWlHK4PIXCqmKchX1Em9w=,/nBi2UOFt3WviFLcLkHTiGTt8oI=
-11,76,kF2YcYTWlHK4PIXCqmKchX1Em9w=,/nBi2UOFt3WviFLcLkHTiGTt8oI=
-14,76,kF2YcYTWlHK4PIXCqmKchX1Em9w=,/nBi2UOFt3WviFLcLkHTiGTt8oI=
-13,76,kF2YcYTWlHK4PIXCqmKchX1Em9w=,/nBi2UOFt3WviFLcLkHTiGTt8oI=
-16,76,kF2YcYTWlHK4PIXCqmKchX1Em9w=,/nBi2UOFt3WviFLcLkHTiGTt8oI=
-15,76,kF2YcYTWlHK4PIXCqmKchX1Em9w=,/nBi2UOFt3WviFLcLkHTiGTt8oI=
-2,75,kF2YcYTWlHK4PIXCqmKchX1Em9w=,/nBi2UOFt3WviFLcLkHTiGTt8oI=
-1,75,kF2YcYTWlHK4PIXCqmKchX1Em9w=,/nBi2UOFt3WviFLcLkHTiGTt8oI=
-4,75,kF2YcYTWlHK4PIXCqmKchX1Em9w=,/nBi2UOFt3WviFLcLkHTiGTt8oI=
-3,64,kF2YcYTWlHK4PIXCqmKchX1Em9w=,/nBi2UOFt3WviFLcLkHTiGTt8oI=
-3,75,kF2YcYTWlHK4PIXCqmKchX1Em9w=,/nBi2UOFt3WviFLcLkHTiGTt8oI=
-5,75,kF2YcYTWlHK4PIXCqmKchX1Em9w=,/nBi2UOFt3WviFLcLkHTiGTt8oI=
-7,66,kF2YcYTWlHK4PIXCqmKchX1Em9w=,/nBi2UOFt3WviFLcLkHTiGTt8oI=
-6,75,kF2YcYTWlHK4PIXCqmKchX1Em9w=,/nBi2UOFt3WviFLcLkHTiGTt8oI=
-7,75,kF2YcYTWlHK4PIXCqmKchX1Em9w=,/nBi2UOFt3WviFLcLkHTiGTt8oI=
-8,75,kF2YcYTWlHK4PIXCqmKchX1Em9w=,/nBi2UOFt3WviFLcLkHTiGTt8oI=
-10,75,kF2YcYTWlHK4PIXCqmKchX1Em9w=,/nBi2UOFt3WviFLcLkHTiGTt8oI=
-11,75,kF2YcYTWlHK4PIXCqmKchX1Em9w=,/nBi2UOFt3WviFLcLkHTiGTt8oI=
-12,75,kF2YcYTWlHK4PIXCqmKchX1Em9w=,/nBi2UOFt3WviFLcLkHTiGTt8oI=
-9,75,kF2YcYTWlHK4PIXCqmKchX1Em9w=,/nBi2UOFt3WviFLcLkHTiGTt8oI=
-13,75,kF2YcYTWlHK4PIXCqmKchX1Em9w=,/nBi2UOFt3WviFLcLkHTiGTt8oI=
-14,75,kF2YcYTWlHK4PIXCqmKchX1Em9w=,/nBi2UOFt3WviFLcLkHTiGTt8oI=
-15,75,kF2YcYTWlHK4PIXCqmKchX1Em9w=,/nBi2UOFt3WviFLcLkHTiGTt8oI=
-16,75,kF2YcYTWlHK4PIXCqmKchX1Em9w=,/nBi2UOFt3WviFLcLkHTiGTt8oI=
-2,74,kF2YcYTWlHK4PIXCqmKchX1Em9w=,/nBi2UOFt3WviFLcLkHTiGTt8oI=
-3,74,kF2YcYTWlHK4PIXCqmKchX1Em9w=,/nBi2UOFt3WviFLcLkHTiGTt8oI=
-1,74,kF2YcYTWlHK4PIXCqmKchX1Em9w=,/nBi2UOFt3WviFLcLkHTiGTt8oI=
-4,74,kF2YcYTWlHK4PIXCqmKchX1Em9w=,/nBi2UOFt3WviFLcLkHTiGTt8oI=
-4,64,kF2YcYTWlHK4PIXCqmKchX1Em9w=,/nBi2UOFt3WviFLcLkHTiGTt8oI=
-6,74,kF2YcYTWlHK4PIXCqmKchX1Em9w=,/nBi2UOFt3WviFLcLkHTiGTt8oI=
-5,74,kF2YcYTWlHK4PIXCqmKchX1Em9w=,/nBi2UOFt3WviFLcLkHTiGTt8oI=
-8,66,kF2YcYTWlHK4PIXCqmKchX1Em9w=,/nBi2UOFt3WviFLcLkHTiGTt8oI=
-7,74,kF2YcYTWlHK4PIXCqmKchX1Em9w=,/nBi2UOFt3WviFLcLkHTiGTt8oI=
-8,74,kF2YcYTWlHK4PIXCqmKchX1Em9w=,/nBi2UOFt3WviFLcLkHTiGTt8oI=
-9,74,kF2YcYTWlHK4PIXCqmKchX1Em9w=,/nBi2UOFt3WviFLcLkHTiGTt8oI=
-10,74,kF2YcYTWlHK4PIXCqmKchX1Em9w=,/nBi2UOFt3WviFLcLkHTiGTt8oI=
-12,74,kF2YcYTWlHK4PIXCqmKchX1Em9w=,/nBi2UOFt3WviFLcLkHTiGTt8oI=
-13,74,kF2YcYTWlHK4PIXCqmKchX1Em9w=,/nBi2UOFt3WviFLcLkHTiGTt8oI=
-14,74,kF2YcYTWlHK4PIXCqmKchX1Em9w=,/nBi2UOFt3WviFLcLkHTiGTt8oI=
-11,74,kF2YcYTWlHK4PIXCqmKchX1Em9w=,/nBi2UOFt3WviFLcLkHTiGTt8oI=
-15,74,kF2YcYTWlHK4PIXCqmKchX1Em9w=,/nBi2UOFt3WviFLcLkHTiGTt8oI=
-16,74,kF2YcYTWlHK4PIXCqmKchX1Em9w=,/nBi2UOFt3WviFLcLkHTiGTt8oI=
-1,73,kF2YcYTWlHK4PIXCqmKchX1Em9w=,/nBi2UOFt3WviFLcLkHTiGTt8oI=
-2,73,kF2YcYTWlHK4PIXCqmKchX1Em9w=,/nBi2UOFt3WviFLcLkHTiGTt8oI=
-3,73,kF2YcYTWlHK4PIXCqmKchX1Em9w=,/nBi2UOFt3WviFLcLkHTiGTt8oI=
-4,73,kF2YcYTWlHK4PIXCqmKchX1Em9w=,/nBi2UOFt3WviFLcLkHTiGTt8oI=
-6,73,kF2YcYTWlHK4PIXCqmKchX1Em9w=,/nBi2UOFt3WviFLcLkHTiGTt8oI=
-5,73,kF2YcYTWlHK4PIXCqmKchX1Em9w=,/nBi2UOFt3WviFLcLkHTiGTt8oI=
-1,66,kF2YcYTWlHK4PIXCqmKchX1Em9w=,/nBi2UOFt3WviFLcLkHTiGTt8oI=
-16,67,kF2YcYTWlHK4PIXCqmKchX1Em9w=,/nBi2UOFt3WviFLcLkHTiGTt8oI=
-15,67,kF2YcYTWlHK4PIXCqmKchX1Em9w=,/nBi2UOFt3WviFLcLkHTiGTt8oI=
-14,67,kF2YcYTWlHK4PIXCqmKchX1Em9w=,/nBi2UOFt3WviFLcLkHTiGTt8oI=
-16,66,kF2YcYTWlHK4PIXCqmKchX1Em9w=,/nBi2UOFt3WviFLcLkHTiGTt8oI=
-12,64,kF2YcYTWlHK4PIXCqmKchX1Em9w=,/nBi2UOFt3WviFLcLkHTiGTt8oI=
-13,67,kF2YcYTWlHK4PIXCqmKchX1Em9w=,/nBi2UOFt3WviFLcLkHTiGTt8oI=
-12,67,BMFtG7sdKpfYNo2YgsO+m63F+3Y=,/nBi2UOFt3WviFLcLkHTiGTt8oI=
-11,67,BMFtG7sdKpfYNo2YgsO+m63F+3Y=,/nBi2UOFt3WviFLcLkHTiGTt8oI=
-10,67,BMFtG7sdKpfYNo2YgsO+m63F+3Y=,/nBi2UOFt3WviFLcLkHTiGTt8oI=
-9,67,BMFtG7sdKpfYNo2YgsO+m63F+3Y=,/nBi2UOFt3WviFLcLkHTiGTt8oI=
-8,67,BMFtG7sdKpfYNo2YgsO+m63F+3Y=,/nBi2UOFt3WviFLcLkHTiGTt8oI=
-7,67,BMFtG7sdKpfYNo2YgsO+m63F+3Y=,/nBi2UOFt3WviFLcLkHTiGTt8oI=
-6,67,BMFtG7sdKpfYNo2YgsO+m63F+3Y=,/nBi2UOFt3WviFLcLkHTiGTt8oI=
-5,67,BMFtG7sdKpfYNo2YgsO+m63F+3Y=,/nBi2UOFt3WviFLcLkHTiGTt8oI=
-4,67,BMFtG7sdKpfYNo2YgsO+m63F+3Y=,/nBi2UOFt3WviFLcLkHTiGTt8oI=
-3,67,BMFtG7sdKpfYNo2YgsO+m63F+3Y=,/nBi2UOFt3WviFLcLkHTiGTt8oI=
-2,67,BMFtG7sdKpfYNo2YgsO+m63F+3Y=,/nBi2UOFt3WviFLcLkHTiGTt8oI=
-15,66,BMFtG7sdKpfYNo2YgsO+m63F+3Y=,/nBi2UOFt3WviFLcLkHTiGTt8oI=
-1,67,BMFtG7sdKpfYNo2YgsO+m63F+3Y=,/nBi2UOFt3WviFLcLkHTiGTt8oI=
-16,68,BMFtG7sdKpfYNo2YgsO+m63F+3Y=,/nBi2UOFt3WviFLcLkHTiGTt8oI=
-15,68,BMFtG7sdKpfYNo2YgsO+m63F+3Y=,/nBi2UOFt3WviFLcLkHTiGTt8oI=
-14,68,BMFtG7sdKpfYNo2YgsO+m63F+3Y=,/nBi2UOFt3WviFLcLkHTiGTt8oI=
-13,68,BMFtG7sdKpfYNo2YgsO+m63F+3Y=,/nBi2UOFt3WviFLcLkHTiGTt8oI=
-14,66,BMFtG7sdKpfYNo2YgsO+m63F+3Y=,/nBi2UOFt3WviFLcLkHTiGTt8oI=
-11,64,BMFtG7sdKpfYNo2YgsO+m63F+3Y=,/nBi2UOFt3WviFLcLkHTiGTt8oI=
-12,68,BMFtG7sdKpfYNo2YgsO+m63F+3Y=,/nBi2UOFt3WviFLcLkHTiGTt8oI=
-11,68,BMFtG7sdKpfYNo2YgsO+m63F+3Y=,/nBi2UOFt3WviFLcLkHTiGTt8oI=
-16,64,BMFtG7sdKpfYNo2YgsO+m63F+3Y=,/nBi2UOFt3WviFLcLkHTiGTt8oI=
-10,68,BMFtG7sdKpfYNo2YgsO+m63F+3Y=,/nBi2UOFt3WviFLcLkHTiGTt8oI=
-9,68,BMFtG7sdKpfYNo2YgsO+m63F+3Y=,/nBi2UOFt3WviFLcLkHTiGTt8oI=
-8,68,BMFtG7sdKpfYNo2YgsO+m63F+3Y=,/nBi2UOFt3WviFLcLkHTiGTt8oI=
-6,68,BMFtG7sdKpfYNo2YgsO+m63F+3Y=,/nBi2UOFt3WviFLcLkHTiGTt8oI=
-5,68,BMFtG7sdKpfYNo2YgsO+m63F+3Y=,/nBi2UOFt3WviFLcLkHTiGTt8oI=
-7,68,BMFtG7sdKpfYNo2YgsO+m63F+3Y=,/nBi2UOFt3WviFLcLkHTiGTt8oI=
-3,68,BMFtG7sdKpfYNo2YgsO+m63F+3Y=,/nBi2UOFt3WviFLcLkHTiGTt8oI=
-2,68,BMFtG7sdKpfYNo2YgsO+m63F+3Y=,/nBi2UOFt3WviFLcLkHTiGTt8oI=
-4,68,BMFtG7sdKpfYNo2YgsO+m63F+3Y=,/nBi2UOFt3WviFLcLkHTiGTt8oI=
-1,68,BMFtG7sdKpfYNo2YgsO+m63F+3Y=,/nBi2UOFt3WviFLcLkHTiGTt8oI=
-16,69,BMFtG7sdKpfYNo2YgsO+m63F+3Y=,/nBi2UOFt3WviFLcLkHTiGTt8oI=
-15,69,BMFtG7sdKpfYNo2YgsO+m63F+3Y=,/nBi2UOFt3WviFLcLkHTiGTt8oI=
-10,64,BMFtG7sdKpfYNo2YgsO+m63F+3Y=,/nBi2UOFt3WviFLcLkHTiGTt8oI=
-14,69,BMFtG7sdKpfYNo2YgsO+m63F+3Y=,/nBi2UOFt3WviFLcLkHTiGTt8oI=
-13,69,BMFtG7sdKpfYNo2YgsO+m63F+3Y=,/nBi2UOFt3WviFLcLkHTiGTt8oI=
-12,69,BMFtG7sdKpfYNo2YgsO+m63F+3Y=,/nBi2UOFt3WviFLcLkHTiGTt8oI=
-13,66,BMFtG7sdKpfYNo2YgsO+m63F+3Y=,/nBi2UOFt3WviFLcLkHTiGTt8oI=
-11,69,BMFtG7sdKpfYNo2YgsO+m63F+3Y=,/nBi2UOFt3WviFLcLkHTiGTt8oI=
-9,64,BMFtG7sdKpfYNo2YgsO+m63F+3Y=,/nBi2UOFt3WviFLcLkHTiGTt8oI=
-10,69,BMFtG7sdKpfYNo2YgsO+m63F+3Y=,/nBi2UOFt3WviFLcLkHTiGTt8oI=
-9,69,BMFtG7sdKpfYNo2YgsO+m63F+3Y=,/nBi2UOFt3WviFLcLkHTiGTt8oI=
-8,69,BMFtG7sdKpfYNo2YgsO+m63F+3Y=,/nBi2UOFt3WviFLcLkHTiGTt8oI=
-7,69,BMFtG7sdKpfYNo2YgsO+m63F+3Y=,/nBi2UOFt3WviFLcLkHTiGTt8oI=
-6,69,BMFtG7sdKpfYNo2YgsO+m63F+3Y=,/nBi2UOFt3WviFLcLkHTiGTt8oI=
-5,69,BMFtG7sdKpfYNo2YgsO+m63F+3Y=,/nBi2UOFt3WviFLcLkHTiGTt8oI=
-4,69,BMFtG7sdKpfYNo2YgsO+m63F+3Y=,/nBi2UOFt3WviFLcLkHTiGTt8oI=
-3,69,BMFtG7sdKpfYNo2YgsO+m63F+3Y=,/nBi2UOFt3WviFLcLkHTiGTt8oI=
-2,69,BMFtG7sdKpfYNo2YgsO+m63F+3Y=,/nBi2UOFt3WviFLcLkHTiGTt8oI=
-16,70,BMFtG7sdKpfYNo2YgsO+m63F+3Y=,/nBi2UOFt3WviFLcLkHTiGTt8oI=
-15,70,BMFtG7sdKpfYNo2YgsO+m63F+3Y=,/nBi2UOFt3WviFLcLkHTiGTt8oI=
-14,70,BMFtG7sdKpfYNo2YgsO+m63F+3Y=,/nBi2UOFt3WviFLcLkHTiGTt8oI=
-1,69,BMFtG7sdKpfYNo2YgsO+m63F+3Y=,/nBi2UOFt3WviFLcLkHTiGTt8oI=
-12,70,BMFtG7sdKpfYNo2YgsO+m63F+3Y=,/nBi2UOFt3WviFLcLkHTiGTt8oI=
-11,70,BMFtG7sdKpfYNo2YgsO+m63F+3Y=,/nBi2UOFt3WviFLcLkHTiGTt8oI=
-13,70,BMFtG7sdKpfYNo2YgsO+m63F+3Y=,/nBi2UOFt3WviFLcLkHTiGTt8oI=
-10,70,BMFtG7sdKpfYNo2YgsO+m63F+3Y=,/nBi2UOFt3WviFLcLkHTiGTt8oI=
-8,64,BMFtG7sdKpfYNo2YgsO+m63F+3Y=,/nBi2UOFt3WviFLcLkHTiGTt8oI=
-12,66,BMFtG7sdKpfYNo2YgsO+m63F+3Y=,/nBi2UOFt3WviFLcLkHTiGTt8oI=
-8,70,BMFtG7sdKpfYNo2YgsO+m63F+3Y=,/nBi2UOFt3WviFLcLkHTiGTt8oI=
-9,70,BMFtG7sdKpfYNo2YgsO+m63F+3Y=,/nBi2UOFt3WviFLcLkHTiGTt8oI=
-6,70,BMFtG7sdKpfYNo2YgsO+m63F+3Y=,/nBi2UOFt3WviFLcLkHTiGTt8oI=
-5,70,BMFtG7sdKpfYNo2YgsO+m63F+3Y=,/nBi2UOFt3WviFLcLkHTiGTt8oI=
-4,70,BMFtG7sdKpfYNo2YgsO+m63F+3Y=,/nBi2UOFt3WviFLcLkHTiGTt8oI=
-3,70,BMFtG7sdKpfYNo2YgsO+m63F+3Y=,/nBi2UOFt3WviFLcLkHTiGTt8oI=
-2,70,BMFtG7sdKpfYNo2YgsO+m63F+3Y=,/nBi2UOFt3WviFLcLkHTiGTt8oI=
-1,70,BMFtG7sdKpfYNo2YgsO+m63F+3Y=,/nBi2UOFt3WviFLcLkHTiGTt8oI=
-16,71,BMFtG7sdKpfYNo2YgsO+m63F+3Y=,/nBi2UOFt3WviFLcLkHTiGTt8oI=
-15,71,BMFtG7sdKpfYNo2YgsO+m63F+3Y=,/nBi2UOFt3WviFLcLkHTiGTt8oI=
-7,70,BMFtG7sdKpfYNo2YgsO+m63F+3Y=,/nBi2UOFt3WviFLcLkHTiGTt8oI=
-14,71,BMFtG7sdKpfYNo2YgsO+m63F+3Y=,/nBi2UOFt3WviFLcLkHTiGTt8oI=
-13,71,BMFtG7sdKpfYNo2YgsO+m63F+3Y=,/nBi2UOFt3WviFLcLkHTiGTt8oI=
-12,71,BMFtG7sdKpfYNo2YgsO+m63F+3Y=,/nBi2UOFt3WviFLcLkHTiGTt8oI=
-11,71,BMFtG7sdKpfYNo2YgsO+m63F+3Y=,/nBi2UOFt3WviFLcLkHTiGTt8oI=
-10,71,BMFtG7sdKpfYNo2YgsO+m63F+3Y=,/nBi2UOFt3WviFLcLkHTiGTt8oI=
-9,71,BMFtG7sdKpfYNo2YgsO+m63F+3Y=,/nBi2UOFt3WviFLcLkHTiGTt8oI=
-7,64,BMFtG7sdKpfYNo2YgsO+m63F+3Y=,/nBi2UOFt3WviFLcLkHTiGTt8oI=
-8,71,BMFtG7sdKpfYNo2YgsO+m63F+3Y=,/nBi2UOFt3WviFLcLkHTiGTt8oI=
-11,66,BMFtG7sdKpfYNo2YgsO+m63F+3Y=,/nBi2UOFt3WviFLcLkHTiGTt8oI=
-7,71,BMFtG7sdKpfYNo2YgsO+m63F+3Y=,/nBi2UOFt3WviFLcLkHTiGTt8oI=
-6,71,BMFtG7sdKpfYNo2YgsO+m63F+3Y=,/nBi2UOFt3WviFLcLkHTiGTt8oI=
-5,71,BMFtG7sdKpfYNo2YgsO+m63F+3Y=,/nBi2UOFt3WviFLcLkHTiGTt8oI=
-3,71,BMFtG7sdKpfYNo2YgsO+m63F+3Y=,/nBi2UOFt3WviFLcLkHTiGTt8oI=
-2,71,BMFtG7sdKpfYNo2YgsO+m63F+3Y=,/nBi2UOFt3WviFLcLkHTiGTt8oI=
-1,71,BMFtG7sdKpfYNo2YgsO+m63F+3Y=,/nBi2UOFt3WviFLcLkHTiGTt8oI=
-16,72,BMFtG7sdKpfYNo2YgsO+m63F+3Y=,/nBi2UOFt3WviFLcLkHTiGTt8oI=
-15,72,BMFtG7sdKpfYNo2YgsO+m63F+3Y=,/nBi2UOFt3WviFLcLkHTiGTt8oI=
-14,72,BMFtG7sdKpfYNo2YgsO+m63F+3Y=,/nBi2UOFt3WviFLcLkHTiGTt8oI=
-4,71,BMFtG7sdKpfYNo2YgsO+m63F+3Y=,/nBi2UOFt3WviFLcLkHTiGTt8oI=
-12,72,BMFtG7sdKpfYNo2YgsO+m63F+3Y=,/nBi2UOFt3WviFLcLkHTiGTt8oI=
-13,72,BMFtG7sdKpfYNo2YgsO+m63F+3Y=,/nBi2UOFt3WviFLcLkHTiGTt8oI=
-10,72,BMFtG7sdKpfYNo2YgsO+m63F+3Y=,/nBi2UOFt3WviFLcLkHTiGTt8oI=
-11,72,BMFtG7sdKpfYNo2YgsO+m63F+3Y=,/nBi2UOFt3WviFLcLkHTiGTt8oI=
-9,72,BMFtG7sdKpfYNo2YgsO+m63F+3Y=,/nBi2UOFt3WviFLcLkHTiGTt8oI=
-10,66,BMFtG7sdKpfYNo2YgsO+m63F+3Y=,/nBi2UOFt3WviFLcLkHTiGTt8oI=
-6,64,BMFtG7sdKpfYNo2YgsO+m63F+3Y=,/nBi2UOFt3WviFLcLkHTiGTt8oI=
-8,72,BMFtG7sdKpfYNo2YgsO+m63F+3Y=,/nBi2UOFt3WviFLcLkHTiGTt8oI=
-7,72,BMFtG7sdKpfYNo2YgsO+m63F+3Y=,/nBi2UOFt3WviFLcLkHTiGTt8oI=
-6,72,BMFtG7sdKpfYNo2YgsO+m63F+3Y=,/nBi2UOFt3WviFLcLkHTiGTt8oI=
-5,72,BMFtG7sdKpfYNo2YgsO+m63F+3Y=,/nBi2UOFt3WviFLcLkHTiGTt8oI=
-4,72,BMFtG7sdKpfYNo2YgsO+m63F+3Y=,/nBi2UOFt3WviFLcLkHTiGTt8oI=
-3,72,BMFtG7sdKpfYNo2YgsO+m63F+3Y=,/nBi2UOFt3WviFLcLkHTiGTt8oI=
-2,72,BMFtG7sdKpfYNo2YgsO+m63F+3Y=,/nBi2UOFt3WviFLcLkHTiGTt8oI=
-16,73,BMFtG7sdKpfYNo2YgsO+m63F+3Y=,/nBi2UOFt3WviFLcLkHTiGTt8oI=
-1,72,BMFtG7sdKpfYNo2YgsO+m63F+3Y=,/nBi2UOFt3WviFLcLkHTiGTt8oI=
-14,73,BMFtG7sdKpfYNo2YgsO+m63F+3Y=,/nBi2UOFt3WviFLcLkHTiGTt8oI=
-13,73,BMFtG7sdKpfYNo2YgsO+m63F+3Y=,/nBi2UOFt3WviFLcLkHTiGTt8oI=
-15,73,BMFtG7sdKpfYNo2YgsO+m63F+3Y=,/nBi2UOFt3WviFLcLkHTiGTt8oI=
-11,73,BMFtG7sdKpfYNo2YgsO+m63F+3Y=,/nBi2UOFt3WviFLcLkHTiGTt8oI=
-10,73,BMFtG7sdKpfYNo2YgsO+m63F+3Y=,/nBi2UOFt3WviFLcLkHTiGTt8oI=
-9,73,BMFtG7sdKpfYNo2YgsO+m63F+3Y=,/nBi2UOFt3WviFLcLkHTiGTt8oI=
-12,73,BMFtG7sdKpfYNo2YgsO+m63F+3Y=,/nBi2UOFt3WviFLcLkHTiGTt8oI=
-9,66,BMFtG7sdKpfYNo2YgsO+m63F+3Y=,/nBi2UOFt3WviFLcLkHTiGTt8oI=
-7,73,BMFtG7sdKpfYNo2YgsO+m63F+3Y=,/nBi2UOFt3WviFLcLkHTiGTt8oI=
-5,64,BMFtG7sdKpfYNo2YgsO+m63F+3Y=,/nBi2UOFt3WviFLcLkHTiGTt8oI=
-8,73,BMFtG7sdKpfYNo2YgsO+m63F+3Y=,/nBi2UOFt3WviFLcLkHTiGTt8oI=
