-1,-33,YxYw/0rMHFDH09L1BxgaBA5WICs=,fFou1C5TsoxOGZ9BVZEshifsyPI=
-2,-46,YxYw/0rMHFDH09L1BxgaBA5WICs=,fFou1C5TsoxOGZ9BVZEshifsyPI=
-1,-46,YxYw/0rMHFDH09L1BxgaBA5WICs=,fFou1C5TsoxOGZ9BVZEshifsyPI=
-16,-45,YxYw/0rMHFDH09L1BxgaBA5WICs=,fFou1C5TsoxOGZ9BVZEshifsyPI=
-15,-45,YxYw/0rMHFDH09L1BxgaBA5WICs=,fFou1C5TsoxOGZ9BVZEshifsyPI=
-14,-45,YxYw/0rMHFDH09L1BxgaBA5WICs=,fFou1C5TsoxOGZ9BVZEshifsyPI=
-13,-45,YxYw/0rMHFDH09L1BxgaBA5WICs=,fFou1C5TsoxOGZ9BVZEshifsyPI=
-12,-45,YxYw/0rMHFDH09L1BxgaBA5WICs=,fFou1C5TsoxOGZ9BVZEshifsyPI=
-16,-46,YxYw/0rMHFDH09L1BxgaBA5WICs=,fFou1C5TsoxOGZ9BVZEshifsyPI=
-12,-48,YxYw/0rMHFDH09L1BxgaBA5WICs=,fFou1C5TsoxOGZ9BVZEshifsyPI=
-11,-45,YxYw/0rMHFDH09L1BxgaBA5WICs=,fFou1C5TsoxOGZ9BVZEshifsyPI=
-10,-45,YxYw/0rMHFDH09L1BxgaBA5WICs=,fFou1C5TsoxOGZ9BVZEshifsyPI=
-9,-45,YxYw/0rMHFDH09L1BxgaBA5WICs=,fFou1C5TsoxOGZ9BVZEshifsyPI=
-8,-45,YxYw/0rMHFDH09L1BxgaBA5WICs=,fFou1C5TsoxOGZ9BVZEshifsyPI=
-16,-48,YxYw/0rMHFDH09L1BxgaBA5WICs=,fFou1C5TsoxOGZ9BVZEshifsyPI=
-7,-45,YxYw/0rMHFDH09L1BxgaBA5WICs=,fFou1C5TsoxOGZ9BVZEshifsyPI=
-6,-45,YxYw/0rMHFDH09L1BxgaBA5WICs=,fFou1C5TsoxOGZ9BVZEshifsyPI=
-5,-45,YxYw/0rMHFDH09L1BxgaBA5WICs=,fFou1C5TsoxOGZ9BVZEshifsyPI=
-4,-45,YxYw/0rMHFDH09L1BxgaBA5WICs=,fFou1C5TsoxOGZ9BVZEshifsyPI=
-3,-45,YxYw/0rMHFDH09L1BxgaBA5WICs=,fFou1C5TsoxOGZ9BVZEshifsyPI=
-2,-45,YxYw/0rMHFDH09L1BxgaBA5WICs=,fFou1C5TsoxOGZ9BVZEshifsyPI=
-1,-45,YxYw/0rMHFDH09L1BxgaBA5WICs=,fFou1C5TsoxOGZ9BVZEshifsyPI=
-15,-46,YxYw/0rMHFDH09L1BxgaBA5WICs=,fFou1C5TsoxOGZ9BVZEshifsyPI=
-16,-44,YxYw/0rMHFDH09L1BxgaBA5WICs=,fFou1C5TsoxOGZ9BVZEshifsyPI=
-15,-44,YxYw/0rMHFDH09L1BxgaBA5WICs=,fFou1C5TsoxOGZ9BVZEshifsyPI=
-14,-44,YxYw/0rMHFDH09L1BxgaBA5WICs=,fFou1C5TsoxOGZ9BVZEshifsyPI=
-13,-44,YxYw/0rMHFDH09L1BxgaBA5WICs=,fFou1C5TsoxOGZ9BVZEshifsyPI=
-14,-46,YxYw/0rMHFDH09L1BxgaBA5WICs=,fFou1C5TsoxOGZ9BVZEshifsyPI=
-12,-44,YxYw/0rMHFDH09L1BxgaBA5WICs=,fFou1C5TsoxOGZ9BVZEshifsyPI=
-11,-48,YxYw/0rMHFDH09L1BxgaBA5WICs=,fFou1C5TsoxOGZ9BVZEshifsyPI=
-11,-44,YxYw/0rMHFDH09L1BxgaBA5WICs=,fFou1C5TsoxOGZ9BVZEshifsyPI=
-10,-44,YxYw/0rMHFDH09L1BxgaBA5WICs=,fFou1C5TsoxOGZ9BVZEshifsyPI=
-9,-44,YxYw/0rMHFDH09L1BxgaBA5WICs=,fFou1C5TsoxOGZ9BVZEshifsyPI=
-8,-44,YxYw/0rMHFDH09L1BxgaBA5WICs=,fFou1C5TsoxOGZ9BVZEshifsyPI=
-7,-44,YxYw/0rMHFDH09L1BxgaBA5WICs=,fFou1C5TsoxOGZ9BVZEshifsyPI=
-6,-44,YxYw/0rMHFDH09L1BxgaBA5WICs=,fFou1C5TsoxOGZ9BVZEshifsyPI=
-5,-44,YxYw/0rMHFDH09L1BxgaBA5WICs=,fFou1C5TsoxOGZ9BVZEshifsyPI=
-4,-44,YxYw/0rMHFDH09L1BxgaBA5WICs=,fFou1C5TsoxOGZ9BVZEshifsyPI=
-3,-44,YxYw/0rMHFDH09L1BxgaBA5WICs=,fFou1C5TsoxOGZ9BVZEshifsyPI=
-2,-44,YxYw/0rMHFDH09L1BxgaBA5WICs=,fFou1C5TsoxOGZ9BVZEshifsyPI=
-1,-44,YxYw/0rMHFDH09L1BxgaBA5WICs=,fFou1C5TsoxOGZ9BVZEshifsyPI=
-10,-48,YxYw/0rMHFDH09L1BxgaBA5WICs=,fFou1C5TsoxOGZ9BVZEshifsyPI=
-16,-43,YxYw/0rMHFDH09L1BxgaBA5WICs=,fFou1C5TsoxOGZ9BVZEshifsyPI=
-15,-43,YxYw/0rMHFDH09L1BxgaBA5WICs=,fFou1C5TsoxOGZ9BVZEshifsyPI=
-14,-43,YxYw/0rMHFDH09L1BxgaBA5WICs=,fFou1C5TsoxOGZ9BVZEshifsyPI=
-13,-43,YxYw/0rMHFDH09L1BxgaBA5WICs=,fFou1C5TsoxOGZ9BVZEshifsyPI=
-12,-43,YxYw/0rMHFDH09L1BxgaBA5WICs=,fFou1C5TsoxOGZ9BVZEshifsyPI=
-13,-46,YxYw/0rMHFDH09L1BxgaBA5WICs=,fFou1C5TsoxOGZ9BVZEshifsyPI=
-11,-43,YxYw/0rMHFDH09L1BxgaBA5WICs=,fFou1C5TsoxOGZ9BVZEshifsyPI=
-9,-48,YxYw/0rMHFDH09L1BxgaBA5WICs=,fFou1C5TsoxOGZ9BVZEshifsyPI=
-10,-43,YxYw/0rMHFDH09L1BxgaBA5WICs=,fFou1C5TsoxOGZ9BVZEshifsyPI=
-9,-43,YxYw/0rMHFDH09L1BxgaBA5WICs=,fFou1C5TsoxOGZ9BVZEshifsyPI=
-8,-43,YxYw/0rMHFDH09L1BxgaBA5WICs=,fFou1C5TsoxOGZ9BVZEshifsyPI=
-7,-43,YxYw/0rMHFDH09L1BxgaBA5WICs=,fFou1C5TsoxOGZ9BVZEshifsyPI=
-6,-43,YxYw/0rMHFDH09L1BxgaBA5WICs=,fFou1C5TsoxOGZ9BVZEshifsyPI=
-5,-43,YxYw/0rMHFDH09L1BxgaBA5WICs=,fFou1C5TsoxOGZ9BVZEshifsyPI=
-4,-43,YxYw/0rMHFDH09L1BxgaBA5WICs=,fFou1C5TsoxOGZ9BVZEshifsyPI=
-3,-43,YxYw/0rMHFDH09L1BxgaBA5WICs=,fFou1C5TsoxOGZ9BVZEshifsyPI=
-2,-43,YxYw/0rMHFDH09L1BxgaBA5WICs=,fFou1C5TsoxOGZ9BVZEshifsyPI=
-1,-43,YxYw/0rMHFDH09L1BxgaBA5WICs=,fFou1C5TsoxOGZ9BVZEshifsyPI=
-16,-42,YxYw/0rMHFDH09L1BxgaBA5WICs=,fFou1C5TsoxOGZ9BVZEshifsyPI=
-15,-42,YxYw/0rMHFDH09L1BxgaBA5WICs=,fFou1C5TsoxOGZ9BVZEshifsyPI=
-14,-42,YxYw/0rMHFDH09L1BxgaBA5WICs=,fFou1C5TsoxOGZ9BVZEshifsyPI=
-13,-42,YxYw/0rMHFDH09L1BxgaBA5WICs=,fFou1C5TsoxOGZ9BVZEshifsyPI=
-12,-42,YxYw/0rMHFDH09L1BxgaBA5WICs=,fFou1C5TsoxOGZ9BVZEshifsyPI=
-11,-42,YxYw/0rMHFDH09L1BxgaBA5WICs=,fFou1C5TsoxOGZ9BVZEshifsyPI=
-12,-46,YxYw/0rMHFDH09L1BxgaBA5WICs=,fFou1C5TsoxOGZ9BVZEshifsyPI=
-10,-42,YxYw/0rMHFDH09L1BxgaBA5WICs=,fFou1C5TsoxOGZ9BVZEshifsyPI=
-8,-48,YxYw/0rMHFDH09L1BxgaBA5WICs=,fFou1C5TsoxOGZ9BVZEshifsyPI=
-9,-42,YxYw/0rMHFDH09L1BxgaBA5WICs=,fFou1C5TsoxOGZ9BVZEshifsyPI=
-8,-42,YxYw/0rMHFDH09L1BxgaBA5WICs=,fFou1C5TsoxOGZ9BVZEshifsyPI=
-7,-42,YxYw/0rMHFDH09L1BxgaBA5WICs=,fFou1C5TsoxOGZ9BVZEshifsyPI=
-6,-42,YxYw/0rMHFDH09L1BxgaBA5WICs=,fFou1C5TsoxOGZ9BVZEshifsyPI=
-5,-42,YxYw/0rMHFDH09L1BxgaBA5WICs=,fFou1C5TsoxOGZ9BVZEshifsyPI=
-4,-42,YxYw/0rMHFDH09L1BxgaBA5WICs=,fFou1C5TsoxOGZ9BVZEshifsyPI=
-3,-42,YxYw/0rMHFDH09L1BxgaBA5WICs=,fFou1C5TsoxOGZ9BVZEshifsyPI=
-2,-42,YxYw/0rMHFDH09L1BxgaBA5WICs=,fFou1C5TsoxOGZ9BVZEshifsyPI=
-1,-42,YxYw/0rMHFDH09L1BxgaBA5WICs=,fFou1C5TsoxOGZ9BVZEshifsyPI=
-16,-41,YxYw/0rMHFDH09L1BxgaBA5WICs=,fFou1C5TsoxOGZ9BVZEshifsyPI=
-15,-41,YxYw/0rMHFDH09L1BxgaBA5WICs=,fFou1C5TsoxOGZ9BVZEshifsyPI=
-14,-41,YxYw/0rMHFDH09L1BxgaBA5WICs=,fFou1C5TsoxOGZ9BVZEshifsyPI=
-13,-41,YxYw/0rMHFDH09L1BxgaBA5WICs=,fFou1C5TsoxOGZ9BVZEshifsyPI=
-12,-41,YxYw/0rMHFDH09L1BxgaBA5WICs=,fFou1C5TsoxOGZ9BVZEshifsyPI=
-11,-41,YxYw/0rMHFDH09L1BxgaBA5WICs=,fFou1C5TsoxOGZ9BVZEshifsyPI=
-10,-41,YxYw/0rMHFDH09L1BxgaBA5WICs=,fFou1C5TsoxOGZ9BVZEshifsyPI=
-11,-46,YxYw/0rMHFDH09L1BxgaBA5WICs=,fFou1C5TsoxOGZ9BVZEshifsyPI=
-9,-41,YxYw/0rMHFDH09L1BxgaBA5WICs=,fFou1C5TsoxOGZ9BVZEshifsyPI=
-7,-48,YxYw/0rMHFDH09L1BxgaBA5WICs=,fFou1C5TsoxOGZ9BVZEshifsyPI=
-8,-41,YxYw/0rMHFDH09L1BxgaBA5WICs=,fFou1C5TsoxOGZ9BVZEshifsyPI=
-7,-41,YxYw/0rMHFDH09L1BxgaBA5WICs=,fFou1C5TsoxOGZ9BVZEshifsyPI=
-6,-41,YxYw/0rMHFDH09L1BxgaBA5WICs=,fFou1C5TsoxOGZ9BVZEshifsyPI=
-5,-41,YxYw/0rMHFDH09L1BxgaBA5WICs=,fFou1C5TsoxOGZ9BVZEshifsyPI=
-4,-41,YxYw/0rMHFDH09L1BxgaBA5WICs=,fFou1C5TsoxOGZ9BVZEshifsyPI=
-3,-41,YxYw/0rMHFDH09L1BxgaBA5WICs=,fFou1C5TsoxOGZ9BVZEshifsyPI=
-2,-41,YxYw/0rMHFDH09L1BxgaBA5WICs=,fFou1C5TsoxOGZ9BVZEshifsyPI=
-1,-41,YxYw/0rMHFDH09L1BxgaBA5WICs=,fFou1C5TsoxOGZ9BVZEshifsyPI=
-16,-40,YxYw/0rMHFDH09L1BxgaBA5WICs=,fFou1C5TsoxOGZ9BVZEshifsyPI=
-15,-40,YxYw/0rMHFDH09L1BxgaBA5WICs=,fFou1C5TsoxOGZ9BVZEshifsyPI=
-14,-40,YxYw/0rMHFDH09L1BxgaBA5WICs=,fFou1C5TsoxOGZ9BVZEshifsyPI=
-13,-40,YxYw/0rMHFDH09L1BxgaBA5WICs=,fFou1C5TsoxOGZ9BVZEshifsyPI=
-12,-40,YxYw/0rMHFDH09L1BxgaBA5WICs=,fFou1C5TsoxOGZ9BVZEshifsyPI=
-11,-40,YxYw/0rMHFDH09L1BxgaBA5WICs=,fFou1C5TsoxOGZ9BVZEshifsyPI=
-10,-40,YxYw/0rMHFDH09L1BxgaBA5WICs=,fFou1C5TsoxOGZ9BVZEshifsyPI=
-9,-40,YxYw/0rMHFDH09L1BxgaBA5WICs=,fFou1C5TsoxOGZ9BVZEshifsyPI=
-10,-46,YxYw/0rMHFDH09L1BxgaBA5WICs=,fFou1C5TsoxOGZ9BVZEshifsyPI=
-8,-40,YxYw/0rMHFDH09L1BxgaBA5WICs=,fFou1C5TsoxOGZ9BVZEshifsyPI=
-6,-48,YxYw/0rMHFDH09L1BxgaBA5WICs=,fFou1C5TsoxOGZ9BVZEshifsyPI=
-7,-40,YxYw/0rMHFDH09L1BxgaBA5WICs=,fFou1C5TsoxOGZ9BVZEshifsyPI=
-6,-40,YxYw/0rMHFDH09L1BxgaBA5WICs=,fFou1C5TsoxOGZ9BVZEshifsyPI=
-5,-40,YxYw/0rMHFDH09L1BxgaBA5WICs=,fFou1C5TsoxOGZ9BVZEshifsyPI=
-4,-40,YxYw/0rMHFDH09L1BxgaBA5WICs=,fFou1C5TsoxOGZ9BVZEshifsyPI=
-3,-40,YxYw/0rMHFDH09L1BxgaBA5WICs=,fFou1C5TsoxOGZ9BVZEshifsyPI=
-2,-40,YxYw/0rMHFDH09L1BxgaBA5WICs=,fFou1C5TsoxOGZ9BVZEshifsyPI=
-1,-40,YxYw/0rMHFDH09L1BxgaBA5WICs=,fFou1C5TsoxOGZ9BVZEshifsyPI=
-16,-39,YxYw/0rMHFDH09L1BxgaBA5WICs=,fFou1C5TsoxOGZ9BVZEshifsyPI=
-15,-39,YxYw/0rMHFDH09L1BxgaBA5WICs=,fFou1C5TsoxOGZ9BVZEshifsyPI=
-14,-39,YxYw/0rMHFDH09L1BxgaBA5WICs=,fFou1C5TsoxOGZ9BVZEshifsyPI=
-13,-39,YxYw/0rMHFDH09L1BxgaBA5WICs=,fFou1C5TsoxOGZ9BVZEshifsyPI=
-12,-39,YxYw/0rMHFDH09L1BxgaBA5WICs=,fFou1C5TsoxOGZ9BVZEshifsyPI=
-11,-39,YxYw/0rMHFDH09L1BxgaBA5WICs=,fFou1C5TsoxOGZ9BVZEshifsyPI=
-10,-39,YxYw/0rMHFDH09L1BxgaBA5WICs=,fFou1C5TsoxOGZ9BVZEshifsyPI=
-9,-39,YxYw/0rMHFDH09L1BxgaBA5WICs=,fFou1C5TsoxOGZ9BVZEshifsyPI=
-8,-39,YxYw/0rMHFDH09L1BxgaBA5WICs=,fFou1C5TsoxOGZ9BVZEshifsyPI=
-9,-46,YxYw/0rMHFDH09L1BxgaBA5WICs=,fFou1C5TsoxOGZ9BVZEshifsyPI=
-5,-48,YxYw/0rMHFDH09L1BxgaBA5WICs=,fFou1C5TsoxOGZ9BVZEshifsyPI=
-7,-39,YxYw/0rMHFDH09L1BxgaBA5WICs=,fFou1C5TsoxOGZ9BVZEshifsyPI=
-6,-39,YxYw/0rMHFDH09L1BxgaBA5WICs=,fFou1C5TsoxOGZ9BVZEshifsyPI=
-5,-39,YxYw/0rMHFDH09L1BxgaBA5WICs=,fFou1C5TsoxOGZ9BVZEshifsyPI=
-4,-39,YxYw/0rMHFDH09L1BxgaBA5WICs=,fFou1C5TsoxOGZ9BVZEshifsyPI=
-3,-39,YxYw/0rMHFDH09L1BxgaBA5WICs=,fFou1C5TsoxOGZ9BVZEshifsyPI=
-2,-39,YxYw/0rMHFDH09L1BxgaBA5WICs=,fFou1C5TsoxOGZ9BVZEshifsyPI=
-1,-39,YxYw/0rMHFDH09L1BxgaBA5WICs=,fFou1C5TsoxOGZ9BVZEshifsyPI=
-16,-38,YxYw/0rMHFDH09L1BxgaBA5WICs=,fFou1C5TsoxOGZ9BVZEshifsyPI=
-15,-38,YxYw/0rMHFDH09L1BxgaBA5WICs=,fFou1C5TsoxOGZ9BVZEshifsyPI=
-14,-38,YxYw/0rMHFDH09L1BxgaBA5WICs=,fFou1C5TsoxOGZ9BVZEshifsyPI=
-13,-38,YxYw/0rMHFDH09L1BxgaBA5WICs=,fFou1C5TsoxOGZ9BVZEshifsyPI=
-12,-38,YxYw/0rMHFDH09L1BxgaBA5WICs=,fFou1C5TsoxOGZ9BVZEshifsyPI=
-11,-38,YxYw/0rMHFDH09L1BxgaBA5WICs=,fFou1C5TsoxOGZ9BVZEshifsyPI=
-10,-38,YxYw/0rMHFDH09L1BxgaBA5WICs=,fFou1C5TsoxOGZ9BVZEshifsyPI=
-9,-38,YxYw/0rMHFDH09L1BxgaBA5WICs=,fFou1C5TsoxOGZ9BVZEshifsyPI=
-8,-38,YxYw/0rMHFDH09L1BxgaBA5WICs=,fFou1C5TsoxOGZ9BVZEshifsyPI=
-7,-38,YxYw/0rMHFDH09L1BxgaBA5WICs=,fFou1C5TsoxOGZ9BVZEshifsyPI=
-8,-46,YxYw/0rMHFDH09L1BxgaBA5WICs=,fFou1C5TsoxOGZ9BVZEshifsyPI=
-4,-48,YxYw/0rMHFDH09L1BxgaBA5WICs=,fFou1C5TsoxOGZ9BVZEshifsyPI=
-6,-38,YxYw/0rMHFDH09L1BxgaBA5WICs=,fFou1C5TsoxOGZ9BVZEshifsyPI=
-5,-38,YxYw/0rMHFDH09L1BxgaBA5WICs=,fFou1C5TsoxOGZ9BVZEshifsyPI=
-4,-38,YxYw/0rMHFDH09L1BxgaBA5WICs=,fFou1C5TsoxOGZ9BVZEshifsyPI=
-3,-38,YxYw/0rMHFDH09L1BxgaBA5WICs=,fFou1C5TsoxOGZ9BVZEshifsyPI=
-2,-38,YxYw/0rMHFDH09L1BxgaBA5WICs=,fFou1C5TsoxOGZ9BVZEshifsyPI=
-1,-38,YxYw/0rMHFDH09L1BxgaBA5WICs=,fFou1C5TsoxOGZ9BVZEshifsyPI=
-16,-37,YxYw/0rMHFDH09L1BxgaBA5WICs=,fFou1C5TsoxOGZ9BVZEshifsyPI=
-15,-37,YxYw/0rMHFDH09L1BxgaBA5WICs=,fFou1C5TsoxOGZ9BVZEshifsyPI=
-14,-37,YxYw/0rMHFDH09L1BxgaBA5WICs=,fFou1C5TsoxOGZ9BVZEshifsyPI=
-13,-37,YxYw/0rMHFDH09L1BxgaBA5WICs=,fFou1C5TsoxOGZ9BVZEshifsyPI=
-12,-37,YxYw/0rMHFDH09L1BxgaBA5WICs=,fFou1C5TsoxOGZ9BVZEshifsyPI=
-11,-37,YxYw/0rMHFDH09L1BxgaBA5WICs=,fFou1C5TsoxOGZ9BVZEshifsyPI=
-10,-37,YxYw/0rMHFDH09L1BxgaBA5WICs=,fFou1C5TsoxOGZ9BVZEshifsyPI=
-9,-37,YxYw/0rMHFDH09L1BxgaBA5WICs=,fFou1C5TsoxOGZ9BVZEshifsyPI=
-8,-37,YxYw/0rMHFDH09L1BxgaBA5WICs=,fFou1C5TsoxOGZ9BVZEshifsyPI=
-7,-37,YxYw/0rMHFDH09L1BxgaBA5WICs=,fFou1C5TsoxOGZ9BVZEshifsyPI=
-6,-37,YxYw/0rMHFDH09L1BxgaBA5WICs=,fFou1C5TsoxOGZ9BVZEshifsyPI=
-7,-46,YxYw/0rMHFDH09L1BxgaBA5WICs=,fFou1C5TsoxOGZ9BVZEshifsyPI=
-3,-48,YxYw/0rMHFDH09L1BxgaBA5WICs=,fFou1C5TsoxOGZ9BVZEshifsyPI=
-5,-37,YxYw/0rMHFDH09L1BxgaBA5WICs=,fFou1C5TsoxOGZ9BVZEshifsyPI=
-4,-37,YxYw/0rMHFDH09L1BxgaBA5WICs=,fFou1C5TsoxOGZ9BVZEshifsyPI=
-3,-37,YxYw/0rMHFDH09L1BxgaBA5WICs=,fFou1C5TsoxOGZ9BVZEshifsyPI=
-2,-37,YxYw/0rMHFDH09L1BxgaBA5WICs=,fFou1C5TsoxOGZ9BVZEshifsyPI=
-1,-37,YxYw/0rMHFDH09L1BxgaBA5WICs=,fFou1C5TsoxOGZ9BVZEshifsyPI=
-16,-36,YxYw/0rMHFDH09L1BxgaBA5WICs=,fFou1C5TsoxOGZ9BVZEshifsyPI=
-15,-36,YxYw/0rMHFDH09L1BxgaBA5WICs=,fFou1C5TsoxOGZ9BVZEshifsyPI=
-14,-36,YxYw/0rMHFDH09L1BxgaBA5WICs=,fFou1C5TsoxOGZ9BVZEshifsyPI=
-13,-36,YxYw/0rMHFDH09L1BxgaBA5WICs=,fFou1C5TsoxOGZ9BVZEshifsyPI=
-12,-36,YxYw/0rMHFDH09L1BxgaBA5WICs=,fFou1C5TsoxOGZ9BVZEshifsyPI=
-11,-36,YxYw/0rMHFDH09L1BxgaBA5WICs=,fFou1C5TsoxOGZ9BVZEshifsyPI=
-10,-36,YxYw/0rMHFDH09L1BxgaBA5WICs=,fFou1C5TsoxOGZ9BVZEshifsyPI=
-9,-36,YxYw/0rMHFDH09L1BxgaBA5WICs=,fFou1C5TsoxOGZ9BVZEshifsyPI=
-8,-36,YxYw/0rMHFDH09L1BxgaBA5WICs=,fFou1C5TsoxOGZ9BVZEshifsyPI=
-7,-36,YxYw/0rMHFDH09L1BxgaBA5WICs=,fFou1C5TsoxOGZ9BVZEshifsyPI=
-6,-36,YxYw/0rMHFDH09L1BxgaBA5WICs=,fFou1C5TsoxOGZ9BVZEshifsyPI=
-5,-36,YxYw/0rMHFDH09L1BxgaBA5WICs=,fFou1C5TsoxOGZ9BVZEshifsyPI=
-6,-46,YxYw/0rMHFDH09L1BxgaBA5WICs=,fFou1C5TsoxOGZ9BVZEshifsyPI=
-2,-48,YxYw/0rMHFDH09L1BxgaBA5WICs=,fFou1C5TsoxOGZ9BVZEshifsyPI=
-4,-36,YxYw/0rMHFDH09L1BxgaBA5WICs=,fFou1C5TsoxOGZ9BVZEshifsyPI=
-3,-36,YxYw/0rMHFDH09L1BxgaBA5WICs=,fFou1C5TsoxOGZ9BVZEshifsyPI=
-2,-36,YxYw/0rMHFDH09L1BxgaBA5WICs=,fFou1C5TsoxOGZ9BVZEshifsyPI=
-1,-36,YxYw/0rMHFDH09L1BxgaBA5WICs=,fFou1C5TsoxOGZ9BVZEshifsyPI=
-15,-48,YxYw/0rMHFDH09L1BxgaBA5WICs=,fFou1C5TsoxOGZ9BVZEshifsyPI=
-16,-35,YxYw/0rMHFDH09L1BxgaBA5WICs=,fFou1C5TsoxOGZ9BVZEshifsyPI=
-15,-35,YxYw/0rMHFDH09L1BxgaBA5WICs=,fFou1C5TsoxOGZ9BVZEshifsyPI=
-14,-35,YxYw/0rMHFDH09L1BxgaBA5WICs=,fFou1C5TsoxOGZ9BVZEshifsyPI=
-13,-35,YxYw/0rMHFDH09L1BxgaBA5WICs=,fFou1C5TsoxOGZ9BVZEshifsyPI=
-12,-35,YxYw/0rMHFDH09L1BxgaBA5WICs=,fFou1C5TsoxOGZ9BVZEshifsyPI=
-11,-35,YxYw/0rMHFDH09L1BxgaBA5WICs=,fFou1C5TsoxOGZ9BVZEshifsyPI=
-10,-35,YxYw/0rMHFDH09L1BxgaBA5WICs=,fFou1C5TsoxOGZ9BVZEshifsyPI=
-9,-35,YxYw/0rMHFDH09L1BxgaBA5WICs=,fFou1C5TsoxOGZ9BVZEshifsyPI=
-8,-35,YxYw/0rMHFDH09L1BxgaBA5WICs=,fFou1C5TsoxOGZ9BVZEshifsyPI=
-7,-35,YxYw/0rMHFDH09L1BxgaBA5WICs=,fFou1C5TsoxOGZ9BVZEshifsyPI=
-6,-35,YxYw/0rMHFDH09L1BxgaBA5WICs=,fFou1C5TsoxOGZ9BVZEshifsyPI=
-5,-35,YxYw/0rMHFDH09L1BxgaBA5WICs=,fFou1C5TsoxOGZ9BVZEshifsyPI=
-4,-35,YxYw/0rMHFDH09L1BxgaBA5WICs=,fFou1C5TsoxOGZ9BVZEshifsyPI=
-5,-46,YxYw/0rMHFDH09L1BxgaBA5WICs=,fFou1C5TsoxOGZ9BVZEshifsyPI=
-1,-48,YxYw/0rMHFDH09L1BxgaBA5WICs=,fFou1C5TsoxOGZ9BVZEshifsyPI=
-3,-35,YxYw/0rMHFDH09L1BxgaBA5WICs=,fFou1C5TsoxOGZ9BVZEshifsyPI=
-2,-35,YxYw/0rMHFDH09L1BxgaBA5WICs=,fFou1C5TsoxOGZ9BVZEshifsyPI=
-16,-47,YxYw/0rMHFDH09L1BxgaBA5WICs=,fFou1C5TsoxOGZ9BVZEshifsyPI=
-1,-35,YxYw/0rMHFDH09L1BxgaBA5WICs=,fFou1C5TsoxOGZ9BVZEshifsyPI=
-16,-34,YxYw/0rMHFDH09L1BxgaBA5WICs=,fFou1C5TsoxOGZ9BVZEshifsyPI=
-15,-34,YxYw/0rMHFDH09L1BxgaBA5WICs=,fFou1C5TsoxOGZ9BVZEshifsyPI=
-14,-34,YxYw/0rMHFDH09L1BxgaBA5WICs=,fFou1C5TsoxOGZ9BVZEshifsyPI=
-13,-34,YxYw/0rMHFDH09L1BxgaBA5WICs=,fFou1C5TsoxOGZ9BVZEshifsyPI=
-12,-34,YxYw/0rMHFDH09L1BxgaBA5WICs=,fFou1C5TsoxOGZ9BVZEshifsyPI=
-11,-34,YxYw/0rMHFDH09L1BxgaBA5WICs=,fFou1C5TsoxOGZ9BVZEshifsyPI=
-10,-34,YxYw/0rMHFDH09L1BxgaBA5WICs=,fFou1C5TsoxOGZ9BVZEshifsyPI=
-9,-34,YxYw/0rMHFDH09L1BxgaBA5WICs=,fFou1C5TsoxOGZ9BVZEshifsyPI=
-8,-34,YxYw/0rMHFDH09L1BxgaBA5WICs=,fFou1C5TsoxOGZ9BVZEshifsyPI=
-7,-34,YxYw/0rMHFDH09L1BxgaBA5WICs=,fFou1C5TsoxOGZ9BVZEshifsyPI=
-6,-34,YxYw/0rMHFDH09L1BxgaBA5WICs=,fFou1C5TsoxOGZ9BVZEshifsyPI=
-5,-34,YxYw/0rMHFDH09L1BxgaBA5WICs=,fFou1C5TsoxOGZ9BVZEshifsyPI=
-4,-34,YxYw/0rMHFDH09L1BxgaBA5WICs=,fFou1C5TsoxOGZ9BVZEshifsyPI=
-3,-34,YxYw/0rMHFDH09L1BxgaBA5WICs=,fFou1C5TsoxOGZ9BVZEshifsyPI=
-4,-46,YxYw/0rMHFDH09L1BxgaBA5WICs=,fFou1C5TsoxOGZ9BVZEshifsyPI=
-14,-48,YxYw/0rMHFDH09L1BxgaBA5WICs=,fFou1C5TsoxOGZ9BVZEshifsyPI=
-2,-34,YxYw/0rMHFDH09L1BxgaBA5WICs=,fFou1C5TsoxOGZ9BVZEshifsyPI=
-14,-47,YxYw/0rMHFDH09L1BxgaBA5WICs=,fFou1C5TsoxOGZ9BVZEshifsyPI=
-13,-47,YxYw/0rMHFDH09L1BxgaBA5WICs=,fFou1C5TsoxOGZ9BVZEshifsyPI=
-12,-47,YxYw/0rMHFDH09L1BxgaBA5WICs=,fFou1C5TsoxOGZ9BVZEshifsyPI=
-11,-47,YxYw/0rMHFDH09L1BxgaBA5WICs=,fFou1C5TsoxOGZ9BVZEshifsyPI=
-10,-47,YxYw/0rMHFDH09L1BxgaBA5WICs=,fFou1C5TsoxOGZ9BVZEshifsyPI=
-9,-47,YxYw/0rMHFDH09L1BxgaBA5WICs=,fFou1C5TsoxOGZ9BVZEshifsyPI=
-1,-34,YxYw/0rMHFDH09L1BxgaBA5WICs=,fFou1C5TsoxOGZ9BVZEshifsyPI=
-8,-47,YxYw/0rMHFDH09L1BxgaBA5WICs=,fFou1C5TsoxOGZ9BVZEshifsyPI=
-7,-47,YxYw/0rMHFDH09L1BxgaBA5WICs=,fFou1C5TsoxOGZ9BVZEshifsyPI=
-6,-47,YxYw/0rMHFDH09L1BxgaBA5WICs=,fFou1C5TsoxOGZ9BVZEshifsyPI=
-5,-47,YxYw/0rMHFDH09L1BxgaBA5WICs=,fFou1C5TsoxOGZ9BVZEshifsyPI=
-4,-47,YxYw/0rMHFDH09L1BxgaBA5WICs=,fFou1C5TsoxOGZ9BVZEshifsyPI=
-3,-47,YxYw/0rMHFDH09L1BxgaBA5WICs=,fFou1C5TsoxOGZ9BVZEshifsyPI=
-2,-47,YxYw/0rMHFDH09L1BxgaBA5WICs=,fFou1C5TsoxOGZ9BVZEshifsyPI=
-16,-33,YxYw/0rMHFDH09L1BxgaBA5WICs=,fFou1C5TsoxOGZ9BVZEshifsyPI=
-1,-47,YxYw/0rMHFDH09L1BxgaBA5WICs=,fFou1C5TsoxOGZ9BVZEshifsyPI=
-15,-47,YxYw/0rMHFDH09L1BxgaBA5WICs=,fFou1C5TsoxOGZ9BVZEshifsyPI=
-15,-33,YxYw/0rMHFDH09L1BxgaBA5WICs=,fFou1C5TsoxOGZ9BVZEshifsyPI=
-14,-33,YxYw/0rMHFDH09L1BxgaBA5WICs=,fFou1C5TsoxOGZ9BVZEshifsyPI=
-13,-33,YxYw/0rMHFDH09L1BxgaBA5WICs=,fFou1C5TsoxOGZ9BVZEshifsyPI=
-12,-33,YxYw/0rMHFDH09L1BxgaBA5WICs=,fFou1C5TsoxOGZ9BVZEshifsyPI=
-11,-33,YxYw/0rMHFDH09L1BxgaBA5WICs=,fFou1C5TsoxOGZ9BVZEshifsyPI=
-10,-33,YxYw/0rMHFDH09L1BxgaBA5WICs=,fFou1C5TsoxOGZ9BVZEshifsyPI=
-9,-33,YxYw/0rMHFDH09L1BxgaBA5WICs=,fFou1C5TsoxOGZ9BVZEshifsyPI=
-8,-33,YxYw/0rMHFDH09L1BxgaBA5WICs=,fFou1C5TsoxOGZ9BVZEshifsyPI=
-7,-33,YxYw/0rMHFDH09L1BxgaBA5WICs=,fFou1C5TsoxOGZ9BVZEshifsyPI=
-6,-33,YxYw/0rMHFDH09L1BxgaBA5WICs=,fFou1C5TsoxOGZ9BVZEshifsyPI=
-3,-46,YxYw/0rMHFDH09L1BxgaBA5WICs=,fFou1C5TsoxOGZ9BVZEshifsyPI=
-13,-48,YxYw/0rMHFDH09L1BxgaBA5WICs=,fFou1C5TsoxOGZ9BVZEshifsyPI=
-5,-33,YxYw/0rMHFDH09L1BxgaBA5WICs=,fFou1C5TsoxOGZ9BVZEshifsyPI=
-4,-33,YxYw/0rMHFDH09L1BxgaBA5WICs=,fFou1C5TsoxOGZ9BVZEshifsyPI=
-3,-33,YxYw/0rMHFDH09L1BxgaBA5WICs=,fFou1C5TsoxOGZ9BVZEshifsyPI=
-2,-33,YxYw/0rMHFDH09L1BxgaBA5WICs=,fFou1C5TsoxOGZ9BVZEshifsyPI=
-1,-49,SLwFHxQgmDCkuYchmer9u+JwGmw=,sf0XYtf3JeVs+lhaGHlyA1pJZxY=
-2,-62,SLwFHxQgmDCkuYchmer9u+JwGmw=,sf0XYtf3JeVs+lhaGHlyA1pJZxY=
-1,-62,SLwFHxQgmDCkuYchmer9u+JwGmw=,sf0XYtf3JeVs+lhaGHlyA1pJZxY=
-16,-61,SLwFHxQgmDCkuYchmer9u+JwGmw=,sf0XYtf3JeVs+lhaGHlyA1pJZxY=
-2,-49,SLwFHxQgmDCkuYchmer9u+JwGmw=,sf0XYtf3JeVs+lhaGHlyA1pJZxY=
-3,-49,SLwFHxQgmDCkuYchmer9u+JwGmw=,sf0XYtf3JeVs+lhaGHlyA1pJZxY=
-15,-61,SLwFHxQgmDCkuYchmer9u+JwGmw=,sf0XYtf3JeVs+lhaGHlyA1pJZxY=
-4,-49,SLwFHxQgmDCkuYchmer9u+JwGmw=,sf0XYtf3JeVs+lhaGHlyA1pJZxY=
-14,-61,SLwFHxQgmDCkuYchmer9u+JwGmw=,sf0XYtf3JeVs+lhaGHlyA1pJZxY=
-5,-49,SLwFHxQgmDCkuYchmer9u+JwGmw=,sf0XYtf3JeVs+lhaGHlyA1pJZxY=
-16,-62,SLwFHxQgmDCkuYchmer9u+JwGmw=,sf0XYtf3JeVs+lhaGHlyA1pJZxY=
-12,-64,SLwFHxQgmDCkuYchmer9u+JwGmw=,sf0XYtf3JeVs+lhaGHlyA1pJZxY=
-13,-61,SLwFHxQgmDCkuYchmer9u+JwGmw=,sf0XYtf3JeVs+lhaGHlyA1pJZxY=
-3,-62,SLwFHxQgmDCkuYchmer9u+JwGmw=,sf0XYtf3JeVs+lhaGHlyA1pJZxY=
-12,-61,SLwFHxQgmDCkuYchmer9u+JwGmw=,sf0XYtf3JeVs+lhaGHlyA1pJZxY=
-11,-61,SLwFHxQgmDCkuYchmer9u+JwGmw=,sf0XYtf3JeVs+lhaGHlyA1pJZxY=
-10,-61,SLwFHxQgmDCkuYchmer9u+JwGmw=,sf0XYtf3JeVs+lhaGHlyA1pJZxY=
-9,-61,SLwFHxQgmDCkuYchmer9u+JwGmw=,sf0XYtf3JeVs+lhaGHlyA1pJZxY=
-8,-61,SLwFHxQgmDCkuYchmer9u+JwGmw=,sf0XYtf3JeVs+lhaGHlyA1pJZxY=
-16,-64,SLwFHxQgmDCkuYchmer9u+JwGmw=,sf0XYtf3JeVs+lhaGHlyA1pJZxY=
-7,-61,SLwFHxQgmDCkuYchmer9u+JwGmw=,sf0XYtf3JeVs+lhaGHlyA1pJZxY=
-6,-61,SLwFHxQgmDCkuYchmer9u+JwGmw=,sf0XYtf3JeVs+lhaGHlyA1pJZxY=
-13,-64,SLwFHxQgmDCkuYchmer9u+JwGmw=,sf0XYtf3JeVs+lhaGHlyA1pJZxY=
-5,-61,SLwFHxQgmDCkuYchmer9u+JwGmw=,sf0XYtf3JeVs+lhaGHlyA1pJZxY=
-6,-49,SLwFHxQgmDCkuYchmer9u+JwGmw=,sf0XYtf3JeVs+lhaGHlyA1pJZxY=
-7,-49,SLwFHxQgmDCkuYchmer9u+JwGmw=,sf0XYtf3JeVs+lhaGHlyA1pJZxY=
-4,-61,SLwFHxQgmDCkuYchmer9u+JwGmw=,sf0XYtf3JeVs+lhaGHlyA1pJZxY=
-8,-49,SLwFHxQgmDCkuYchmer9u+JwGmw=,sf0XYtf3JeVs+lhaGHlyA1pJZxY=
-9,-49,SLwFHxQgmDCkuYchmer9u+JwGmw=,sf0XYtf3JeVs+lhaGHlyA1pJZxY=
-10,-49,SLwFHxQgmDCkuYchmer9u+JwGmw=,sf0XYtf3JeVs+lhaGHlyA1pJZxY=
-3,-61,SLwFHxQgmDCkuYchmer9u+JwGmw=,sf0XYtf3JeVs+lhaGHlyA1pJZxY=
-11,-49,SLwFHxQgmDCkuYchmer9u+JwGmw=,sf0XYtf3JeVs+lhaGHlyA1pJZxY=
-12,-49,SLwFHxQgmDCkuYchmer9u+JwGmw=,sf0XYtf3JeVs+lhaGHlyA1pJZxY=
-13,-49,SLwFHxQgmDCkuYchmer9u+JwGmw=,sf0XYtf3JeVs+lhaGHlyA1pJZxY=
-2,-61,w9PULntfoPxrUOJjxxGV0HBPsuo=,sf0XYtf3JeVs+lhaGHlyA1pJZxY=
-15,-62,w9PULntfoPxrUOJjxxGV0HBPsuo=,sf0XYtf3JeVs+lhaGHlyA1pJZxY=
-14,-49,w9PULntfoPxrUOJjxxGV0HBPsuo=,sf0XYtf3JeVs+lhaGHlyA1pJZxY=
-15,-63,w9PULntfoPxrUOJjxxGV0HBPsuo=,sf0XYtf3JeVs+lhaGHlyA1pJZxY=
-1,-63,w9PULntfoPxrUOJjxxGV0HBPsuo=,sf0XYtf3JeVs+lhaGHlyA1pJZxY=
-15,-49,w9PULntfoPxrUOJjxxGV0HBPsuo=,sf0XYtf3JeVs+lhaGHlyA1pJZxY=
-16,-49,w9PULntfoPxrUOJjxxGV0HBPsuo=,sf0XYtf3JeVs+lhaGHlyA1pJZxY=
-2,-63,w9PULntfoPxrUOJjxxGV0HBPsuo=,sf0XYtf3JeVs+lhaGHlyA1pJZxY=
-1,-61,w9PULntfoPxrUOJjxxGV0HBPsuo=,sf0XYtf3JeVs+lhaGHlyA1pJZxY=
-16,-60,w9PULntfoPxrUOJjxxGV0HBPsuo=,sf0XYtf3JeVs+lhaGHlyA1pJZxY=
-15,-60,w9PULntfoPxrUOJjxxGV0HBPsuo=,sf0XYtf3JeVs+lhaGHlyA1pJZxY=
-3,-63,w9PULntfoPxrUOJjxxGV0HBPsuo=,sf0XYtf3JeVs+lhaGHlyA1pJZxY=
-4,-63,w9PULntfoPxrUOJjxxGV0HBPsuo=,sf0XYtf3JeVs+lhaGHlyA1pJZxY=
-14,-60,w9PULntfoPxrUOJjxxGV0HBPsuo=,sf0XYtf3JeVs+lhaGHlyA1pJZxY=
-13,-60,w9PULntfoPxrUOJjxxGV0HBPsuo=,sf0XYtf3JeVs+lhaGHlyA1pJZxY=
-5,-63,w9PULntfoPxrUOJjxxGV0HBPsuo=,sf0XYtf3JeVs+lhaGHlyA1pJZxY=
-14,-62,w9PULntfoPxrUOJjxxGV0HBPsuo=,sf0XYtf3JeVs+lhaGHlyA1pJZxY=
-11,-64,w9PULntfoPxrUOJjxxGV0HBPsuo=,sf0XYtf3JeVs+lhaGHlyA1pJZxY=
-6,-63,w9PULntfoPxrUOJjxxGV0HBPsuo=,sf0XYtf3JeVs+lhaGHlyA1pJZxY=
-12,-60,w9PULntfoPxrUOJjxxGV0HBPsuo=,sf0XYtf3JeVs+lhaGHlyA1pJZxY=
-7,-63,w9PULntfoPxrUOJjxxGV0HBPsuo=,sf0XYtf3JeVs+lhaGHlyA1pJZxY=
-11,-60,w9PULntfoPxrUOJjxxGV0HBPsuo=,sf0XYtf3JeVs+lhaGHlyA1pJZxY=
-8,-63,w9PULntfoPxrUOJjxxGV0HBPsuo=,sf0XYtf3JeVs+lhaGHlyA1pJZxY=
-10,-60,w9PULntfoPxrUOJjxxGV0HBPsuo=,sf0XYtf3JeVs+lhaGHlyA1pJZxY=
-1,-50,w9PULntfoPxrUOJjxxGV0HBPsuo=,sf0XYtf3JeVs+lhaGHlyA1pJZxY=
-9,-63,w9PULntfoPxrUOJjxxGV0HBPsuo=,sf0XYtf3JeVs+lhaGHlyA1pJZxY=
-10,-63,w9PULntfoPxrUOJjxxGV0HBPsuo=,sf0XYtf3JeVs+lhaGHlyA1pJZxY=
-11,-63,w9PULntfoPxrUOJjxxGV0HBPsuo=,sf0XYtf3JeVs+lhaGHlyA1pJZxY=
-12,-63,w9PULntfoPxrUOJjxxGV0HBPsuo=,sf0XYtf3JeVs+lhaGHlyA1pJZxY=
-13,-63,w9PULntfoPxrUOJjxxGV0HBPsuo=,sf0XYtf3JeVs+lhaGHlyA1pJZxY=
-14,-63,w9PULntfoPxrUOJjxxGV0HBPsuo=,sf0XYtf3JeVs+lhaGHlyA1pJZxY=
-14,-64,w9PULntfoPxrUOJjxxGV0HBPsuo=,sf0XYtf3JeVs+lhaGHlyA1pJZxY=
-2,-50,w9PULntfoPxrUOJjxxGV0HBPsuo=,sf0XYtf3JeVs+lhaGHlyA1pJZxY=
-9,-60,w9PULntfoPxrUOJjxxGV0HBPsuo=,sf0XYtf3JeVs+lhaGHlyA1pJZxY=
-8,-60,w9PULntfoPxrUOJjxxGV0HBPsuo=,sf0XYtf3JeVs+lhaGHlyA1pJZxY=
-4,-62,w9PULntfoPxrUOJjxxGV0HBPsuo=,sf0XYtf3JeVs+lhaGHlyA1pJZxY=
-7,-60,w9PULntfoPxrUOJjxxGV0HBPsuo=,sf0XYtf3JeVs+lhaGHlyA1pJZxY=
-6,-60,w9PULntfoPxrUOJjxxGV0HBPsuo=,sf0XYtf3JeVs+lhaGHlyA1pJZxY=
-3,-50,w9PULntfoPxrUOJjxxGV0HBPsuo=,sf0XYtf3JeVs+lhaGHlyA1pJZxY=
-5,-60,w9PULntfoPxrUOJjxxGV0HBPsuo=,sf0XYtf3JeVs+lhaGHlyA1pJZxY=
-4,-60,w9PULntfoPxrUOJjxxGV0HBPsuo=,sf0XYtf3JeVs+lhaGHlyA1pJZxY=
-3,-60,w9PULntfoPxrUOJjxxGV0HBPsuo=,sf0XYtf3JeVs+lhaGHlyA1pJZxY=
-4,-50,w9PULntfoPxrUOJjxxGV0HBPsuo=,sf0XYtf3JeVs+lhaGHlyA1pJZxY=
-5,-50,w9PULntfoPxrUOJjxxGV0HBPsuo=,sf0XYtf3JeVs+lhaGHlyA1pJZxY=
-6,-50,w9PULntfoPxrUOJjxxGV0HBPsuo=,sf0XYtf3JeVs+lhaGHlyA1pJZxY=
-2,-60,w9PULntfoPxrUOJjxxGV0HBPsuo=,sf0XYtf3JeVs+lhaGHlyA1pJZxY=
-10,-64,w9PULntfoPxrUOJjxxGV0HBPsuo=,sf0XYtf3JeVs+lhaGHlyA1pJZxY=
-7,-50,w9PULntfoPxrUOJjxxGV0HBPsuo=,sf0XYtf3JeVs+lhaGHlyA1pJZxY=
-8,-50,w9PULntfoPxrUOJjxxGV0HBPsuo=,sf0XYtf3JeVs+lhaGHlyA1pJZxY=
-9,-50,w9PULntfoPxrUOJjxxGV0HBPsuo=,sf0XYtf3JeVs+lhaGHlyA1pJZxY=
-10,-50,w9PULntfoPxrUOJjxxGV0HBPsuo=,sf0XYtf3JeVs+lhaGHlyA1pJZxY=
-11,-50,w9PULntfoPxrUOJjxxGV0HBPsuo=,sf0XYtf3JeVs+lhaGHlyA1pJZxY=
-12,-50,w9PULntfoPxrUOJjxxGV0HBPsuo=,sf0XYtf3JeVs+lhaGHlyA1pJZxY=
-1,-60,w9PULntfoPxrUOJjxxGV0HBPsuo=,sf0XYtf3JeVs+lhaGHlyA1pJZxY=
-13,-50,w9PULntfoPxrUOJjxxGV0HBPsuo=,sf0XYtf3JeVs+lhaGHlyA1pJZxY=
-14,-50,w9PULntfoPxrUOJjxxGV0HBPsuo=,sf0XYtf3JeVs+lhaGHlyA1pJZxY=
-15,-50,w9PULntfoPxrUOJjxxGV0HBPsuo=,sf0XYtf3JeVs+lhaGHlyA1pJZxY=
-16,-59,w9PULntfoPxrUOJjxxGV0HBPsuo=,sf0XYtf3JeVs+lhaGHlyA1pJZxY=
-16,-50,w9PULntfoPxrUOJjxxGV0HBPsuo=,sf0XYtf3JeVs+lhaGHlyA1pJZxY=
-15,-59,w9PULntfoPxrUOJjxxGV0HBPsuo=,sf0XYtf3JeVs+lhaGHlyA1pJZxY=
-1,-51,w9PULntfoPxrUOJjxxGV0HBPsuo=,sf0XYtf3JeVs+lhaGHlyA1pJZxY=
-16,-63,w9PULntfoPxrUOJjxxGV0HBPsuo=,sf0XYtf3JeVs+lhaGHlyA1pJZxY=
-2,-51,w9PULntfoPxrUOJjxxGV0HBPsuo=,sf0XYtf3JeVs+lhaGHlyA1pJZxY=
-1,-64,w9PULntfoPxrUOJjxxGV0HBPsuo=,sf0XYtf3JeVs+lhaGHlyA1pJZxY=
-3,-51,w9PULntfoPxrUOJjxxGV0HBPsuo=,sf0XYtf3JeVs+lhaGHlyA1pJZxY=
-5,-62,w9PULntfoPxrUOJjxxGV0HBPsuo=,sf0XYtf3JeVs+lhaGHlyA1pJZxY=
-4,-51,w9PULntfoPxrUOJjxxGV0HBPsuo=,sf0XYtf3JeVs+lhaGHlyA1pJZxY=
-14,-59,w9PULntfoPxrUOJjxxGV0HBPsuo=,sf0XYtf3JeVs+lhaGHlyA1pJZxY=
-5,-51,w9PULntfoPxrUOJjxxGV0HBPsuo=,sf0XYtf3JeVs+lhaGHlyA1pJZxY=
-6,-51,w9PULntfoPxrUOJjxxGV0HBPsuo=,sf0XYtf3JeVs+lhaGHlyA1pJZxY=
-13,-59,w9PULntfoPxrUOJjxxGV0HBPsuo=,sf0XYtf3JeVs+lhaGHlyA1pJZxY=
-7,-51,w9PULntfoPxrUOJjxxGV0HBPsuo=,sf0XYtf3JeVs+lhaGHlyA1pJZxY=
-12,-59,w9PULntfoPxrUOJjxxGV0HBPsuo=,sf0XYtf3JeVs+lhaGHlyA1pJZxY=
-8,-51,w9PULntfoPxrUOJjxxGV0HBPsuo=,sf0XYtf3JeVs+lhaGHlyA1pJZxY=
-13,-62,w9PULntfoPxrUOJjxxGV0HBPsuo=,sf0XYtf3JeVs+lhaGHlyA1pJZxY=
-9,-51,w9PULntfoPxrUOJjxxGV0HBPsuo=,sf0XYtf3JeVs+lhaGHlyA1pJZxY=
-9,-64,w9PULntfoPxrUOJjxxGV0HBPsuo=,sf0XYtf3JeVs+lhaGHlyA1pJZxY=
-10,-51,w9PULntfoPxrUOJjxxGV0HBPsuo=,sf0XYtf3JeVs+lhaGHlyA1pJZxY=
-11,-51,w9PULntfoPxrUOJjxxGV0HBPsuo=,sf0XYtf3JeVs+lhaGHlyA1pJZxY=
-11,-59,w9PULntfoPxrUOJjxxGV0HBPsuo=,sf0XYtf3JeVs+lhaGHlyA1pJZxY=
-12,-51,w9PULntfoPxrUOJjxxGV0HBPsuo=,sf0XYtf3JeVs+lhaGHlyA1pJZxY=
-13,-51,w9PULntfoPxrUOJjxxGV0HBPsuo=,sf0XYtf3JeVs+lhaGHlyA1pJZxY=
-14,-51,w9PULntfoPxrUOJjxxGV0HBPsuo=,sf0XYtf3JeVs+lhaGHlyA1pJZxY=
-15,-51,w9PULntfoPxrUOJjxxGV0HBPsuo=,sf0XYtf3JeVs+lhaGHlyA1pJZxY=
-15,-64,w9PULntfoPxrUOJjxxGV0HBPsuo=,sf0XYtf3JeVs+lhaGHlyA1pJZxY=
-16,-51,w9PULntfoPxrUOJjxxGV0HBPsuo=,sf0XYtf3JeVs+lhaGHlyA1pJZxY=
-1,-52,w9PULntfoPxrUOJjxxGV0HBPsuo=,sf0XYtf3JeVs+lhaGHlyA1pJZxY=
-2,-52,w9PULntfoPxrUOJjxxGV0HBPsuo=,sf0XYtf3JeVs+lhaGHlyA1pJZxY=
-3,-52,w9PULntfoPxrUOJjxxGV0HBPsuo=,sf0XYtf3JeVs+lhaGHlyA1pJZxY=
-10,-59,w9PULntfoPxrUOJjxxGV0HBPsuo=,sf0XYtf3JeVs+lhaGHlyA1pJZxY=
-2,-64,w9PULntfoPxrUOJjxxGV0HBPsuo=,sf0XYtf3JeVs+lhaGHlyA1pJZxY=
-9,-59,w9PULntfoPxrUOJjxxGV0HBPsuo=,sf0XYtf3JeVs+lhaGHlyA1pJZxY=
-4,-52,w9PULntfoPxrUOJjxxGV0HBPsuo=,sf0XYtf3JeVs+lhaGHlyA1pJZxY=
-8,-59,w9PULntfoPxrUOJjxxGV0HBPsuo=,sf0XYtf3JeVs+lhaGHlyA1pJZxY=
-7,-59,w9PULntfoPxrUOJjxxGV0HBPsuo=,sf0XYtf3JeVs+lhaGHlyA1pJZxY=
-6,-62,w9PULntfoPxrUOJjxxGV0HBPsuo=,sf0XYtf3JeVs+lhaGHlyA1pJZxY=
-6,-59,w9PULntfoPxrUOJjxxGV0HBPsuo=,sf0XYtf3JeVs+lhaGHlyA1pJZxY=
-5,-52,w9PULntfoPxrUOJjxxGV0HBPsuo=,sf0XYtf3JeVs+lhaGHlyA1pJZxY=
-5,-59,w9PULntfoPxrUOJjxxGV0HBPsuo=,sf0XYtf3JeVs+lhaGHlyA1pJZxY=
-6,-52,w9PULntfoPxrUOJjxxGV0HBPsuo=,sf0XYtf3JeVs+lhaGHlyA1pJZxY=
-4,-59,w9PULntfoPxrUOJjxxGV0HBPsuo=,sf0XYtf3JeVs+lhaGHlyA1pJZxY=
-7,-52,w9PULntfoPxrUOJjxxGV0HBPsuo=,sf0XYtf3JeVs+lhaGHlyA1pJZxY=
-8,-52,w9PULntfoPxrUOJjxxGV0HBPsuo=,sf0XYtf3JeVs+lhaGHlyA1pJZxY=
-9,-52,w9PULntfoPxrUOJjxxGV0HBPsuo=,sf0XYtf3JeVs+lhaGHlyA1pJZxY=
-10,-52,w9PULntfoPxrUOJjxxGV0HBPsuo=,sf0XYtf3JeVs+lhaGHlyA1pJZxY=
-11,-52,w9PULntfoPxrUOJjxxGV0HBPsuo=,sf0XYtf3JeVs+lhaGHlyA1pJZxY=
-12,-52,w9PULntfoPxrUOJjxxGV0HBPsuo=,sf0XYtf3JeVs+lhaGHlyA1pJZxY=
-13,-52,w9PULntfoPxrUOJjxxGV0HBPsuo=,sf0XYtf3JeVs+lhaGHlyA1pJZxY=
-14,-52,w9PULntfoPxrUOJjxxGV0HBPsuo=,sf0XYtf3JeVs+lhaGHlyA1pJZxY=
-15,-52,w9PULntfoPxrUOJjxxGV0HBPsuo=,sf0XYtf3JeVs+lhaGHlyA1pJZxY=
-16,-52,w9PULntfoPxrUOJjxxGV0HBPsuo=,sf0XYtf3JeVs+lhaGHlyA1pJZxY=
-1,-53,w9PULntfoPxrUOJjxxGV0HBPsuo=,sf0XYtf3JeVs+lhaGHlyA1pJZxY=
-3,-59,w9PULntfoPxrUOJjxxGV0HBPsuo=,sf0XYtf3JeVs+lhaGHlyA1pJZxY=
-2,-53,w9PULntfoPxrUOJjxxGV0HBPsuo=,sf0XYtf3JeVs+lhaGHlyA1pJZxY=
-2,-59,w9PULntfoPxrUOJjxxGV0HBPsuo=,sf0XYtf3JeVs+lhaGHlyA1pJZxY=
-3,-53,w9PULntfoPxrUOJjxxGV0HBPsuo=,sf0XYtf3JeVs+lhaGHlyA1pJZxY=
-1,-59,w9PULntfoPxrUOJjxxGV0HBPsuo=,sf0XYtf3JeVs+lhaGHlyA1pJZxY=
-4,-53,w9PULntfoPxrUOJjxxGV0HBPsuo=,sf0XYtf3JeVs+lhaGHlyA1pJZxY=
-16,-58,w9PULntfoPxrUOJjxxGV0HBPsuo=,sf0XYtf3JeVs+lhaGHlyA1pJZxY=
-3,-64,w9PULntfoPxrUOJjxxGV0HBPsuo=,sf0XYtf3JeVs+lhaGHlyA1pJZxY=
-5,-53,w9PULntfoPxrUOJjxxGV0HBPsuo=,sf0XYtf3JeVs+lhaGHlyA1pJZxY=
-7,-62,w9PULntfoPxrUOJjxxGV0HBPsuo=,sf0XYtf3JeVs+lhaGHlyA1pJZxY=
-6,-53,w9PULntfoPxrUOJjxxGV0HBPsuo=,sf0XYtf3JeVs+lhaGHlyA1pJZxY=
-7,-53,w9PULntfoPxrUOJjxxGV0HBPsuo=,sf0XYtf3JeVs+lhaGHlyA1pJZxY=
-8,-53,w9PULntfoPxrUOJjxxGV0HBPsuo=,sf0XYtf3JeVs+lhaGHlyA1pJZxY=
-9,-53,w9PULntfoPxrUOJjxxGV0HBPsuo=,sf0XYtf3JeVs+lhaGHlyA1pJZxY=
-10,-53,w9PULntfoPxrUOJjxxGV0HBPsuo=,sf0XYtf3JeVs+lhaGHlyA1pJZxY=
-11,-53,w9PULntfoPxrUOJjxxGV0HBPsuo=,sf0XYtf3JeVs+lhaGHlyA1pJZxY=
-12,-53,w9PULntfoPxrUOJjxxGV0HBPsuo=,sf0XYtf3JeVs+lhaGHlyA1pJZxY=
-13,-53,w9PULntfoPxrUOJjxxGV0HBPsuo=,sf0XYtf3JeVs+lhaGHlyA1pJZxY=
-14,-53,w9PULntfoPxrUOJjxxGV0HBPsuo=,sf0XYtf3JeVs+lhaGHlyA1pJZxY=
-15,-58,w9PULntfoPxrUOJjxxGV0HBPsuo=,sf0XYtf3JeVs+lhaGHlyA1pJZxY=
-15,-53,w9PULntfoPxrUOJjxxGV0HBPsuo=,sf0XYtf3JeVs+lhaGHlyA1pJZxY=
-14,-58,w9PULntfoPxrUOJjxxGV0HBPsuo=,sf0XYtf3JeVs+lhaGHlyA1pJZxY=
-16,-53,w9PULntfoPxrUOJjxxGV0HBPsuo=,sf0XYtf3JeVs+lhaGHlyA1pJZxY=
-13,-58,w9PULntfoPxrUOJjxxGV0HBPsuo=,sf0XYtf3JeVs+lhaGHlyA1pJZxY=
-1,-54,w9PULntfoPxrUOJjxxGV0HBPsuo=,sf0XYtf3JeVs+lhaGHlyA1pJZxY=
-12,-58,w9PULntfoPxrUOJjxxGV0HBPsuo=,sf0XYtf3JeVs+lhaGHlyA1pJZxY=
-2,-54,w9PULntfoPxrUOJjxxGV0HBPsuo=,sf0XYtf3JeVs+lhaGHlyA1pJZxY=
-11,-58,w9PULntfoPxrUOJjxxGV0HBPsuo=,sf0XYtf3JeVs+lhaGHlyA1pJZxY=
-3,-54,w9PULntfoPxrUOJjxxGV0HBPsuo=,sf0XYtf3JeVs+lhaGHlyA1pJZxY=
-12,-62,w9PULntfoPxrUOJjxxGV0HBPsuo=,sf0XYtf3JeVs+lhaGHlyA1pJZxY=
-4,-54,w9PULntfoPxrUOJjxxGV0HBPsuo=,sf0XYtf3JeVs+lhaGHlyA1pJZxY=
-5,-54,w9PULntfoPxrUOJjxxGV0HBPsuo=,sf0XYtf3JeVs+lhaGHlyA1pJZxY=
-4,-64,w9PULntfoPxrUOJjxxGV0HBPsuo=,sf0XYtf3JeVs+lhaGHlyA1pJZxY=
-6,-54,w9PULntfoPxrUOJjxxGV0HBPsuo=,sf0XYtf3JeVs+lhaGHlyA1pJZxY=
-8,-62,w9PULntfoPxrUOJjxxGV0HBPsuo=,sf0XYtf3JeVs+lhaGHlyA1pJZxY=
-7,-54,w9PULntfoPxrUOJjxxGV0HBPsuo=,sf0XYtf3JeVs+lhaGHlyA1pJZxY=
-8,-54,w9PULntfoPxrUOJjxxGV0HBPsuo=,sf0XYtf3JeVs+lhaGHlyA1pJZxY=
-9,-54,w9PULntfoPxrUOJjxxGV0HBPsuo=,sf0XYtf3JeVs+lhaGHlyA1pJZxY=
-10,-54,w9PULntfoPxrUOJjxxGV0HBPsuo=,sf0XYtf3JeVs+lhaGHlyA1pJZxY=
-11,-54,w9PULntfoPxrUOJjxxGV0HBPsuo=,sf0XYtf3JeVs+lhaGHlyA1pJZxY=
-12,-54,w9PULntfoPxrUOJjxxGV0HBPsuo=,sf0XYtf3JeVs+lhaGHlyA1pJZxY=
-8,-64,w9PULntfoPxrUOJjxxGV0HBPsuo=,sf0XYtf3JeVs+lhaGHlyA1pJZxY=
-10,-58,w9PULntfoPxrUOJjxxGV0HBPsuo=,sf0XYtf3JeVs+lhaGHlyA1pJZxY=
-9,-58,w9PULntfoPxrUOJjxxGV0HBPsuo=,sf0XYtf3JeVs+lhaGHlyA1pJZxY=
-8,-58,w9PULntfoPxrUOJjxxGV0HBPsuo=,sf0XYtf3JeVs+lhaGHlyA1pJZxY=
-7,-58,w9PULntfoPxrUOJjxxGV0HBPsuo=,sf0XYtf3JeVs+lhaGHlyA1pJZxY=
-6,-58,w9PULntfoPxrUOJjxxGV0HBPsuo=,sf0XYtf3JeVs+lhaGHlyA1pJZxY=
-5,-58,w9PULntfoPxrUOJjxxGV0HBPsuo=,sf0XYtf3JeVs+lhaGHlyA1pJZxY=
-13,-54,w9PULntfoPxrUOJjxxGV0HBPsuo=,sf0XYtf3JeVs+lhaGHlyA1pJZxY=
-14,-54,w9PULntfoPxrUOJjxxGV0HBPsuo=,sf0XYtf3JeVs+lhaGHlyA1pJZxY=
-15,-54,w9PULntfoPxrUOJjxxGV0HBPsuo=,sf0XYtf3JeVs+lhaGHlyA1pJZxY=
-16,-54,w9PULntfoPxrUOJjxxGV0HBPsuo=,sf0XYtf3JeVs+lhaGHlyA1pJZxY=
-1,-55,w9PULntfoPxrUOJjxxGV0HBPsuo=,sf0XYtf3JeVs+lhaGHlyA1pJZxY=
-2,-55,w9PULntfoPxrUOJjxxGV0HBPsuo=,sf0XYtf3JeVs+lhaGHlyA1pJZxY=
-3,-55,w9PULntfoPxrUOJjxxGV0HBPsuo=,sf0XYtf3JeVs+lhaGHlyA1pJZxY=
-4,-55,w9PULntfoPxrUOJjxxGV0HBPsuo=,sf0XYtf3JeVs+lhaGHlyA1pJZxY=
-4,-58,w9PULntfoPxrUOJjxxGV0HBPsuo=,sf0XYtf3JeVs+lhaGHlyA1pJZxY=
-3,-58,w9PULntfoPxrUOJjxxGV0HBPsuo=,sf0XYtf3JeVs+lhaGHlyA1pJZxY=
-2,-58,w9PULntfoPxrUOJjxxGV0HBPsuo=,sf0XYtf3JeVs+lhaGHlyA1pJZxY=
-1,-58,w9PULntfoPxrUOJjxxGV0HBPsuo=,sf0XYtf3JeVs+lhaGHlyA1pJZxY=
-16,-57,w9PULntfoPxrUOJjxxGV0HBPsuo=,sf0XYtf3JeVs+lhaGHlyA1pJZxY=
-15,-57,w9PULntfoPxrUOJjxxGV0HBPsuo=,sf0XYtf3JeVs+lhaGHlyA1pJZxY=
-5,-55,w9PULntfoPxrUOJjxxGV0HBPsuo=,sf0XYtf3JeVs+lhaGHlyA1pJZxY=
-6,-55,w9PULntfoPxrUOJjxxGV0HBPsuo=,sf0XYtf3JeVs+lhaGHlyA1pJZxY=
-5,-64,w9PULntfoPxrUOJjxxGV0HBPsuo=,sf0XYtf3JeVs+lhaGHlyA1pJZxY=
-7,-55,w9PULntfoPxrUOJjxxGV0HBPsuo=,sf0XYtf3JeVs+lhaGHlyA1pJZxY=
-9,-62,w9PULntfoPxrUOJjxxGV0HBPsuo=,sf0XYtf3JeVs+lhaGHlyA1pJZxY=
-8,-55,w9PULntfoPxrUOJjxxGV0HBPsuo=,sf0XYtf3JeVs+lhaGHlyA1pJZxY=
-9,-55,w9PULntfoPxrUOJjxxGV0HBPsuo=,sf0XYtf3JeVs+lhaGHlyA1pJZxY=
-10,-55,w9PULntfoPxrUOJjxxGV0HBPsuo=,sf0XYtf3JeVs+lhaGHlyA1pJZxY=
-11,-55,w9PULntfoPxrUOJjxxGV0HBPsuo=,sf0XYtf3JeVs+lhaGHlyA1pJZxY=
-14,-57,w9PULntfoPxrUOJjxxGV0HBPsuo=,sf0XYtf3JeVs+lhaGHlyA1pJZxY=
-13,-57,w9PULntfoPxrUOJjxxGV0HBPsuo=,sf0XYtf3JeVs+lhaGHlyA1pJZxY=
-12,-57,w9PULntfoPxrUOJjxxGV0HBPsuo=,sf0XYtf3JeVs+lhaGHlyA1pJZxY=
-11,-57,w9PULntfoPxrUOJjxxGV0HBPsuo=,sf0XYtf3JeVs+lhaGHlyA1pJZxY=
-10,-57,w9PULntfoPxrUOJjxxGV0HBPsuo=,sf0XYtf3JeVs+lhaGHlyA1pJZxY=
-11,-62,w9PULntfoPxrUOJjxxGV0HBPsuo=,sf0XYtf3JeVs+lhaGHlyA1pJZxY=
-7,-64,w9PULntfoPxrUOJjxxGV0HBPsuo=,sf0XYtf3JeVs+lhaGHlyA1pJZxY=
-9,-57,w9PULntfoPxrUOJjxxGV0HBPsuo=,sf0XYtf3JeVs+lhaGHlyA1pJZxY=
-12,-55,w9PULntfoPxrUOJjxxGV0HBPsuo=,sf0XYtf3JeVs+lhaGHlyA1pJZxY=
-13,-55,w9PULntfoPxrUOJjxxGV0HBPsuo=,sf0XYtf3JeVs+lhaGHlyA1pJZxY=
-14,-55,w9PULntfoPxrUOJjxxGV0HBPsuo=,sf0XYtf3JeVs+lhaGHlyA1pJZxY=
-15,-55,w9PULntfoPxrUOJjxxGV0HBPsuo=,sf0XYtf3JeVs+lhaGHlyA1pJZxY=
-16,-55,w9PULntfoPxrUOJjxxGV0HBPsuo=,sf0XYtf3JeVs+lhaGHlyA1pJZxY=
-1,-56,w9PULntfoPxrUOJjxxGV0HBPsuo=,sf0XYtf3JeVs+lhaGHlyA1pJZxY=
-2,-56,w9PULntfoPxrUOJjxxGV0HBPsuo=,sf0XYtf3JeVs+lhaGHlyA1pJZxY=
-3,-56,w9PULntfoPxrUOJjxxGV0HBPsuo=,sf0XYtf3JeVs+lhaGHlyA1pJZxY=
-8,-57,w9PULntfoPxrUOJjxxGV0HBPsuo=,sf0XYtf3JeVs+lhaGHlyA1pJZxY=
-7,-57,w9PULntfoPxrUOJjxxGV0HBPsuo=,sf0XYtf3JeVs+lhaGHlyA1pJZxY=
-6,-57,w9PULntfoPxrUOJjxxGV0HBPsuo=,sf0XYtf3JeVs+lhaGHlyA1pJZxY=
-5,-57,w9PULntfoPxrUOJjxxGV0HBPsuo=,sf0XYtf3JeVs+lhaGHlyA1pJZxY=
-4,-57,w9PULntfoPxrUOJjxxGV0HBPsuo=,sf0XYtf3JeVs+lhaGHlyA1pJZxY=
-3,-57,w9PULntfoPxrUOJjxxGV0HBPsuo=,sf0XYtf3JeVs+lhaGHlyA1pJZxY=
-2,-57,w9PULntfoPxrUOJjxxGV0HBPsuo=,sf0XYtf3JeVs+lhaGHlyA1pJZxY=
-4,-56,w9PULntfoPxrUOJjxxGV0HBPsuo=,sf0XYtf3JeVs+lhaGHlyA1pJZxY=
-1,-57,w9PULntfoPxrUOJjxxGV0HBPsuo=,sf0XYtf3JeVs+lhaGHlyA1pJZxY=
-16,-56,w9PULntfoPxrUOJjxxGV0HBPsuo=,sf0XYtf3JeVs+lhaGHlyA1pJZxY=
-15,-56,w9PULntfoPxrUOJjxxGV0HBPsuo=,sf0XYtf3JeVs+lhaGHlyA1pJZxY=
-14,-56,w9PULntfoPxrUOJjxxGV0HBPsuo=,sf0XYtf3JeVs+lhaGHlyA1pJZxY=
-13,-56,w9PULntfoPxrUOJjxxGV0HBPsuo=,sf0XYtf3JeVs+lhaGHlyA1pJZxY=
-12,-56,w9PULntfoPxrUOJjxxGV0HBPsuo=,sf0XYtf3JeVs+lhaGHlyA1pJZxY=
-11,-56,w9PULntfoPxrUOJjxxGV0HBPsuo=,sf0XYtf3JeVs+lhaGHlyA1pJZxY=
-10,-56,w9PULntfoPxrUOJjxxGV0HBPsuo=,sf0XYtf3JeVs+lhaGHlyA1pJZxY=
-9,-56,w9PULntfoPxrUOJjxxGV0HBPsuo=,sf0XYtf3JeVs+lhaGHlyA1pJZxY=
-10,-62,w9PULntfoPxrUOJjxxGV0HBPsuo=,sf0XYtf3JeVs+lhaGHlyA1pJZxY=
-6,-64,w9PULntfoPxrUOJjxxGV0HBPsuo=,sf0XYtf3JeVs+lhaGHlyA1pJZxY=
-8,-56,w9PULntfoPxrUOJjxxGV0HBPsuo=,sf0XYtf3JeVs+lhaGHlyA1pJZxY=
-7,-56,w9PULntfoPxrUOJjxxGV0HBPsuo=,sf0XYtf3JeVs+lhaGHlyA1pJZxY=
-6,-56,w9PULntfoPxrUOJjxxGV0HBPsuo=,sf0XYtf3JeVs+lhaGHlyA1pJZxY=
-5,-56,w9PULntfoPxrUOJjxxGV0HBPsuo=,sf0XYtf3JeVs+lhaGHlyA1pJZxY=
-17,-49,f6XbYZP7DWhwPl/VZUL1ngjnIB0=,SLtbIssF4uHa2miPoDgXBYNWFbc=
-18,-62,f6XbYZP7DWhwPl/VZUL1ngjnIB0=,SLtbIssF4uHa2miPoDgXBYNWFbc=
-17,-62,f6XbYZP7DWhwPl/VZUL1ngjnIB0=,SLtbIssF4uHa2miPoDgXBYNWFbc=
-32,-61,f6XbYZP7DWhwPl/VZUL1ngjnIB0=,SLtbIssF4uHa2miPoDgXBYNWFbc=
-31,-61,f6XbYZP7DWhwPl/VZUL1ngjnIB0=,SLtbIssF4uHa2miPoDgXBYNWFbc=
-30,-61,f6XbYZP7DWhwPl/VZUL1ngjnIB0=,SLtbIssF4uHa2miPoDgXBYNWFbc=
-29,-61,f6XbYZP7DWhwPl/VZUL1ngjnIB0=,SLtbIssF4uHa2miPoDgXBYNWFbc=
-28,-61,f6XbYZP7DWhwPl/VZUL1ngjnIB0=,SLtbIssF4uHa2miPoDgXBYNWFbc=
-32,-62,f6XbYZP7DWhwPl/VZUL1ngjnIB0=,SLtbIssF4uHa2miPoDgXBYNWFbc=
-28,-64,tZsXt704jPIKYhA9ygoVzOQJw8M=,SLtbIssF4uHa2miPoDgXBYNWFbc=
-27,-61,tZsXt704jPIKYhA9ygoVzOQJw8M=,SLtbIssF4uHa2miPoDgXBYNWFbc=
-26,-61,tZsXt704jPIKYhA9ygoVzOQJw8M=,SLtbIssF4uHa2miPoDgXBYNWFbc=
-25,-61,tZsXt704jPIKYhA9ygoVzOQJw8M=,SLtbIssF4uHa2miPoDgXBYNWFbc=
-24,-61,tZsXt704jPIKYhA9ygoVzOQJw8M=,SLtbIssF4uHa2miPoDgXBYNWFbc=
-32,-64,tZsXt704jPIKYhA9ygoVzOQJw8M=,SLtbIssF4uHa2miPoDgXBYNWFbc=
-23,-61,tZsXt704jPIKYhA9ygoVzOQJw8M=,SLtbIssF4uHa2miPoDgXBYNWFbc=
-22,-61,tZsXt704jPIKYhA9ygoVzOQJw8M=,SLtbIssF4uHa2miPoDgXBYNWFbc=
-21,-61,tZsXt704jPIKYhA9ygoVzOQJw8M=,SLtbIssF4uHa2miPoDgXBYNWFbc=
-20,-61,tZsXt704jPIKYhA9ygoVzOQJw8M=,SLtbIssF4uHa2miPoDgXBYNWFbc=
-19,-61,tZsXt704jPIKYhA9ygoVzOQJw8M=,SLtbIssF4uHa2miPoDgXBYNWFbc=
-18,-61,tZsXt704jPIKYhA9ygoVzOQJw8M=,SLtbIssF4uHa2miPoDgXBYNWFbc=
-17,-61,tZsXt704jPIKYhA9ygoVzOQJw8M=,SLtbIssF4uHa2miPoDgXBYNWFbc=
-31,-62,tZsXt704jPIKYhA9ygoVzOQJw8M=,SLtbIssF4uHa2miPoDgXBYNWFbc=
-32,-60,tZsXt704jPIKYhA9ygoVzOQJw8M=,SLtbIssF4uHa2miPoDgXBYNWFbc=
-31,-60,tZsXt704jPIKYhA9ygoVzOQJw8M=,SLtbIssF4uHa2miPoDgXBYNWFbc=
-30,-60,tZsXt704jPIKYhA9ygoVzOQJw8M=,SLtbIssF4uHa2miPoDgXBYNWFbc=
-29,-60,tZsXt704jPIKYhA9ygoVzOQJw8M=,SLtbIssF4uHa2miPoDgXBYNWFbc=
-30,-62,tZsXt704jPIKYhA9ygoVzOQJw8M=,SLtbIssF4uHa2miPoDgXBYNWFbc=
-28,-60,tZsXt704jPIKYhA9ygoVzOQJw8M=,SLtbIssF4uHa2miPoDgXBYNWFbc=
-27,-64,tZsXt704jPIKYhA9ygoVzOQJw8M=,SLtbIssF4uHa2miPoDgXBYNWFbc=
-27,-60,tZsXt704jPIKYhA9ygoVzOQJw8M=,SLtbIssF4uHa2miPoDgXBYNWFbc=
-26,-60,tZsXt704jPIKYhA9ygoVzOQJw8M=,SLtbIssF4uHa2miPoDgXBYNWFbc=
-25,-60,tZsXt704jPIKYhA9ygoVzOQJw8M=,SLtbIssF4uHa2miPoDgXBYNWFbc=
-24,-60,tZsXt704jPIKYhA9ygoVzOQJw8M=,SLtbIssF4uHa2miPoDgXBYNWFbc=
-23,-60,tZsXt704jPIKYhA9ygoVzOQJw8M=,SLtbIssF4uHa2miPoDgXBYNWFbc=
-22,-60,tZsXt704jPIKYhA9ygoVzOQJw8M=,SLtbIssF4uHa2miPoDgXBYNWFbc=
-21,-60,tZsXt704jPIKYhA9ygoVzOQJw8M=,SLtbIssF4uHa2miPoDgXBYNWFbc=
-20,-60,tZsXt704jPIKYhA9ygoVzOQJw8M=,SLtbIssF4uHa2miPoDgXBYNWFbc=
-19,-60,tZsXt704jPIKYhA9ygoVzOQJw8M=,SLtbIssF4uHa2miPoDgXBYNWFbc=
-18,-60,tZsXt704jPIKYhA9ygoVzOQJw8M=,SLtbIssF4uHa2miPoDgXBYNWFbc=
-17,-60,tZsXt704jPIKYhA9ygoVzOQJw8M=,SLtbIssF4uHa2miPoDgXBYNWFbc=
-26,-64,tZsXt704jPIKYhA9ygoVzOQJw8M=,SLtbIssF4uHa2miPoDgXBYNWFbc=
-32,-59,tZsXt704jPIKYhA9ygoVzOQJw8M=,SLtbIssF4uHa2miPoDgXBYNWFbc=
-31,-59,tZsXt704jPIKYhA9ygoVzOQJw8M=,SLtbIssF4uHa2miPoDgXBYNWFbc=
-30,-59,tZsXt704jPIKYhA9ygoVzOQJw8M=,SLtbIssF4uHa2miPoDgXBYNWFbc=
-29,-59,tZsXt704jPIKYhA9ygoVzOQJw8M=,SLtbIssF4uHa2miPoDgXBYNWFbc=
-28,-59,tZsXt704jPIKYhA9ygoVzOQJw8M=,SLtbIssF4uHa2miPoDgXBYNWFbc=
-29,-62,tZsXt704jPIKYhA9ygoVzOQJw8M=,SLtbIssF4uHa2miPoDgXBYNWFbc=
-27,-59,tZsXt704jPIKYhA9ygoVzOQJw8M=,SLtbIssF4uHa2miPoDgXBYNWFbc=
-25,-64,tZsXt704jPIKYhA9ygoVzOQJw8M=,SLtbIssF4uHa2miPoDgXBYNWFbc=
-26,-59,tZsXt704jPIKYhA9ygoVzOQJw8M=,SLtbIssF4uHa2miPoDgXBYNWFbc=
-25,-59,tZsXt704jPIKYhA9ygoVzOQJw8M=,SLtbIssF4uHa2miPoDgXBYNWFbc=
-24,-59,tZsXt704jPIKYhA9ygoVzOQJw8M=,SLtbIssF4uHa2miPoDgXBYNWFbc=
-23,-59,tZsXt704jPIKYhA9ygoVzOQJw8M=,SLtbIssF4uHa2miPoDgXBYNWFbc=
-22,-59,tZsXt704jPIKYhA9ygoVzOQJw8M=,SLtbIssF4uHa2miPoDgXBYNWFbc=
-21,-59,tZsXt704jPIKYhA9ygoVzOQJw8M=,SLtbIssF4uHa2miPoDgXBYNWFbc=
-20,-59,tZsXt704jPIKYhA9ygoVzOQJw8M=,SLtbIssF4uHa2miPoDgXBYNWFbc=
-19,-59,tZsXt704jPIKYhA9ygoVzOQJw8M=,SLtbIssF4uHa2miPoDgXBYNWFbc=
-18,-59,tZsXt704jPIKYhA9ygoVzOQJw8M=,SLtbIssF4uHa2miPoDgXBYNWFbc=
-17,-59,tZsXt704jPIKYhA9ygoVzOQJw8M=,SLtbIssF4uHa2miPoDgXBYNWFbc=
-32,-58,tZsXt704jPIKYhA9ygoVzOQJw8M=,SLtbIssF4uHa2miPoDgXBYNWFbc=
-31,-58,tZsXt704jPIKYhA9ygoVzOQJw8M=,SLtbIssF4uHa2miPoDgXBYNWFbc=
-30,-58,tZsXt704jPIKYhA9ygoVzOQJw8M=,SLtbIssF4uHa2miPoDgXBYNWFbc=
-29,-58,tZsXt704jPIKYhA9ygoVzOQJw8M=,SLtbIssF4uHa2miPoDgXBYNWFbc=
-28,-58,tZsXt704jPIKYhA9ygoVzOQJw8M=,SLtbIssF4uHa2miPoDgXBYNWFbc=
-27,-58,tZsXt704jPIKYhA9ygoVzOQJw8M=,SLtbIssF4uHa2miPoDgXBYNWFbc=
-28,-62,tZsXt704jPIKYhA9ygoVzOQJw8M=,SLtbIssF4uHa2miPoDgXBYNWFbc=
-26,-58,tZsXt704jPIKYhA9ygoVzOQJw8M=,SLtbIssF4uHa2miPoDgXBYNWFbc=
-24,-64,tZsXt704jPIKYhA9ygoVzOQJw8M=,SLtbIssF4uHa2miPoDgXBYNWFbc=
-25,-58,tZsXt704jPIKYhA9ygoVzOQJw8M=,SLtbIssF4uHa2miPoDgXBYNWFbc=
-24,-58,tZsXt704jPIKYhA9ygoVzOQJw8M=,SLtbIssF4uHa2miPoDgXBYNWFbc=
-23,-58,tZsXt704jPIKYhA9ygoVzOQJw8M=,SLtbIssF4uHa2miPoDgXBYNWFbc=
-22,-58,tZsXt704jPIKYhA9ygoVzOQJw8M=,SLtbIssF4uHa2miPoDgXBYNWFbc=
-21,-58,tZsXt704jPIKYhA9ygoVzOQJw8M=,SLtbIssF4uHa2miPoDgXBYNWFbc=
-20,-58,tZsXt704jPIKYhA9ygoVzOQJw8M=,SLtbIssF4uHa2miPoDgXBYNWFbc=
-19,-58,tZsXt704jPIKYhA9ygoVzOQJw8M=,SLtbIssF4uHa2miPoDgXBYNWFbc=
-18,-58,tZsXt704jPIKYhA9ygoVzOQJw8M=,SLtbIssF4uHa2miPoDgXBYNWFbc=
-17,-58,tZsXt704jPIKYhA9ygoVzOQJw8M=,SLtbIssF4uHa2miPoDgXBYNWFbc=
-32,-57,tZsXt704jPIKYhA9ygoVzOQJw8M=,SLtbIssF4uHa2miPoDgXBYNWFbc=
-31,-57,tZsXt704jPIKYhA9ygoVzOQJw8M=,SLtbIssF4uHa2miPoDgXBYNWFbc=
-30,-57,tZsXt704jPIKYhA9ygoVzOQJw8M=,SLtbIssF4uHa2miPoDgXBYNWFbc=
-29,-57,tZsXt704jPIKYhA9ygoVzOQJw8M=,SLtbIssF4uHa2miPoDgXBYNWFbc=
-28,-57,tZsXt704jPIKYhA9ygoVzOQJw8M=,SLtbIssF4uHa2miPoDgXBYNWFbc=
-27,-57,tZsXt704jPIKYhA9ygoVzOQJw8M=,SLtbIssF4uHa2miPoDgXBYNWFbc=
-26,-57,tZsXt704jPIKYhA9ygoVzOQJw8M=,SLtbIssF4uHa2miPoDgXBYNWFbc=
-27,-62,tZsXt704jPIKYhA9ygoVzOQJw8M=,SLtbIssF4uHa2miPoDgXBYNWFbc=
-25,-57,tZsXt704jPIKYhA9ygoVzOQJw8M=,SLtbIssF4uHa2miPoDgXBYNWFbc=
-23,-64,tZsXt704jPIKYhA9ygoVzOQJw8M=,SLtbIssF4uHa2miPoDgXBYNWFbc=
-24,-57,tZsXt704jPIKYhA9ygoVzOQJw8M=,SLtbIssF4uHa2miPoDgXBYNWFbc=
-23,-57,tZsXt704jPIKYhA9ygoVzOQJw8M=,SLtbIssF4uHa2miPoDgXBYNWFbc=
-22,-57,tZsXt704jPIKYhA9ygoVzOQJw8M=,SLtbIssF4uHa2miPoDgXBYNWFbc=
-21,-57,tZsXt704jPIKYhA9ygoVzOQJw8M=,SLtbIssF4uHa2miPoDgXBYNWFbc=
-20,-57,tZsXt704jPIKYhA9ygoVzOQJw8M=,SLtbIssF4uHa2miPoDgXBYNWFbc=
-19,-57,tZsXt704jPIKYhA9ygoVzOQJw8M=,SLtbIssF4uHa2miPoDgXBYNWFbc=
-18,-57,tZsXt704jPIKYhA9ygoVzOQJw8M=,SLtbIssF4uHa2miPoDgXBYNWFbc=
-17,-57,tZsXt704jPIKYhA9ygoVzOQJw8M=,SLtbIssF4uHa2miPoDgXBYNWFbc=
-32,-56,tZsXt704jPIKYhA9ygoVzOQJw8M=,SLtbIssF4uHa2miPoDgXBYNWFbc=
-31,-56,tZsXt704jPIKYhA9ygoVzOQJw8M=,SLtbIssF4uHa2miPoDgXBYNWFbc=
-30,-56,tZsXt704jPIKYhA9ygoVzOQJw8M=,SLtbIssF4uHa2miPoDgXBYNWFbc=
-29,-56,tZsXt704jPIKYhA9ygoVzOQJw8M=,SLtbIssF4uHa2miPoDgXBYNWFbc=
-28,-56,tZsXt704jPIKYhA9ygoVzOQJw8M=,SLtbIssF4uHa2miPoDgXBYNWFbc=
-27,-56,tZsXt704jPIKYhA9ygoVzOQJw8M=,SLtbIssF4uHa2miPoDgXBYNWFbc=
-26,-56,tZsXt704jPIKYhA9ygoVzOQJw8M=,SLtbIssF4uHa2miPoDgXBYNWFbc=
-25,-56,tZsXt704jPIKYhA9ygoVzOQJw8M=,SLtbIssF4uHa2miPoDgXBYNWFbc=
-26,-62,tZsXt704jPIKYhA9ygoVzOQJw8M=,SLtbIssF4uHa2miPoDgXBYNWFbc=
-24,-56,tZsXt704jPIKYhA9ygoVzOQJw8M=,SLtbIssF4uHa2miPoDgXBYNWFbc=
-22,-64,tZsXt704jPIKYhA9ygoVzOQJw8M=,SLtbIssF4uHa2miPoDgXBYNWFbc=
-23,-56,tZsXt704jPIKYhA9ygoVzOQJw8M=,SLtbIssF4uHa2miPoDgXBYNWFbc=
-22,-56,tZsXt704jPIKYhA9ygoVzOQJw8M=,SLtbIssF4uHa2miPoDgXBYNWFbc=
-21,-56,tZsXt704jPIKYhA9ygoVzOQJw8M=,SLtbIssF4uHa2miPoDgXBYNWFbc=
-20,-56,tZsXt704jPIKYhA9ygoVzOQJw8M=,SLtbIssF4uHa2miPoDgXBYNWFbc=
-19,-56,tZsXt704jPIKYhA9ygoVzOQJw8M=,SLtbIssF4uHa2miPoDgXBYNWFbc=
-18,-56,tZsXt704jPIKYhA9ygoVzOQJw8M=,SLtbIssF4uHa2miPoDgXBYNWFbc=
-17,-56,tZsXt704jPIKYhA9ygoVzOQJw8M=,SLtbIssF4uHa2miPoDgXBYNWFbc=
-32,-55,tZsXt704jPIKYhA9ygoVzOQJw8M=,SLtbIssF4uHa2miPoDgXBYNWFbc=
-31,-55,tZsXt704jPIKYhA9ygoVzOQJw8M=,SLtbIssF4uHa2miPoDgXBYNWFbc=
-30,-55,tZsXt704jPIKYhA9ygoVzOQJw8M=,SLtbIssF4uHa2miPoDgXBYNWFbc=
-29,-55,tZsXt704jPIKYhA9ygoVzOQJw8M=,SLtbIssF4uHa2miPoDgXBYNWFbc=
-28,-55,tZsXt704jPIKYhA9ygoVzOQJw8M=,SLtbIssF4uHa2miPoDgXBYNWFbc=
-27,-55,tZsXt704jPIKYhA9ygoVzOQJw8M=,SLtbIssF4uHa2miPoDgXBYNWFbc=
-26,-55,tZsXt704jPIKYhA9ygoVzOQJw8M=,SLtbIssF4uHa2miPoDgXBYNWFbc=
-25,-55,tZsXt704jPIKYhA9ygoVzOQJw8M=,SLtbIssF4uHa2miPoDgXBYNWFbc=
-24,-55,tZsXt704jPIKYhA9ygoVzOQJw8M=,SLtbIssF4uHa2miPoDgXBYNWFbc=
-25,-62,tZsXt704jPIKYhA9ygoVzOQJw8M=,SLtbIssF4uHa2miPoDgXBYNWFbc=
-21,-64,tZsXt704jPIKYhA9ygoVzOQJw8M=,SLtbIssF4uHa2miPoDgXBYNWFbc=
-23,-55,tZsXt704jPIKYhA9ygoVzOQJw8M=,SLtbIssF4uHa2miPoDgXBYNWFbc=
-22,-55,tZsXt704jPIKYhA9ygoVzOQJw8M=,SLtbIssF4uHa2miPoDgXBYNWFbc=
-21,-55,tZsXt704jPIKYhA9ygoVzOQJw8M=,SLtbIssF4uHa2miPoDgXBYNWFbc=
-20,-55,tZsXt704jPIKYhA9ygoVzOQJw8M=,SLtbIssF4uHa2miPoDgXBYNWFbc=
-19,-55,tZsXt704jPIKYhA9ygoVzOQJw8M=,SLtbIssF4uHa2miPoDgXBYNWFbc=
-18,-55,tZsXt704jPIKYhA9ygoVzOQJw8M=,SLtbIssF4uHa2miPoDgXBYNWFbc=
-17,-55,tZsXt704jPIKYhA9ygoVzOQJw8M=,SLtbIssF4uHa2miPoDgXBYNWFbc=
-32,-54,tZsXt704jPIKYhA9ygoVzOQJw8M=,SLtbIssF4uHa2miPoDgXBYNWFbc=
-31,-54,tZsXt704jPIKYhA9ygoVzOQJw8M=,SLtbIssF4uHa2miPoDgXBYNWFbc=
-30,-54,tZsXt704jPIKYhA9ygoVzOQJw8M=,SLtbIssF4uHa2miPoDgXBYNWFbc=
-29,-54,tZsXt704jPIKYhA9ygoVzOQJw8M=,SLtbIssF4uHa2miPoDgXBYNWFbc=
-28,-54,tZsXt704jPIKYhA9ygoVzOQJw8M=,SLtbIssF4uHa2miPoDgXBYNWFbc=
-27,-54,tZsXt704jPIKYhA9ygoVzOQJw8M=,SLtbIssF4uHa2miPoDgXBYNWFbc=
-26,-54,tZsXt704jPIKYhA9ygoVzOQJw8M=,SLtbIssF4uHa2miPoDgXBYNWFbc=
-25,-54,tZsXt704jPIKYhA9ygoVzOQJw8M=,SLtbIssF4uHa2miPoDgXBYNWFbc=
-24,-54,tZsXt704jPIKYhA9ygoVzOQJw8M=,SLtbIssF4uHa2miPoDgXBYNWFbc=
-23,-54,tZsXt704jPIKYhA9ygoVzOQJw8M=,SLtbIssF4uHa2miPoDgXBYNWFbc=
-24,-62,tZsXt704jPIKYhA9ygoVzOQJw8M=,SLtbIssF4uHa2miPoDgXBYNWFbc=
-20,-64,tZsXt704jPIKYhA9ygoVzOQJw8M=,SLtbIssF4uHa2miPoDgXBYNWFbc=
-22,-54,tZsXt704jPIKYhA9ygoVzOQJw8M=,SLtbIssF4uHa2miPoDgXBYNWFbc=
-21,-54,tZsXt704jPIKYhA9ygoVzOQJw8M=,SLtbIssF4uHa2miPoDgXBYNWFbc=
-20,-54,tZsXt704jPIKYhA9ygoVzOQJw8M=,SLtbIssF4uHa2miPoDgXBYNWFbc=
-19,-54,tZsXt704jPIKYhA9ygoVzOQJw8M=,SLtbIssF4uHa2miPoDgXBYNWFbc=
-18,-54,tZsXt704jPIKYhA9ygoVzOQJw8M=,SLtbIssF4uHa2miPoDgXBYNWFbc=
-17,-54,tZsXt704jPIKYhA9ygoVzOQJw8M=,SLtbIssF4uHa2miPoDgXBYNWFbc=
-32,-53,tZsXt704jPIKYhA9ygoVzOQJw8M=,SLtbIssF4uHa2miPoDgXBYNWFbc=
-31,-53,tZsXt704jPIKYhA9ygoVzOQJw8M=,SLtbIssF4uHa2miPoDgXBYNWFbc=
-30,-53,tZsXt704jPIKYhA9ygoVzOQJw8M=,SLtbIssF4uHa2miPoDgXBYNWFbc=
-29,-53,tZsXt704jPIKYhA9ygoVzOQJw8M=,SLtbIssF4uHa2miPoDgXBYNWFbc=
-28,-53,tZsXt704jPIKYhA9ygoVzOQJw8M=,SLtbIssF4uHa2miPoDgXBYNWFbc=
-27,-53,tZsXt704jPIKYhA9ygoVzOQJw8M=,SLtbIssF4uHa2miPoDgXBYNWFbc=
-26,-53,tZsXt704jPIKYhA9ygoVzOQJw8M=,SLtbIssF4uHa2miPoDgXBYNWFbc=
-25,-53,tZsXt704jPIKYhA9ygoVzOQJw8M=,SLtbIssF4uHa2miPoDgXBYNWFbc=
-24,-53,tZsXt704jPIKYhA9ygoVzOQJw8M=,SLtbIssF4uHa2miPoDgXBYNWFbc=
-23,-53,tZsXt704jPIKYhA9ygoVzOQJw8M=,SLtbIssF4uHa2miPoDgXBYNWFbc=
-22,-53,tZsXt704jPIKYhA9ygoVzOQJw8M=,SLtbIssF4uHa2miPoDgXBYNWFbc=
-23,-62,tZsXt704jPIKYhA9ygoVzOQJw8M=,SLtbIssF4uHa2miPoDgXBYNWFbc=
-19,-64,tZsXt704jPIKYhA9ygoVzOQJw8M=,SLtbIssF4uHa2miPoDgXBYNWFbc=
-21,-53,tZsXt704jPIKYhA9ygoVzOQJw8M=,SLtbIssF4uHa2miPoDgXBYNWFbc=
-20,-53,tZsXt704jPIKYhA9ygoVzOQJw8M=,SLtbIssF4uHa2miPoDgXBYNWFbc=
-19,-53,tZsXt704jPIKYhA9ygoVzOQJw8M=,SLtbIssF4uHa2miPoDgXBYNWFbc=
-18,-53,tZsXt704jPIKYhA9ygoVzOQJw8M=,SLtbIssF4uHa2miPoDgXBYNWFbc=
-17,-53,tZsXt704jPIKYhA9ygoVzOQJw8M=,SLtbIssF4uHa2miPoDgXBYNWFbc=
-32,-52,tZsXt704jPIKYhA9ygoVzOQJw8M=,SLtbIssF4uHa2miPoDgXBYNWFbc=
-31,-52,tZsXt704jPIKYhA9ygoVzOQJw8M=,SLtbIssF4uHa2miPoDgXBYNWFbc=
-30,-52,tZsXt704jPIKYhA9ygoVzOQJw8M=,SLtbIssF4uHa2miPoDgXBYNWFbc=
-29,-52,tZsXt704jPIKYhA9ygoVzOQJw8M=,SLtbIssF4uHa2miPoDgXBYNWFbc=
-28,-52,tZsXt704jPIKYhA9ygoVzOQJw8M=,SLtbIssF4uHa2miPoDgXBYNWFbc=
-27,-52,tZsXt704jPIKYhA9ygoVzOQJw8M=,SLtbIssF4uHa2miPoDgXBYNWFbc=
-26,-52,tZsXt704jPIKYhA9ygoVzOQJw8M=,SLtbIssF4uHa2miPoDgXBYNWFbc=
-25,-52,tZsXt704jPIKYhA9ygoVzOQJw8M=,SLtbIssF4uHa2miPoDgXBYNWFbc=
-24,-52,tZsXt704jPIKYhA9ygoVzOQJw8M=,SLtbIssF4uHa2miPoDgXBYNWFbc=
-23,-52,tZsXt704jPIKYhA9ygoVzOQJw8M=,SLtbIssF4uHa2miPoDgXBYNWFbc=
-22,-52,tZsXt704jPIKYhA9ygoVzOQJw8M=,SLtbIssF4uHa2miPoDgXBYNWFbc=
-21,-52,tZsXt704jPIKYhA9ygoVzOQJw8M=,SLtbIssF4uHa2miPoDgXBYNWFbc=
-22,-62,tZsXt704jPIKYhA9ygoVzOQJw8M=,SLtbIssF4uHa2miPoDgXBYNWFbc=
-18,-64,tZsXt704jPIKYhA9ygoVzOQJw8M=,SLtbIssF4uHa2miPoDgXBYNWFbc=
-20,-52,tZsXt704jPIKYhA9ygoVzOQJw8M=,SLtbIssF4uHa2miPoDgXBYNWFbc=
-19,-52,tZsXt704jPIKYhA9ygoVzOQJw8M=,SLtbIssF4uHa2miPoDgXBYNWFbc=
-18,-52,tZsXt704jPIKYhA9ygoVzOQJw8M=,SLtbIssF4uHa2miPoDgXBYNWFbc=
-17,-52,tZsXt704jPIKYhA9ygoVzOQJw8M=,SLtbIssF4uHa2miPoDgXBYNWFbc=
-31,-64,tZsXt704jPIKYhA9ygoVzOQJw8M=,SLtbIssF4uHa2miPoDgXBYNWFbc=
-32,-51,tZsXt704jPIKYhA9ygoVzOQJw8M=,SLtbIssF4uHa2miPoDgXBYNWFbc=
-31,-51,tZsXt704jPIKYhA9ygoVzOQJw8M=,SLtbIssF4uHa2miPoDgXBYNWFbc=
-30,-51,tZsXt704jPIKYhA9ygoVzOQJw8M=,SLtbIssF4uHa2miPoDgXBYNWFbc=
-29,-51,tZsXt704jPIKYhA9ygoVzOQJw8M=,SLtbIssF4uHa2miPoDgXBYNWFbc=
-28,-51,tZsXt704jPIKYhA9ygoVzOQJw8M=,SLtbIssF4uHa2miPoDgXBYNWFbc=
-27,-51,tZsXt704jPIKYhA9ygoVzOQJw8M=,SLtbIssF4uHa2miPoDgXBYNWFbc=
-26,-51,tZsXt704jPIKYhA9ygoVzOQJw8M=,SLtbIssF4uHa2miPoDgXBYNWFbc=
-25,-51,tZsXt704jPIKYhA9ygoVzOQJw8M=,SLtbIssF4uHa2miPoDgXBYNWFbc=
-24,-51,tZsXt704jPIKYhA9ygoVzOQJw8M=,SLtbIssF4uHa2miPoDgXBYNWFbc=
-23,-51,tZsXt704jPIKYhA9ygoVzOQJw8M=,SLtbIssF4uHa2miPoDgXBYNWFbc=
-22,-51,tZsXt704jPIKYhA9ygoVzOQJw8M=,SLtbIssF4uHa2miPoDgXBYNWFbc=
-21,-51,tZsXt704jPIKYhA9ygoVzOQJw8M=,SLtbIssF4uHa2miPoDgXBYNWFbc=
-20,-51,tZsXt704jPIKYhA9ygoVzOQJw8M=,SLtbIssF4uHa2miPoDgXBYNWFbc=
-21,-62,tZsXt704jPIKYhA9ygoVzOQJw8M=,SLtbIssF4uHa2miPoDgXBYNWFbc=
-17,-64,tZsXt704jPIKYhA9ygoVzOQJw8M=,SLtbIssF4uHa2miPoDgXBYNWFbc=
-19,-51,tZsXt704jPIKYhA9ygoVzOQJw8M=,SLtbIssF4uHa2miPoDgXBYNWFbc=
-18,-51,tZsXt704jPIKYhA9ygoVzOQJw8M=,SLtbIssF4uHa2miPoDgXBYNWFbc=
-32,-63,tZsXt704jPIKYhA9ygoVzOQJw8M=,SLtbIssF4uHa2miPoDgXBYNWFbc=
-17,-51,tZsXt704jPIKYhA9ygoVzOQJw8M=,SLtbIssF4uHa2miPoDgXBYNWFbc=
-32,-50,tZsXt704jPIKYhA9ygoVzOQJw8M=,SLtbIssF4uHa2miPoDgXBYNWFbc=
-31,-50,tZsXt704jPIKYhA9ygoVzOQJw8M=,SLtbIssF4uHa2miPoDgXBYNWFbc=
-30,-50,tZsXt704jPIKYhA9ygoVzOQJw8M=,SLtbIssF4uHa2miPoDgXBYNWFbc=
-29,-50,tZsXt704jPIKYhA9ygoVzOQJw8M=,SLtbIssF4uHa2miPoDgXBYNWFbc=
-28,-50,tZsXt704jPIKYhA9ygoVzOQJw8M=,SLtbIssF4uHa2miPoDgXBYNWFbc=
-27,-50,tZsXt704jPIKYhA9ygoVzOQJw8M=,SLtbIssF4uHa2miPoDgXBYNWFbc=
-26,-50,tZsXt704jPIKYhA9ygoVzOQJw8M=,SLtbIssF4uHa2miPoDgXBYNWFbc=
-25,-50,tZsXt704jPIKYhA9ygoVzOQJw8M=,SLtbIssF4uHa2miPoDgXBYNWFbc=
-24,-50,tZsXt704jPIKYhA9ygoVzOQJw8M=,SLtbIssF4uHa2miPoDgXBYNWFbc=
-23,-50,tZsXt704jPIKYhA9ygoVzOQJw8M=,SLtbIssF4uHa2miPoDgXBYNWFbc=
-22,-50,tZsXt704jPIKYhA9ygoVzOQJw8M=,SLtbIssF4uHa2miPoDgXBYNWFbc=
-21,-50,tZsXt704jPIKYhA9ygoVzOQJw8M=,SLtbIssF4uHa2miPoDgXBYNWFbc=
-20,-50,tZsXt704jPIKYhA9ygoVzOQJw8M=,SLtbIssF4uHa2miPoDgXBYNWFbc=
-19,-50,tZsXt704jPIKYhA9ygoVzOQJw8M=,SLtbIssF4uHa2miPoDgXBYNWFbc=
-20,-62,tZsXt704jPIKYhA9ygoVzOQJw8M=,SLtbIssF4uHa2miPoDgXBYNWFbc=
-30,-64,tZsXt704jPIKYhA9ygoVzOQJw8M=,SLtbIssF4uHa2miPoDgXBYNWFbc=
-18,-50,tZsXt704jPIKYhA9ygoVzOQJw8M=,SLtbIssF4uHa2miPoDgXBYNWFbc=
-30,-63,tZsXt704jPIKYhA9ygoVzOQJw8M=,SLtbIssF4uHa2miPoDgXBYNWFbc=
-29,-63,tZsXt704jPIKYhA9ygoVzOQJw8M=,SLtbIssF4uHa2miPoDgXBYNWFbc=
-28,-63,tZsXt704jPIKYhA9ygoVzOQJw8M=,SLtbIssF4uHa2miPoDgXBYNWFbc=
-27,-63,tZsXt704jPIKYhA9ygoVzOQJw8M=,SLtbIssF4uHa2miPoDgXBYNWFbc=
-26,-63,tZsXt704jPIKYhA9ygoVzOQJw8M=,SLtbIssF4uHa2miPoDgXBYNWFbc=
-25,-63,tZsXt704jPIKYhA9ygoVzOQJw8M=,SLtbIssF4uHa2miPoDgXBYNWFbc=
-17,-50,tZsXt704jPIKYhA9ygoVzOQJw8M=,SLtbIssF4uHa2miPoDgXBYNWFbc=
-24,-63,tZsXt704jPIKYhA9ygoVzOQJw8M=,SLtbIssF4uHa2miPoDgXBYNWFbc=
-23,-63,tZsXt704jPIKYhA9ygoVzOQJw8M=,SLtbIssF4uHa2miPoDgXBYNWFbc=
-22,-63,tZsXt704jPIKYhA9ygoVzOQJw8M=,SLtbIssF4uHa2miPoDgXBYNWFbc=
-21,-63,tZsXt704jPIKYhA9ygoVzOQJw8M=,SLtbIssF4uHa2miPoDgXBYNWFbc=
-20,-63,tZsXt704jPIKYhA9ygoVzOQJw8M=,SLtbIssF4uHa2miPoDgXBYNWFbc=
-19,-63,tZsXt704jPIKYhA9ygoVzOQJw8M=,SLtbIssF4uHa2miPoDgXBYNWFbc=
-18,-63,tZsXt704jPIKYhA9ygoVzOQJw8M=,SLtbIssF4uHa2miPoDgXBYNWFbc=
-32,-49,tZsXt704jPIKYhA9ygoVzOQJw8M=,SLtbIssF4uHa2miPoDgXBYNWFbc=
-31,-63,tZsXt704jPIKYhA9ygoVzOQJw8M=,SLtbIssF4uHa2miPoDgXBYNWFbc=
-31,-49,tZsXt704jPIKYhA9ygoVzOQJw8M=,SLtbIssF4uHa2miPoDgXBYNWFbc=
-17,-63,tZsXt704jPIKYhA9ygoVzOQJw8M=,SLtbIssF4uHa2miPoDgXBYNWFbc=
-30,-49,tZsXt704jPIKYhA9ygoVzOQJw8M=,SLtbIssF4uHa2miPoDgXBYNWFbc=
-29,-49,tZsXt704jPIKYhA9ygoVzOQJw8M=,SLtbIssF4uHa2miPoDgXBYNWFbc=
-28,-49,tZsXt704jPIKYhA9ygoVzOQJw8M=,SLtbIssF4uHa2miPoDgXBYNWFbc=
-27,-49,tZsXt704jPIKYhA9ygoVzOQJw8M=,SLtbIssF4uHa2miPoDgXBYNWFbc=
-26,-49,tZsXt704jPIKYhA9ygoVzOQJw8M=,SLtbIssF4uHa2miPoDgXBYNWFbc=
-25,-49,tZsXt704jPIKYhA9ygoVzOQJw8M=,SLtbIssF4uHa2miPoDgXBYNWFbc=
-24,-49,tZsXt704jPIKYhA9ygoVzOQJw8M=,SLtbIssF4uHa2miPoDgXBYNWFbc=
-23,-49,tZsXt704jPIKYhA9ygoVzOQJw8M=,SLtbIssF4uHa2miPoDgXBYNWFbc=
-22,-49,tZsXt704jPIKYhA9ygoVzOQJw8M=,SLtbIssF4uHa2miPoDgXBYNWFbc=
-19,-62,tZsXt704jPIKYhA9ygoVzOQJw8M=,SLtbIssF4uHa2miPoDgXBYNWFbc=
-29,-64,tZsXt704jPIKYhA9ygoVzOQJw8M=,SLtbIssF4uHa2miPoDgXBYNWFbc=
-21,-49,tZsXt704jPIKYhA9ygoVzOQJw8M=,SLtbIssF4uHa2miPoDgXBYNWFbc=
-20,-49,tZsXt704jPIKYhA9ygoVzOQJw8M=,SLtbIssF4uHa2miPoDgXBYNWFbc=
-19,-49,tZsXt704jPIKYhA9ygoVzOQJw8M=,SLtbIssF4uHa2miPoDgXBYNWFbc=
-18,-49,tZsXt704jPIKYhA9ygoVzOQJw8M=,SLtbIssF4uHa2miPoDgXBYNWFbc=
-17,-33,zMJ6Yck5eWnfwoha6/dmXJ/iOm0=,Jev6EdNHI0VhERQi2UdnfyHerjg=
-18,-46,zMJ6Yck5eWnfwoha6/dmXJ/iOm0=,Jev6EdNHI0VhERQi2UdnfyHerjg=
-17,-46,zMJ6Yck5eWnfwoha6/dmXJ/iOm0=,Jev6EdNHI0VhERQi2UdnfyHerjg=
-32,-45,zMJ6Yck5eWnfwoha6/dmXJ/iOm0=,Jev6EdNHI0VhERQi2UdnfyHerjg=
-18,-33,zMJ6Yck5eWnfwoha6/dmXJ/iOm0=,Jev6EdNHI0VhERQi2UdnfyHerjg=
-31,-45,zMJ6Yck5eWnfwoha6/dmXJ/iOm0=,Jev6EdNHI0VhERQi2UdnfyHerjg=
-19,-33,zMJ6Yck5eWnfwoha6/dmXJ/iOm0=,Jev6EdNHI0VhERQi2UdnfyHerjg=
-20,-33,zMJ6Yck5eWnfwoha6/dmXJ/iOm0=,Jev6EdNHI0VhERQi2UdnfyHerjg=
-21,-33,zMJ6Yck5eWnfwoha6/dmXJ/iOm0=,Jev6EdNHI0VhERQi2UdnfyHerjg=
-30,-45,zMJ6Yck5eWnfwoha6/dmXJ/iOm0=,Jev6EdNHI0VhERQi2UdnfyHerjg=
-19,-46,zMJ6Yck5eWnfwoha6/dmXJ/iOm0=,Jev6EdNHI0VhERQi2UdnfyHerjg=
-29,-48,zMJ6Yck5eWnfwoha6/dmXJ/iOm0=,Jev6EdNHI0VhERQi2UdnfyHerjg=
-22,-33,zMJ6Yck5eWnfwoha6/dmXJ/iOm0=,Jev6EdNHI0VhERQi2UdnfyHerjg=
-23,-33,zMJ6Yck5eWnfwoha6/dmXJ/iOm0=,Jev6EdNHI0VhERQi2UdnfyHerjg=
-24,-33,zMJ6Yck5eWnfwoha6/dmXJ/iOm0=,Jev6EdNHI0VhERQi2UdnfyHerjg=
-32,-46,zMJ6Yck5eWnfwoha6/dmXJ/iOm0=,Jev6EdNHI0VhERQi2UdnfyHerjg=
-25,-33,zMJ6Yck5eWnfwoha6/dmXJ/iOm0=,Jev6EdNHI0VhERQi2UdnfyHerjg=
-28,-48,zMJ6Yck5eWnfwoha6/dmXJ/iOm0=,Jev6EdNHI0VhERQi2UdnfyHerjg=
-29,-45,zMJ6Yck5eWnfwoha6/dmXJ/iOm0=,Jev6EdNHI0VhERQi2UdnfyHerjg=
-26,-33,zMJ6Yck5eWnfwoha6/dmXJ/iOm0=,Jev6EdNHI0VhERQi2UdnfyHerjg=
-28,-45,zMJ6Yck5eWnfwoha6/dmXJ/iOm0=,Jev6EdNHI0VhERQi2UdnfyHerjg=
-27,-45,zMJ6Yck5eWnfwoha6/dmXJ/iOm0=,Jev6EdNHI0VhERQi2UdnfyHerjg=
-26,-45,zMJ6Yck5eWnfwoha6/dmXJ/iOm0=,Jev6EdNHI0VhERQi2UdnfyHerjg=
-25,-45,zMJ6Yck5eWnfwoha6/dmXJ/iOm0=,Jev6EdNHI0VhERQi2UdnfyHerjg=
-24,-45,zMJ6Yck5eWnfwoha6/dmXJ/iOm0=,Jev6EdNHI0VhERQi2UdnfyHerjg=
-32,-48,zMJ6Yck5eWnfwoha6/dmXJ/iOm0=,Jev6EdNHI0VhERQi2UdnfyHerjg=
-27,-33,zMJ6Yck5eWnfwoha6/dmXJ/iOm0=,Jev6EdNHI0VhERQi2UdnfyHerjg=
-23,-45,zMJ6Yck5eWnfwoha6/dmXJ/iOm0=,Jev6EdNHI0VhERQi2UdnfyHerjg=
-22,-45,zMJ6Yck5eWnfwoha6/dmXJ/iOm0=,Jev6EdNHI0VhERQi2UdnfyHerjg=
-21,-45,zMJ6Yck5eWnfwoha6/dmXJ/iOm0=,Jev6EdNHI0VhERQi2UdnfyHerjg=
-20,-45,zMJ6Yck5eWnfwoha6/dmXJ/iOm0=,Jev6EdNHI0VhERQi2UdnfyHerjg=
-28,-33,zMJ6Yck5eWnfwoha6/dmXJ/iOm0=,Jev6EdNHI0VhERQi2UdnfyHerjg=
-19,-45,zMJ6Yck5eWnfwoha6/dmXJ/iOm0=,Jev6EdNHI0VhERQi2UdnfyHerjg=
-18,-45,zMJ6Yck5eWnfwoha6/dmXJ/iOm0=,Jev6EdNHI0VhERQi2UdnfyHerjg=
-29,-33,zMJ6Yck5eWnfwoha6/dmXJ/iOm0=,Jev6EdNHI0VhERQi2UdnfyHerjg=
-30,-33,zMJ6Yck5eWnfwoha6/dmXJ/iOm0=,Jev6EdNHI0VhERQi2UdnfyHerjg=
-31,-46,zMJ6Yck5eWnfwoha6/dmXJ/iOm0=,Jev6EdNHI0VhERQi2UdnfyHerjg=
-31,-33,zMJ6Yck5eWnfwoha6/dmXJ/iOm0=,Jev6EdNHI0VhERQi2UdnfyHerjg=
-17,-45,zMJ6Yck5eWnfwoha6/dmXJ/iOm0=,Jev6EdNHI0VhERQi2UdnfyHerjg=
-31,-47,zMJ6Yck5eWnfwoha6/dmXJ/iOm0=,Jev6EdNHI0VhERQi2UdnfyHerjg=
-32,-44,zMJ6Yck5eWnfwoha6/dmXJ/iOm0=,Jev6EdNHI0VhERQi2UdnfyHerjg=
-31,-44,zMJ6Yck5eWnfwoha6/dmXJ/iOm0=,Jev6EdNHI0VhERQi2UdnfyHerjg=
-30,-44,zMJ6Yck5eWnfwoha6/dmXJ/iOm0=,Jev6EdNHI0VhERQi2UdnfyHerjg=
-17,-47,zMJ6Yck5eWnfwoha6/dmXJ/iOm0=,Jev6EdNHI0VhERQi2UdnfyHerjg=
-29,-44,zMJ6Yck5eWnfwoha6/dmXJ/iOm0=,Jev6EdNHI0VhERQi2UdnfyHerjg=
-30,-46,zMJ6Yck5eWnfwoha6/dmXJ/iOm0=,Jev6EdNHI0VhERQi2UdnfyHerjg=
-27,-48,zMJ6Yck5eWnfwoha6/dmXJ/iOm0=,Jev6EdNHI0VhERQi2UdnfyHerjg=
-28,-44,zMJ6Yck5eWnfwoha6/dmXJ/iOm0=,Jev6EdNHI0VhERQi2UdnfyHerjg=
-27,-44,zMJ6Yck5eWnfwoha6/dmXJ/iOm0=,Jev6EdNHI0VhERQi2UdnfyHerjg=
-26,-44,zMJ6Yck5eWnfwoha6/dmXJ/iOm0=,Jev6EdNHI0VhERQi2UdnfyHerjg=
-25,-44,zMJ6Yck5eWnfwoha6/dmXJ/iOm0=,Jev6EdNHI0VhERQi2UdnfyHerjg=
-24,-44,zMJ6Yck5eWnfwoha6/dmXJ/iOm0=,Jev6EdNHI0VhERQi2UdnfyHerjg=
-23,-44,zMJ6Yck5eWnfwoha6/dmXJ/iOm0=,Jev6EdNHI0VhERQi2UdnfyHerjg=
-22,-44,zMJ6Yck5eWnfwoha6/dmXJ/iOm0=,Jev6EdNHI0VhERQi2UdnfyHerjg=
-21,-44,zMJ6Yck5eWnfwoha6/dmXJ/iOm0=,Jev6EdNHI0VhERQi2UdnfyHerjg=
-20,-44,zMJ6Yck5eWnfwoha6/dmXJ/iOm0=,Jev6EdNHI0VhERQi2UdnfyHerjg=
-19,-44,zMJ6Yck5eWnfwoha6/dmXJ/iOm0=,Jev6EdNHI0VhERQi2UdnfyHerjg=
-18,-44,zMJ6Yck5eWnfwoha6/dmXJ/iOm0=,Jev6EdNHI0VhERQi2UdnfyHerjg=
-26,-48,zMJ6Yck5eWnfwoha6/dmXJ/iOm0=,Jev6EdNHI0VhERQi2UdnfyHerjg=
-17,-44,zMJ6Yck5eWnfwoha6/dmXJ/iOm0=,Jev6EdNHI0VhERQi2UdnfyHerjg=
-32,-43,zMJ6Yck5eWnfwoha6/dmXJ/iOm0=,Jev6EdNHI0VhERQi2UdnfyHerjg=
-31,-43,zMJ6Yck5eWnfwoha6/dmXJ/iOm0=,Jev6EdNHI0VhERQi2UdnfyHerjg=
-30,-43,zMJ6Yck5eWnfwoha6/dmXJ/iOm0=,Jev6EdNHI0VhERQi2UdnfyHerjg=
-29,-43,zMJ6Yck5eWnfwoha6/dmXJ/iOm0=,Jev6EdNHI0VhERQi2UdnfyHerjg=
-28,-43,zMJ6Yck5eWnfwoha6/dmXJ/iOm0=,Jev6EdNHI0VhERQi2UdnfyHerjg=
-29,-46,zMJ6Yck5eWnfwoha6/dmXJ/iOm0=,Jev6EdNHI0VhERQi2UdnfyHerjg=
-25,-48,zMJ6Yck5eWnfwoha6/dmXJ/iOm0=,Jev6EdNHI0VhERQi2UdnfyHerjg=
-27,-43,zMJ6Yck5eWnfwoha6/dmXJ/iOm0=,Jev6EdNHI0VhERQi2UdnfyHerjg=
-26,-43,zMJ6Yck5eWnfwoha6/dmXJ/iOm0=,Jev6EdNHI0VhERQi2UdnfyHerjg=
-25,-43,zMJ6Yck5eWnfwoha6/dmXJ/iOm0=,Jev6EdNHI0VhERQi2UdnfyHerjg=
-24,-43,zMJ6Yck5eWnfwoha6/dmXJ/iOm0=,Jev6EdNHI0VhERQi2UdnfyHerjg=
-23,-43,zMJ6Yck5eWnfwoha6/dmXJ/iOm0=,Jev6EdNHI0VhERQi2UdnfyHerjg=
-22,-43,zMJ6Yck5eWnfwoha6/dmXJ/iOm0=,Jev6EdNHI0VhERQi2UdnfyHerjg=
-21,-43,zMJ6Yck5eWnfwoha6/dmXJ/iOm0=,Jev6EdNHI0VhERQi2UdnfyHerjg=
-20,-43,zMJ6Yck5eWnfwoha6/dmXJ/iOm0=,Jev6EdNHI0VhERQi2UdnfyHerjg=
-19,-43,zMJ6Yck5eWnfwoha6/dmXJ/iOm0=,Jev6EdNHI0VhERQi2UdnfyHerjg=
-18,-43,zMJ6Yck5eWnfwoha6/dmXJ/iOm0=,Jev6EdNHI0VhERQi2UdnfyHerjg=
-17,-43,zMJ6Yck5eWnfwoha6/dmXJ/iOm0=,Jev6EdNHI0VhERQi2UdnfyHerjg=
-32,-42,zMJ6Yck5eWnfwoha6/dmXJ/iOm0=,Jev6EdNHI0VhERQi2UdnfyHerjg=
-31,-42,zMJ6Yck5eWnfwoha6/dmXJ/iOm0=,Jev6EdNHI0VhERQi2UdnfyHerjg=
-30,-42,zMJ6Yck5eWnfwoha6/dmXJ/iOm0=,Jev6EdNHI0VhERQi2UdnfyHerjg=
-29,-42,zMJ6Yck5eWnfwoha6/dmXJ/iOm0=,Jev6EdNHI0VhERQi2UdnfyHerjg=
-28,-42,zMJ6Yck5eWnfwoha6/dmXJ/iOm0=,Jev6EdNHI0VhERQi2UdnfyHerjg=
-27,-42,zMJ6Yck5eWnfwoha6/dmXJ/iOm0=,Jev6EdNHI0VhERQi2UdnfyHerjg=
-28,-46,zMJ6Yck5eWnfwoha6/dmXJ/iOm0=,Jev6EdNHI0VhERQi2UdnfyHerjg=
-24,-48,zMJ6Yck5eWnfwoha6/dmXJ/iOm0=,Jev6EdNHI0VhERQi2UdnfyHerjg=
-26,-42,zMJ6Yck5eWnfwoha6/dmXJ/iOm0=,Jev6EdNHI0VhERQi2UdnfyHerjg=
-25,-42,zMJ6Yck5eWnfwoha6/dmXJ/iOm0=,Jev6EdNHI0VhERQi2UdnfyHerjg=
-24,-42,zMJ6Yck5eWnfwoha6/dmXJ/iOm0=,Jev6EdNHI0VhERQi2UdnfyHerjg=
-23,-42,zMJ6Yck5eWnfwoha6/dmXJ/iOm0=,Jev6EdNHI0VhERQi2UdnfyHerjg=
-22,-42,zMJ6Yck5eWnfwoha6/dmXJ/iOm0=,Jev6EdNHI0VhERQi2UdnfyHerjg=
-21,-42,zMJ6Yck5eWnfwoha6/dmXJ/iOm0=,Jev6EdNHI0VhERQi2UdnfyHerjg=
-20,-42,zMJ6Yck5eWnfwoha6/dmXJ/iOm0=,Jev6EdNHI0VhERQi2UdnfyHerjg=
-19,-42,zMJ6Yck5eWnfwoha6/dmXJ/iOm0=,Jev6EdNHI0VhERQi2UdnfyHerjg=
-18,-42,zMJ6Yck5eWnfwoha6/dmXJ/iOm0=,Jev6EdNHI0VhERQi2UdnfyHerjg=
-17,-42,zMJ6Yck5eWnfwoha6/dmXJ/iOm0=,Jev6EdNHI0VhERQi2UdnfyHerjg=
-32,-41,zMJ6Yck5eWnfwoha6/dmXJ/iOm0=,Jev6EdNHI0VhERQi2UdnfyHerjg=
-31,-41,zMJ6Yck5eWnfwoha6/dmXJ/iOm0=,Jev6EdNHI0VhERQi2UdnfyHerjg=
-30,-41,zMJ6Yck5eWnfwoha6/dmXJ/iOm0=,Jev6EdNHI0VhERQi2UdnfyHerjg=
-29,-41,zMJ6Yck5eWnfwoha6/dmXJ/iOm0=,Jev6EdNHI0VhERQi2UdnfyHerjg=
-28,-41,zMJ6Yck5eWnfwoha6/dmXJ/iOm0=,Jev6EdNHI0VhERQi2UdnfyHerjg=
-27,-41,zMJ6Yck5eWnfwoha6/dmXJ/iOm0=,Jev6EdNHI0VhERQi2UdnfyHerjg=
-26,-41,zMJ6Yck5eWnfwoha6/dmXJ/iOm0=,Jev6EdNHI0VhERQi2UdnfyHerjg=
-27,-46,zMJ6Yck5eWnfwoha6/dmXJ/iOm0=,Jev6EdNHI0VhERQi2UdnfyHerjg=
-23,-48,zMJ6Yck5eWnfwoha6/dmXJ/iOm0=,Jev6EdNHI0VhERQi2UdnfyHerjg=
-25,-41,zMJ6Yck5eWnfwoha6/dmXJ/iOm0=,Jev6EdNHI0VhERQi2UdnfyHerjg=
-24,-41,zMJ6Yck5eWnfwoha6/dmXJ/iOm0=,Jev6EdNHI0VhERQi2UdnfyHerjg=
-23,-41,zMJ6Yck5eWnfwoha6/dmXJ/iOm0=,Jev6EdNHI0VhERQi2UdnfyHerjg=
-22,-41,zMJ6Yck5eWnfwoha6/dmXJ/iOm0=,Jev6EdNHI0VhERQi2UdnfyHerjg=
-21,-41,zMJ6Yck5eWnfwoha6/dmXJ/iOm0=,Jev6EdNHI0VhERQi2UdnfyHerjg=
-20,-41,zMJ6Yck5eWnfwoha6/dmXJ/iOm0=,Jev6EdNHI0VhERQi2UdnfyHerjg=
-19,-41,zMJ6Yck5eWnfwoha6/dmXJ/iOm0=,Jev6EdNHI0VhERQi2UdnfyHerjg=
-18,-41,zMJ6Yck5eWnfwoha6/dmXJ/iOm0=,Jev6EdNHI0VhERQi2UdnfyHerjg=
-17,-41,zMJ6Yck5eWnfwoha6/dmXJ/iOm0=,Jev6EdNHI0VhERQi2UdnfyHerjg=
-32,-40,zMJ6Yck5eWnfwoha6/dmXJ/iOm0=,Jev6EdNHI0VhERQi2UdnfyHerjg=
-31,-40,zMJ6Yck5eWnfwoha6/dmXJ/iOm0=,Jev6EdNHI0VhERQi2UdnfyHerjg=
-30,-40,zMJ6Yck5eWnfwoha6/dmXJ/iOm0=,Jev6EdNHI0VhERQi2UdnfyHerjg=
-29,-40,zMJ6Yck5eWnfwoha6/dmXJ/iOm0=,Jev6EdNHI0VhERQi2UdnfyHerjg=
-28,-40,zMJ6Yck5eWnfwoha6/dmXJ/iOm0=,Jev6EdNHI0VhERQi2UdnfyHerjg=
-27,-40,zMJ6Yck5eWnfwoha6/dmXJ/iOm0=,Jev6EdNHI0VhERQi2UdnfyHerjg=
-26,-40,zMJ6Yck5eWnfwoha6/dmXJ/iOm0=,Jev6EdNHI0VhERQi2UdnfyHerjg=
-25,-40,zMJ6Yck5eWnfwoha6/dmXJ/iOm0=,Jev6EdNHI0VhERQi2UdnfyHerjg=
-26,-46,zMJ6Yck5eWnfwoha6/dmXJ/iOm0=,Jev6EdNHI0VhERQi2UdnfyHerjg=
-22,-48,zMJ6Yck5eWnfwoha6/dmXJ/iOm0=,Jev6EdNHI0VhERQi2UdnfyHerjg=
-24,-40,zMJ6Yck5eWnfwoha6/dmXJ/iOm0=,Jev6EdNHI0VhERQi2UdnfyHerjg=
-23,-40,zMJ6Yck5eWnfwoha6/dmXJ/iOm0=,Jev6EdNHI0VhERQi2UdnfyHerjg=
-22,-40,zMJ6Yck5eWnfwoha6/dmXJ/iOm0=,Jev6EdNHI0VhERQi2UdnfyHerjg=
-21,-40,zMJ6Yck5eWnfwoha6/dmXJ/iOm0=,Jev6EdNHI0VhERQi2UdnfyHerjg=
-20,-40,zMJ6Yck5eWnfwoha6/dmXJ/iOm0=,Jev6EdNHI0VhERQi2UdnfyHerjg=
-19,-40,zMJ6Yck5eWnfwoha6/dmXJ/iOm0=,Jev6EdNHI0VhERQi2UdnfyHerjg=
-18,-40,zMJ6Yck5eWnfwoha6/dmXJ/iOm0=,Jev6EdNHI0VhERQi2UdnfyHerjg=
-17,-40,zMJ6Yck5eWnfwoha6/dmXJ/iOm0=,Jev6EdNHI0VhERQi2UdnfyHerjg=
-32,-39,zMJ6Yck5eWnfwoha6/dmXJ/iOm0=,Jev6EdNHI0VhERQi2UdnfyHerjg=
-31,-39,zMJ6Yck5eWnfwoha6/dmXJ/iOm0=,Jev6EdNHI0VhERQi2UdnfyHerjg=
-30,-39,zMJ6Yck5eWnfwoha6/dmXJ/iOm0=,Jev6EdNHI0VhERQi2UdnfyHerjg=
-29,-39,zMJ6Yck5eWnfwoha6/dmXJ/iOm0=,Jev6EdNHI0VhERQi2UdnfyHerjg=
-28,-39,zMJ6Yck5eWnfwoha6/dmXJ/iOm0=,Jev6EdNHI0VhERQi2UdnfyHerjg=
-27,-39,zMJ6Yck5eWnfwoha6/dmXJ/iOm0=,Jev6EdNHI0VhERQi2UdnfyHerjg=
-26,-39,zMJ6Yck5eWnfwoha6/dmXJ/iOm0=,Jev6EdNHI0VhERQi2UdnfyHerjg=
-25,-39,zMJ6Yck5eWnfwoha6/dmXJ/iOm0=,Jev6EdNHI0VhERQi2UdnfyHerjg=
-24,-39,zMJ6Yck5eWnfwoha6/dmXJ/iOm0=,Jev6EdNHI0VhERQi2UdnfyHerjg=
-25,-46,zMJ6Yck5eWnfwoha6/dmXJ/iOm0=,Jev6EdNHI0VhERQi2UdnfyHerjg=
-23,-39,zMJ6Yck5eWnfwoha6/dmXJ/iOm0=,Jev6EdNHI0VhERQi2UdnfyHerjg=
-21,-48,zMJ6Yck5eWnfwoha6/dmXJ/iOm0=,Jev6EdNHI0VhERQi2UdnfyHerjg=
-22,-39,zMJ6Yck5eWnfwoha6/dmXJ/iOm0=,Jev6EdNHI0VhERQi2UdnfyHerjg=
-21,-39,zMJ6Yck5eWnfwoha6/dmXJ/iOm0=,Jev6EdNHI0VhERQi2UdnfyHerjg=
-20,-39,zMJ6Yck5eWnfwoha6/dmXJ/iOm0=,Jev6EdNHI0VhERQi2UdnfyHerjg=
-19,-39,zMJ6Yck5eWnfwoha6/dmXJ/iOm0=,Jev6EdNHI0VhERQi2UdnfyHerjg=
-18,-39,zMJ6Yck5eWnfwoha6/dmXJ/iOm0=,Jev6EdNHI0VhERQi2UdnfyHerjg=
-17,-39,zMJ6Yck5eWnfwoha6/dmXJ/iOm0=,Jev6EdNHI0VhERQi2UdnfyHerjg=
-32,-38,zMJ6Yck5eWnfwoha6/dmXJ/iOm0=,Jev6EdNHI0VhERQi2UdnfyHerjg=
-31,-38,zMJ6Yck5eWnfwoha6/dmXJ/iOm0=,Jev6EdNHI0VhERQi2UdnfyHerjg=
-30,-38,zMJ6Yck5eWnfwoha6/dmXJ/iOm0=,Jev6EdNHI0VhERQi2UdnfyHerjg=
-29,-38,zMJ6Yck5eWnfwoha6/dmXJ/iOm0=,Jev6EdNHI0VhERQi2UdnfyHerjg=
-28,-38,zMJ6Yck5eWnfwoha6/dmXJ/iOm0=,Jev6EdNHI0VhERQi2UdnfyHerjg=
-27,-38,zMJ6Yck5eWnfwoha6/dmXJ/iOm0=,Jev6EdNHI0VhERQi2UdnfyHerjg=
-26,-38,zMJ6Yck5eWnfwoha6/dmXJ/iOm0=,Jev6EdNHI0VhERQi2UdnfyHerjg=
-25,-38,zMJ6Yck5eWnfwoha6/dmXJ/iOm0=,Jev6EdNHI0VhERQi2UdnfyHerjg=
-24,-38,zMJ6Yck5eWnfwoha6/dmXJ/iOm0=,Jev6EdNHI0VhERQi2UdnfyHerjg=
-23,-38,zMJ6Yck5eWnfwoha6/dmXJ/iOm0=,Jev6EdNHI0VhERQi2UdnfyHerjg=
-24,-46,zMJ6Yck5eWnfwoha6/dmXJ/iOm0=,Jev6EdNHI0VhERQi2UdnfyHerjg=
-22,-38,zMJ6Yck5eWnfwoha6/dmXJ/iOm0=,Jev6EdNHI0VhERQi2UdnfyHerjg=
-20,-48,zMJ6Yck5eWnfwoha6/dmXJ/iOm0=,Jev6EdNHI0VhERQi2UdnfyHerjg=
-21,-38,zMJ6Yck5eWnfwoha6/dmXJ/iOm0=,Jev6EdNHI0VhERQi2UdnfyHerjg=
-20,-38,zMJ6Yck5eWnfwoha6/dmXJ/iOm0=,Jev6EdNHI0VhERQi2UdnfyHerjg=
-19,-38,zMJ6Yck5eWnfwoha6/dmXJ/iOm0=,Jev6EdNHI0VhERQi2UdnfyHerjg=
-18,-38,zMJ6Yck5eWnfwoha6/dmXJ/iOm0=,Jev6EdNHI0VhERQi2UdnfyHerjg=
-17,-38,zMJ6Yck5eWnfwoha6/dmXJ/iOm0=,Jev6EdNHI0VhERQi2UdnfyHerjg=
-32,-37,zMJ6Yck5eWnfwoha6/dmXJ/iOm0=,Jev6EdNHI0VhERQi2UdnfyHerjg=
-31,-37,zMJ6Yck5eWnfwoha6/dmXJ/iOm0=,Jev6EdNHI0VhERQi2UdnfyHerjg=
-30,-37,zMJ6Yck5eWnfwoha6/dmXJ/iOm0=,Jev6EdNHI0VhERQi2UdnfyHerjg=
-29,-37,zMJ6Yck5eWnfwoha6/dmXJ/iOm0=,Jev6EdNHI0VhERQi2UdnfyHerjg=
-28,-37,zMJ6Yck5eWnfwoha6/dmXJ/iOm0=,Jev6EdNHI0VhERQi2UdnfyHerjg=
-27,-37,zMJ6Yck5eWnfwoha6/dmXJ/iOm0=,Jev6EdNHI0VhERQi2UdnfyHerjg=
-26,-37,zMJ6Yck5eWnfwoha6/dmXJ/iOm0=,Jev6EdNHI0VhERQi2UdnfyHerjg=
-25,-37,zMJ6Yck5eWnfwoha6/dmXJ/iOm0=,Jev6EdNHI0VhERQi2UdnfyHerjg=
-24,-37,zMJ6Yck5eWnfwoha6/dmXJ/iOm0=,Jev6EdNHI0VhERQi2UdnfyHerjg=
-23,-37,zMJ6Yck5eWnfwoha6/dmXJ/iOm0=,Jev6EdNHI0VhERQi2UdnfyHerjg=
-22,-37,zMJ6Yck5eWnfwoha6/dmXJ/iOm0=,Jev6EdNHI0VhERQi2UdnfyHerjg=
-23,-46,zMJ6Yck5eWnfwoha6/dmXJ/iOm0=,Jev6EdNHI0VhERQi2UdnfyHerjg=
-21,-37,zMJ6Yck5eWnfwoha6/dmXJ/iOm0=,Jev6EdNHI0VhERQi2UdnfyHerjg=
-19,-48,zMJ6Yck5eWnfwoha6/dmXJ/iOm0=,Jev6EdNHI0VhERQi2UdnfyHerjg=
-20,-37,zMJ6Yck5eWnfwoha6/dmXJ/iOm0=,Jev6EdNHI0VhERQi2UdnfyHerjg=
-19,-37,zMJ6Yck5eWnfwoha6/dmXJ/iOm0=,Jev6EdNHI0VhERQi2UdnfyHerjg=
-18,-37,zMJ6Yck5eWnfwoha6/dmXJ/iOm0=,Jev6EdNHI0VhERQi2UdnfyHerjg=
-17,-37,zMJ6Yck5eWnfwoha6/dmXJ/iOm0=,Jev6EdNHI0VhERQi2UdnfyHerjg=
-32,-36,zMJ6Yck5eWnfwoha6/dmXJ/iOm0=,Jev6EdNHI0VhERQi2UdnfyHerjg=
-31,-36,zMJ6Yck5eWnfwoha6/dmXJ/iOm0=,Jev6EdNHI0VhERQi2UdnfyHerjg=
-30,-36,zMJ6Yck5eWnfwoha6/dmXJ/iOm0=,Jev6EdNHI0VhERQi2UdnfyHerjg=
-29,-36,zMJ6Yck5eWnfwoha6/dmXJ/iOm0=,Jev6EdNHI0VhERQi2UdnfyHerjg=
-28,-36,zMJ6Yck5eWnfwoha6/dmXJ/iOm0=,Jev6EdNHI0VhERQi2UdnfyHerjg=
-27,-36,zMJ6Yck5eWnfwoha6/dmXJ/iOm0=,Jev6EdNHI0VhERQi2UdnfyHerjg=
-26,-36,zMJ6Yck5eWnfwoha6/dmXJ/iOm0=,Jev6EdNHI0VhERQi2UdnfyHerjg=
-25,-36,zMJ6Yck5eWnfwoha6/dmXJ/iOm0=,Jev6EdNHI0VhERQi2UdnfyHerjg=
-24,-36,zMJ6Yck5eWnfwoha6/dmXJ/iOm0=,Jev6EdNHI0VhERQi2UdnfyHerjg=
-23,-36,zMJ6Yck5eWnfwoha6/dmXJ/iOm0=,Jev6EdNHI0VhERQi2UdnfyHerjg=
-22,-36,zMJ6Yck5eWnfwoha6/dmXJ/iOm0=,Jev6EdNHI0VhERQi2UdnfyHerjg=
-21,-36,zMJ6Yck5eWnfwoha6/dmXJ/iOm0=,Jev6EdNHI0VhERQi2UdnfyHerjg=
-22,-46,zMJ6Yck5eWnfwoha6/dmXJ/iOm0=,Jev6EdNHI0VhERQi2UdnfyHerjg=
-20,-36,zMJ6Yck5eWnfwoha6/dmXJ/iOm0=,Jev6EdNHI0VhERQi2UdnfyHerjg=
-18,-48,zMJ6Yck5eWnfwoha6/dmXJ/iOm0=,Jev6EdNHI0VhERQi2UdnfyHerjg=
-19,-36,zMJ6Yck5eWnfwoha6/dmXJ/iOm0=,Jev6EdNHI0VhERQi2UdnfyHerjg=
-18,-36,zMJ6Yck5eWnfwoha6/dmXJ/iOm0=,Jev6EdNHI0VhERQi2UdnfyHerjg=
-17,-36,zMJ6Yck5eWnfwoha6/dmXJ/iOm0=,Jev6EdNHI0VhERQi2UdnfyHerjg=
-32,-35,zMJ6Yck5eWnfwoha6/dmXJ/iOm0=,Jev6EdNHI0VhERQi2UdnfyHerjg=
-31,-48,zMJ6Yck5eWnfwoha6/dmXJ/iOm0=,Jev6EdNHI0VhERQi2UdnfyHerjg=
-31,-35,zMJ6Yck5eWnfwoha6/dmXJ/iOm0=,Jev6EdNHI0VhERQi2UdnfyHerjg=
-30,-35,zMJ6Yck5eWnfwoha6/dmXJ/iOm0=,Jev6EdNHI0VhERQi2UdnfyHerjg=
-29,-35,zMJ6Yck5eWnfwoha6/dmXJ/iOm0=,Jev6EdNHI0VhERQi2UdnfyHerjg=
-28,-35,zMJ6Yck5eWnfwoha6/dmXJ/iOm0=,Jev6EdNHI0VhERQi2UdnfyHerjg=
-27,-35,zMJ6Yck5eWnfwoha6/dmXJ/iOm0=,Jev6EdNHI0VhERQi2UdnfyHerjg=
-26,-35,zMJ6Yck5eWnfwoha6/dmXJ/iOm0=,Jev6EdNHI0VhERQi2UdnfyHerjg=
-25,-35,zMJ6Yck5eWnfwoha6/dmXJ/iOm0=,Jev6EdNHI0VhERQi2UdnfyHerjg=
-24,-35,zMJ6Yck5eWnfwoha6/dmXJ/iOm0=,Jev6EdNHI0VhERQi2UdnfyHerjg=
-23,-35,zMJ6Yck5eWnfwoha6/dmXJ/iOm0=,Jev6EdNHI0VhERQi2UdnfyHerjg=
-22,-35,zMJ6Yck5eWnfwoha6/dmXJ/iOm0=,Jev6EdNHI0VhERQi2UdnfyHerjg=
-21,-35,zMJ6Yck5eWnfwoha6/dmXJ/iOm0=,Jev6EdNHI0VhERQi2UdnfyHerjg=
-20,-35,zMJ6Yck5eWnfwoha6/dmXJ/iOm0=,Jev6EdNHI0VhERQi2UdnfyHerjg=
-21,-46,zMJ6Yck5eWnfwoha6/dmXJ/iOm0=,Jev6EdNHI0VhERQi2UdnfyHerjg=
-19,-35,zMJ6Yck5eWnfwoha6/dmXJ/iOm0=,Jev6EdNHI0VhERQi2UdnfyHerjg=
-17,-48,zMJ6Yck5eWnfwoha6/dmXJ/iOm0=,Jev6EdNHI0VhERQi2UdnfyHerjg=
-18,-35,zMJ6Yck5eWnfwoha6/dmXJ/iOm0=,Jev6EdNHI0VhERQi2UdnfyHerjg=
-32,-47,zMJ6Yck5eWnfwoha6/dmXJ/iOm0=,Jev6EdNHI0VhERQi2UdnfyHerjg=
-17,-35,zMJ6Yck5eWnfwoha6/dmXJ/iOm0=,Jev6EdNHI0VhERQi2UdnfyHerjg=
-32,-34,zMJ6Yck5eWnfwoha6/dmXJ/iOm0=,Jev6EdNHI0VhERQi2UdnfyHerjg=
-31,-34,zMJ6Yck5eWnfwoha6/dmXJ/iOm0=,Jev6EdNHI0VhERQi2UdnfyHerjg=
-30,-34,zMJ6Yck5eWnfwoha6/dmXJ/iOm0=,Jev6EdNHI0VhERQi2UdnfyHerjg=
-29,-34,zMJ6Yck5eWnfwoha6/dmXJ/iOm0=,Jev6EdNHI0VhERQi2UdnfyHerjg=
-28,-34,zMJ6Yck5eWnfwoha6/dmXJ/iOm0=,Jev6EdNHI0VhERQi2UdnfyHerjg=
-27,-34,zMJ6Yck5eWnfwoha6/dmXJ/iOm0=,Jev6EdNHI0VhERQi2UdnfyHerjg=
-26,-34,zMJ6Yck5eWnfwoha6/dmXJ/iOm0=,Jev6EdNHI0VhERQi2UdnfyHerjg=
-25,-34,zMJ6Yck5eWnfwoha6/dmXJ/iOm0=,Jev6EdNHI0VhERQi2UdnfyHerjg=
-24,-34,zMJ6Yck5eWnfwoha6/dmXJ/iOm0=,Jev6EdNHI0VhERQi2UdnfyHerjg=
-23,-34,zMJ6Yck5eWnfwoha6/dmXJ/iOm0=,Jev6EdNHI0VhERQi2UdnfyHerjg=
-22,-34,zMJ6Yck5eWnfwoha6/dmXJ/iOm0=,Jev6EdNHI0VhERQi2UdnfyHerjg=
-21,-34,zMJ6Yck5eWnfwoha6/dmXJ/iOm0=,Jev6EdNHI0VhERQi2UdnfyHerjg=
-20,-34,zMJ6Yck5eWnfwoha6/dmXJ/iOm0=,Jev6EdNHI0VhERQi2UdnfyHerjg=
-19,-34,zMJ6Yck5eWnfwoha6/dmXJ/iOm0=,Jev6EdNHI0VhERQi2UdnfyHerjg=
-20,-46,zMJ6Yck5eWnfwoha6/dmXJ/iOm0=,Jev6EdNHI0VhERQi2UdnfyHerjg=
-18,-34,zMJ6Yck5eWnfwoha6/dmXJ/iOm0=,Jev6EdNHI0VhERQi2UdnfyHerjg=
-30,-48,zMJ6Yck5eWnfwoha6/dmXJ/iOm0=,Jev6EdNHI0VhERQi2UdnfyHerjg=
-30,-47,zMJ6Yck5eWnfwoha6/dmXJ/iOm0=,Jev6EdNHI0VhERQi2UdnfyHerjg=
-29,-47,zMJ6Yck5eWnfwoha6/dmXJ/iOm0=,Jev6EdNHI0VhERQi2UdnfyHerjg=
-28,-47,zMJ6Yck5eWnfwoha6/dmXJ/iOm0=,Jev6EdNHI0VhERQi2UdnfyHerjg=
-27,-47,zMJ6Yck5eWnfwoha6/dmXJ/iOm0=,Jev6EdNHI0VhERQi2UdnfyHerjg=
-26,-47,zMJ6Yck5eWnfwoha6/dmXJ/iOm0=,Jev6EdNHI0VhERQi2UdnfyHerjg=
-25,-47,zMJ6Yck5eWnfwoha6/dmXJ/iOm0=,Jev6EdNHI0VhERQi2UdnfyHerjg=
-17,-34,zMJ6Yck5eWnfwoha6/dmXJ/iOm0=,Jev6EdNHI0VhERQi2UdnfyHerjg=
-24,-47,zMJ6Yck5eWnfwoha6/dmXJ/iOm0=,Jev6EdNHI0VhERQi2UdnfyHerjg=
-23,-47,zMJ6Yck5eWnfwoha6/dmXJ/iOm0=,Jev6EdNHI0VhERQi2UdnfyHerjg=
-22,-47,zMJ6Yck5eWnfwoha6/dmXJ/iOm0=,Jev6EdNHI0VhERQi2UdnfyHerjg=
-21,-47,zMJ6Yck5eWnfwoha6/dmXJ/iOm0=,Jev6EdNHI0VhERQi2UdnfyHerjg=
-20,-47,zMJ6Yck5eWnfwoha6/dmXJ/iOm0=,Jev6EdNHI0VhERQi2UdnfyHerjg=
-19,-47,zMJ6Yck5eWnfwoha6/dmXJ/iOm0=,Jev6EdNHI0VhERQi2UdnfyHerjg=
-18,-47,zMJ6Yck5eWnfwoha6/dmXJ/iOm0=,Jev6EdNHI0VhERQi2UdnfyHerjg=
-32,-33,zMJ6Yck5eWnfwoha6/dmXJ/iOm0=,Jev6EdNHI0VhERQi2UdnfyHerjg=
