47,111,SR70QOtgdidUZ6u1QezzX8A0WgY=,zxTLpf1MUepoAXobO9jYMb2Jlvc=
46,98,SR70QOtgdidUZ6u1QezzX8A0WgY=,zxTLpf1MUepoAXobO9jYMb2Jlvc=
47,98,SR70QOtgdidUZ6u1QezzX8A0WgY=,zxTLpf1MUepoAXobO9jYMb2Jlvc=
32,99,SR70QOtgdidUZ6u1QezzX8A0WgY=,zxTLpf1MUepoAXobO9jYMb2Jlvc=
33,99,SR70QOtgdidUZ6u1QezzX8A0WgY=,zxTLpf1MUepoAXobO9jYMb2Jlvc=
34,99,SR70QOtgdidUZ6u1QezzX8A0WgY=,zxTLpf1MUepoAXobO9jYMb2Jlvc=
35,99,SR70QOtgdidUZ6u1QezzX8A0WgY=,zxTLpf1MUepoAXobO9jYMb2Jlvc=
36,99,SR70QOtgdidUZ6u1QezzX8A0WgY=,zxTLpf1MUepoAXobO9jYMb2Jlvc=
32,98,SR70QOtgdidUZ6u1QezzX8A0WgY=,zxTLpf1MUepoAXobO9jYMb2Jlvc=
36,96,SR70QOtgdidUZ6u1QezzX8A0WgY=,zxTLpf1MUepoAXobO9jYMb2Jlvc=
37,99,SR70QOtgdidUZ6u1QezzX8A0WgY=,zxTLpf1MUepoAXobO9jYMb2Jlvc=
38,99,SR70QOtgdidUZ6u1QezzX8A0WgY=,zxTLpf1MUepoAXobO9jYMb2Jlvc=
39,99,SR70QOtgdidUZ6u1QezzX8A0WgY=,zxTLpf1MUepoAXobO9jYMb2Jlvc=
40,99,SR70QOtgdidUZ6u1QezzX8A0WgY=,zxTLpf1MUepoAXobO9jYMb2Jlvc=
41,99,SR70QOtgdidUZ6u1QezzX8A0WgY=,zxTLpf1MUepoAXobO9jYMb2Jlvc=
42,99,SR70QOtgdidUZ6u1QezzX8A0WgY=,zxTLpf1MUepoAXobO9jYMb2Jlvc=
43,99,SR70QOtgdidUZ6u1QezzX8A0WgY=,zxTLpf1MUepoAXobO9jYMb2Jlvc=
44,99,SR70QOtgdidUZ6u1QezzX8A0WgY=,zxTLpf1MUepoAXobO9jYMb2Jlvc=
45,99,SR70QOtgdidUZ6u1QezzX8A0WgY=,zxTLpf1MUepoAXobO9jYMb2Jlvc=
32,96,SR70QOtgdidUZ6u1QezzX8A0WgY=,zxTLpf1MUepoAXobO9jYMb2Jlvc=
46,99,SR70QOtgdidUZ6u1QezzX8A0WgY=,zxTLpf1MUepoAXobO9jYMb2Jlvc=
47,99,SR70QOtgdidUZ6u1QezzX8A0WgY=,zxTLpf1MUepoAXobO9jYMb2Jlvc=
33,98,SR70QOtgdidUZ6u1QezzX8A0WgY=,zxTLpf1MUepoAXobO9jYMb2Jlvc=
32,100,SR70QOtgdidUZ6u1QezzX8A0WgY=,zxTLpf1MUepoAXobO9jYMb2Jlvc=
33,100,SR70QOtgdidUZ6u1QezzX8A0WgY=,zxTLpf1MUepoAXobO9jYMb2Jlvc=
34,100,SR70QOtgdidUZ6u1QezzX8A0WgY=,zxTLpf1MUepoAXobO9jYMb2Jlvc=
35,100,SR70QOtgdidUZ6u1QezzX8A0WgY=,zxTLpf1MUepoAXobO9jYMb2Jlvc=
34,98,SR70QOtgdidUZ6u1QezzX8A0WgY=,zxTLpf1MUepoAXobO9jYMb2Jlvc=
36,100,SR70QOtgdidUZ6u1QezzX8A0WgY=,zxTLpf1MUepoAXobO9jYMb2Jlvc=
37,96,SR70QOtgdidUZ6u1QezzX8A0WgY=,zxTLpf1MUepoAXobO9jYMb2Jlvc=
37,100,SR70QOtgdidUZ6u1QezzX8A0WgY=,zxTLpf1MUepoAXobO9jYMb2Jlvc=
38,100,SR70QOtgdidUZ6u1QezzX8A0WgY=,zxTLpf1MUepoAXobO9jYMb2Jlvc=
39,100,SR70QOtgdidUZ6u1QezzX8A0WgY=,zxTLpf1MUepoAXobO9jYMb2Jlvc=
40,100,SR70QOtgdidUZ6u1QezzX8A0WgY=,zxTLpf1MUepoAXobO9jYMb2Jlvc=
41,100,SR70QOtgdidUZ6u1QezzX8A0WgY=,zxTLpf1MUepoAXobO9jYMb2Jlvc=
42,100,SR70QOtgdidUZ6u1QezzX8A0WgY=,zxTLpf1MUepoAXobO9jYMb2Jlvc=
43,100,SR70QOtgdidUZ6u1QezzX8A0WgY=,zxTLpf1MUepoAXobO9jYMb2Jlvc=
44,100,SR70QOtgdidUZ6u1QezzX8A0WgY=,zxTLpf1MUepoAXobO9jYMb2Jlvc=
45,100,SR70QOtgdidUZ6u1QezzX8A0WgY=,zxTLpf1MUepoAXobO9jYMb2Jlvc=
46,100,SR70QOtgdidUZ6u1QezzX8A0WgY=,zxTLpf1MUepoAXobO9jYMb2Jlvc=
47,100,SR70QOtgdidUZ6u1QezzX8A0WgY=,zxTLpf1MUepoAXobO9jYMb2Jlvc=
38,96,SR70QOtgdidUZ6u1QezzX8A0WgY=,zxTLpf1MUepoAXobO9jYMb2Jlvc=
32,101,SR70QOtgdidUZ6u1QezzX8A0WgY=,zxTLpf1MUepoAXobO9jYMb2Jlvc=
33,101,SR70QOtgdidUZ6u1QezzX8A0WgY=,zxTLpf1MUepoAXobO9jYMb2Jlvc=
34,101,SR70QOtgdidUZ6u1QezzX8A0WgY=,zxTLpf1MUepoAXobO9jYMb2Jlvc=
35,101,SR70QOtgdidUZ6u1QezzX8A0WgY=,zxTLpf1MUepoAXobO9jYMb2Jlvc=
36,101,SR70QOtgdidUZ6u1QezzX8A0WgY=,zxTLpf1MUepoAXobO9jYMb2Jlvc=
35,98,SR70QOtgdidUZ6u1QezzX8A0WgY=,zxTLpf1MUepoAXobO9jYMb2Jlvc=
39,96,SR70QOtgdidUZ6u1QezzX8A0WgY=,zxTLpf1MUepoAXobO9jYMb2Jlvc=
37,101,SR70QOtgdidUZ6u1QezzX8A0WgY=,zxTLpf1MUepoAXobO9jYMb2Jlvc=
38,101,SR70QOtgdidUZ6u1QezzX8A0WgY=,zxTLpf1MUepoAXobO9jYMb2Jlvc=
39,101,SR70QOtgdidUZ6u1QezzX8A0WgY=,zxTLpf1MUepoAXobO9jYMb2Jlvc=
40,101,SR70QOtgdidUZ6u1QezzX8A0WgY=,zxTLpf1MUepoAXobO9jYMb2Jlvc=
41,101,SR70QOtgdidUZ6u1QezzX8A0WgY=,zxTLpf1MUepoAXobO9jYMb2Jlvc=
42,101,SR70QOtgdidUZ6u1QezzX8A0WgY=,zxTLpf1MUepoAXobO9jYMb2Jlvc=
43,101,SR70QOtgdidUZ6u1QezzX8A0WgY=,zxTLpf1MUepoAXobO9jYMb2Jlvc=
44,101,SR70QOtgdidUZ6u1QezzX8A0WgY=,zxTLpf1MUepoAXobO9jYMb2Jlvc=
45,101,SR70QOtgdidUZ6u1QezzX8A0WgY=,zxTLpf1MUepoAXobO9jYMb2Jlvc=
46,101,SR70QOtgdidUZ6u1QezzX8A0WgY=,zxTLpf1MUepoAXobO9jYMb2Jlvc=
47,101,SR70QOtgdidUZ6u1QezzX8A0WgY=,zxTLpf1MUepoAXobO9jYMb2Jlvc=
32,102,SR70QOtgdidUZ6u1QezzX8A0WgY=,zxTLpf1MUepoAXobO9jYMb2Jlvc=
33,102,SR70QOtgdidUZ6u1QezzX8A0WgY=,zxTLpf1MUepoAXobO9jYMb2Jlvc=
34,102,SR70QOtgdidUZ6u1QezzX8A0WgY=,zxTLpf1MUepoAXobO9jYMb2Jlvc=
35,102,SR70QOtgdidUZ6u1QezzX8A0WgY=,zxTLpf1MUepoAXobO9jYMb2Jlvc=
36,102,SR70QOtgdidUZ6u1QezzX8A0WgY=,zxTLpf1MUepoAXobO9jYMb2Jlvc=
37,102,SR70QOtgdidUZ6u1QezzX8A0WgY=,zxTLpf1MUepoAXobO9jYMb2Jlvc=
36,98,SR70QOtgdidUZ6u1QezzX8A0WgY=,zxTLpf1MUepoAXobO9jYMb2Jlvc=
40,96,SR70QOtgdidUZ6u1QezzX8A0WgY=,zxTLpf1MUepoAXobO9jYMb2Jlvc=
38,102,SR70QOtgdidUZ6u1QezzX8A0WgY=,zxTLpf1MUepoAXobO9jYMb2Jlvc=
39,102,SR70QOtgdidUZ6u1QezzX8A0WgY=,zxTLpf1MUepoAXobO9jYMb2Jlvc=
40,102,SR70QOtgdidUZ6u1QezzX8A0WgY=,zxTLpf1MUepoAXobO9jYMb2Jlvc=
41,102,SR70QOtgdidUZ6u1QezzX8A0WgY=,zxTLpf1MUepoAXobO9jYMb2Jlvc=
42,102,SR70QOtgdidUZ6u1QezzX8A0WgY=,zxTLpf1MUepoAXobO9jYMb2Jlvc=
43,102,SR70QOtgdidUZ6u1QezzX8A0WgY=,zxTLpf1MUepoAXobO9jYMb2Jlvc=
44,102,SR70QOtgdidUZ6u1QezzX8A0WgY=,zxTLpf1MUepoAXobO9jYMb2Jlvc=
45,102,SR70QOtgdidUZ6u1QezzX8A0WgY=,zxTLpf1MUepoAXobO9jYMb2Jlvc=
46,102,SR70QOtgdidUZ6u1QezzX8A0WgY=,zxTLpf1MUepoAXobO9jYMb2Jlvc=
47,102,SR70QOtgdidUZ6u1QezzX8A0WgY=,zxTLpf1MUepoAXobO9jYMb2Jlvc=
32,103,SR70QOtgdidUZ6u1QezzX8A0WgY=,zxTLpf1MUepoAXobO9jYMb2Jlvc=
33,103,SR70QOtgdidUZ6u1QezzX8A0WgY=,zxTLpf1MUepoAXobO9jYMb2Jlvc=
34,103,SR70QOtgdidUZ6u1QezzX8A0WgY=,zxTLpf1MUepoAXobO9jYMb2Jlvc=
35,103,SR70QOtgdidUZ6u1QezzX8A0WgY=,zxTLpf1MUepoAXobO9jYMb2Jlvc=
36,103,SR70QOtgdidUZ6u1QezzX8A0WgY=,zxTLpf1MUepoAXobO9jYMb2Jlvc=
37,103,SR70QOtgdidUZ6u1QezzX8A0WgY=,zxTLpf1MUepoAXobO9jYMb2Jlvc=
38,103,SR70QOtgdidUZ6u1QezzX8A0WgY=,zxTLpf1MUepoAXobO9jYMb2Jlvc=
37,98,SR70QOtgdidUZ6u1QezzX8A0WgY=,zxTLpf1MUepoAXobO9jYMb2Jlvc=
41,96,SR70QOtgdidUZ6u1QezzX8A0WgY=,zxTLpf1MUepoAXobO9jYMb2Jlvc=
39,103,SR70QOtgdidUZ6u1QezzX8A0WgY=,zxTLpf1MUepoAXobO9jYMb2Jlvc=
40,103,SR70QOtgdidUZ6u1QezzX8A0WgY=,zxTLpf1MUepoAXobO9jYMb2Jlvc=
41,103,SR70QOtgdidUZ6u1QezzX8A0WgY=,zxTLpf1MUepoAXobO9jYMb2Jlvc=
42,103,SR70QOtgdidUZ6u1QezzX8A0WgY=,zxTLpf1MUepoAXobO9jYMb2Jlvc=
43,103,SR70QOtgdidUZ6u1QezzX8A0WgY=,zxTLpf1MUepoAXobO9jYMb2Jlvc=
44,103,SR70QOtgdidUZ6u1QezzX8A0WgY=,zxTLpf1MUepoAXobO9jYMb2Jlvc=
45,103,SR70QOtgdidUZ6u1QezzX8A0WgY=,zxTLpf1MUepoAXobO9jYMb2Jlvc=
46,103,SR70QOtgdidUZ6u1QezzX8A0WgY=,zxTLpf1MUepoAXobO9jYMb2Jlvc=
47,103,SR70QOtgdidUZ6u1QezzX8A0WgY=,zxTLpf1MUepoAXobO9jYMb2Jlvc=
32,104,SR70QOtgdidUZ6u1QezzX8A0WgY=,zxTLpf1MUepoAXobO9jYMb2Jlvc=
33,104,SR70QOtgdidUZ6u1QezzX8A0WgY=,zxTLpf1MUepoAXobO9jYMb2Jlvc=
34,104,SR70QOtgdidUZ6u1QezzX8A0WgY=,zxTLpf1MUepoAXobO9jYMb2Jlvc=
35,104,SR70QOtgdidUZ6u1QezzX8A0WgY=,zxTLpf1MUepoAXobO9jYMb2Jlvc=
36,104,SR70QOtgdidUZ6u1QezzX8A0WgY=,zxTLpf1MUepoAXobO9jYMb2Jlvc=
37,104,SR70QOtgdidUZ6u1QezzX8A0WgY=,zxTLpf1MUepoAXobO9jYMb2Jlvc=
38,104,SR70QOtgdidUZ6u1QezzX8A0WgY=,zxTLpf1MUepoAXobO9jYMb2Jlvc=
39,104,SR70QOtgdidUZ6u1QezzX8A0WgY=,zxTLpf1MUepoAXobO9jYMb2Jlvc=
38,98,SR70QOtgdidUZ6u1QezzX8A0WgY=,zxTLpf1MUepoAXobO9jYMb2Jlvc=
42,96,SR70QOtgdidUZ6u1QezzX8A0WgY=,zxTLpf1MUepoAXobO9jYMb2Jlvc=
40,104,SR70QOtgdidUZ6u1QezzX8A0WgY=,zxTLpf1MUepoAXobO9jYMb2Jlvc=
41,104,SR70QOtgdidUZ6u1QezzX8A0WgY=,zxTLpf1MUepoAXobO9jYMb2Jlvc=
42,104,SR70QOtgdidUZ6u1QezzX8A0WgY=,zxTLpf1MUepoAXobO9jYMb2Jlvc=
43,104,SR70QOtgdidUZ6u1QezzX8A0WgY=,zxTLpf1MUepoAXobO9jYMb2Jlvc=
44,104,SR70QOtgdidUZ6u1QezzX8A0WgY=,zxTLpf1MUepoAXobO9jYMb2Jlvc=
45,104,SR70QOtgdidUZ6u1QezzX8A0WgY=,zxTLpf1MUepoAXobO9jYMb2Jlvc=
46,104,SR70QOtgdidUZ6u1QezzX8A0WgY=,zxTLpf1MUepoAXobO9jYMb2Jlvc=
47,104,SR70QOtgdidUZ6u1QezzX8A0WgY=,zxTLpf1MUepoAXobO9jYMb2Jlvc=
32,105,SR70QOtgdidUZ6u1QezzX8A0WgY=,zxTLpf1MUepoAXobO9jYMb2Jlvc=
33,105,SR70QOtgdidUZ6u1QezzX8A0WgY=,zxTLpf1MUepoAXobO9jYMb2Jlvc=
34,105,SR70QOtgdidUZ6u1QezzX8A0WgY=,zxTLpf1MUepoAXobO9jYMb2Jlvc=
35,105,SR70QOtgdidUZ6u1QezzX8A0WgY=,zxTLpf1MUepoAXobO9jYMb2Jlvc=
36,105,SR70QOtgdidUZ6u1QezzX8A0WgY=,zxTLpf1MUepoAXobO9jYMb2Jlvc=
37,105,SR70QOtgdidUZ6u1QezzX8A0WgY=,zxTLpf1MUepoAXobO9jYMb2Jlvc=
38,105,SR70QOtgdidUZ6u1QezzX8A0WgY=,zxTLpf1MUepoAXobO9jYMb2Jlvc=
39,105,SR70QOtgdidUZ6u1QezzX8A0WgY=,zxTLpf1MUepoAXobO9jYMb2Jlvc=
40,105,SR70QOtgdidUZ6u1QezzX8A0WgY=,zxTLpf1MUepoAXobO9jYMb2Jlvc=
39,98,SR70QOtgdidUZ6u1QezzX8A0WgY=,zxTLpf1MUepoAXobO9jYMb2Jlvc=
43,96,SR70QOtgdidUZ6u1QezzX8A0WgY=,zxTLpf1MUepoAXobO9jYMb2Jlvc=
41,105,SR70QOtgdidUZ6u1QezzX8A0WgY=,zxTLpf1MUepoAXobO9jYMb2Jlvc=
42,105,SR70QOtgdidUZ6u1QezzX8A0WgY=,zxTLpf1MUepoAXobO9jYMb2Jlvc=
43,105,SR70QOtgdidUZ6u1QezzX8A0WgY=,zxTLpf1MUepoAXobO9jYMb2Jlvc=
44,105,SR70QOtgdidUZ6u1QezzX8A0WgY=,zxTLpf1MUepoAXobO9jYMb2Jlvc=
45,105,SR70QOtgdidUZ6u1QezzX8A0WgY=,zxTLpf1MUepoAXobO9jYMb2Jlvc=
46,105,SR70QOtgdidUZ6u1QezzX8A0WgY=,zxTLpf1MUepoAXobO9jYMb2Jlvc=
47,105,SR70QOtgdidUZ6u1QezzX8A0WgY=,zxTLpf1MUepoAXobO9jYMb2Jlvc=
32,106,SR70QOtgdidUZ6u1QezzX8A0WgY=,zxTLpf1MUepoAXobO9jYMb2Jlvc=
33,106,SR70QOtgdidUZ6u1QezzX8A0WgY=,zxTLpf1MUepoAXobO9jYMb2Jlvc=
34,106,SR70QOtgdidUZ6u1QezzX8A0WgY=,zxTLpf1MUepoAXobO9jYMb2Jlvc=
35,106,SR70QOtgdidUZ6u1QezzX8A0WgY=,zxTLpf1MUepoAXobO9jYMb2Jlvc=
36,106,SR70QOtgdidUZ6u1QezzX8A0WgY=,zxTLpf1MUepoAXobO9jYMb2Jlvc=
37,106,SR70QOtgdidUZ6u1QezzX8A0WgY=,zxTLpf1MUepoAXobO9jYMb2Jlvc=
38,106,SR70QOtgdidUZ6u1QezzX8A0WgY=,zxTLpf1MUepoAXobO9jYMb2Jlvc=
39,106,SR70QOtgdidUZ6u1QezzX8A0WgY=,zxTLpf1MUepoAXobO9jYMb2Jlvc=
40,106,SR70QOtgdidUZ6u1QezzX8A0WgY=,zxTLpf1MUepoAXobO9jYMb2Jlvc=
41,106,SR70QOtgdidUZ6u1QezzX8A0WgY=,zxTLpf1MUepoAXobO9jYMb2Jlvc=
40,98,SR70QOtgdidUZ6u1QezzX8A0WgY=,zxTLpf1MUepoAXobO9jYMb2Jlvc=
44,96,SR70QOtgdidUZ6u1QezzX8A0WgY=,zxTLpf1MUepoAXobO9jYMb2Jlvc=
42,106,SR70QOtgdidUZ6u1QezzX8A0WgY=,zxTLpf1MUepoAXobO9jYMb2Jlvc=
43,106,SR70QOtgdidUZ6u1QezzX8A0WgY=,zxTLpf1MUepoAXobO9jYMb2Jlvc=
44,106,SR70QOtgdidUZ6u1QezzX8A0WgY=,zxTLpf1MUepoAXobO9jYMb2Jlvc=
45,106,SR70QOtgdidUZ6u1QezzX8A0WgY=,zxTLpf1MUepoAXobO9jYMb2Jlvc=
46,106,SR70QOtgdidUZ6u1QezzX8A0WgY=,zxTLpf1MUepoAXobO9jYMb2Jlvc=
47,106,SR70QOtgdidUZ6u1QezzX8A0WgY=,zxTLpf1MUepoAXobO9jYMb2Jlvc=
32,107,SR70QOtgdidUZ6u1QezzX8A0WgY=,zxTLpf1MUepoAXobO9jYMb2Jlvc=
33,107,SR70QOtgdidUZ6u1QezzX8A0WgY=,zxTLpf1MUepoAXobO9jYMb2Jlvc=
34,107,SR70QOtgdidUZ6u1QezzX8A0WgY=,zxTLpf1MUepoAXobO9jYMb2Jlvc=
35,107,SR70QOtgdidUZ6u1QezzX8A0WgY=,zxTLpf1MUepoAXobO9jYMb2Jlvc=
36,107,SR70QOtgdidUZ6u1QezzX8A0WgY=,zxTLpf1MUepoAXobO9jYMb2Jlvc=
37,107,SR70QOtgdidUZ6u1QezzX8A0WgY=,zxTLpf1MUepoAXobO9jYMb2Jlvc=
38,107,SR70QOtgdidUZ6u1QezzX8A0WgY=,zxTLpf1MUepoAXobO9jYMb2Jlvc=
39,107,SR70QOtgdidUZ6u1QezzX8A0WgY=,zxTLpf1MUepoAXobO9jYMb2Jlvc=
40,107,SR70QOtgdidUZ6u1QezzX8A0WgY=,zxTLpf1MUepoAXobO9jYMb2Jlvc=
41,107,SR70QOtgdidUZ6u1QezzX8A0WgY=,zxTLpf1MUepoAXobO9jYMb2Jlvc=
42,107,SR70QOtgdidUZ6u1QezzX8A0WgY=,zxTLpf1MUepoAXobO9jYMb2Jlvc=
41,98,SR70QOtgdidUZ6u1QezzX8A0WgY=,zxTLpf1MUepoAXobO9jYMb2Jlvc=
43,107,SR70QOtgdidUZ6u1QezzX8A0WgY=,zxTLpf1MUepoAXobO9jYMb2Jlvc=
45,96,SR70QOtgdidUZ6u1QezzX8A0WgY=,zxTLpf1MUepoAXobO9jYMb2Jlvc=
44,107,SR70QOtgdidUZ6u1QezzX8A0WgY=,zxTLpf1MUepoAXobO9jYMb2Jlvc=
45,107,SR70QOtgdidUZ6u1QezzX8A0WgY=,zxTLpf1MUepoAXobO9jYMb2Jlvc=
46,107,SR70QOtgdidUZ6u1QezzX8A0WgY=,zxTLpf1MUepoAXobO9jYMb2Jlvc=
47,107,SR70QOtgdidUZ6u1QezzX8A0WgY=,zxTLpf1MUepoAXobO9jYMb2Jlvc=
32,108,SR70QOtgdidUZ6u1QezzX8A0WgY=,zxTLpf1MUepoAXobO9jYMb2Jlvc=
33,108,SR70QOtgdidUZ6u1QezzX8A0WgY=,zxTLpf1MUepoAXobO9jYMb2Jlvc=
34,108,SR70QOtgdidUZ6u1QezzX8A0WgY=,zxTLpf1MUepoAXobO9jYMb2Jlvc=
35,108,SR70QOtgdidUZ6u1QezzX8A0WgY=,zxTLpf1MUepoAXobO9jYMb2Jlvc=
36,108,SR70QOtgdidUZ6u1QezzX8A0WgY=,zxTLpf1MUepoAXobO9jYMb2Jlvc=
37,108,SR70QOtgdidUZ6u1QezzX8A0WgY=,zxTLpf1MUepoAXobO9jYMb2Jlvc=
38,108,SR70QOtgdidUZ6u1QezzX8A0WgY=,zxTLpf1MUepoAXobO9jYMb2Jlvc=
39,108,SR70QOtgdidUZ6u1QezzX8A0WgY=,zxTLpf1MUepoAXobO9jYMb2Jlvc=
40,108,SR70QOtgdidUZ6u1QezzX8A0WgY=,zxTLpf1MUepoAXobO9jYMb2Jlvc=
41,108,SR70QOtgdidUZ6u1QezzX8A0WgY=,zxTLpf1MUepoAXobO9jYMb2Jlvc=
42,108,SR70QOtgdidUZ6u1QezzX8A0WgY=,zxTLpf1MUepoAXobO9jYMb2Jlvc=
43,108,SR70QOtgdidUZ6u1QezzX8A0WgY=,zxTLpf1MUepoAXobO9jYMb2Jlvc=
42,98,SR70QOtgdidUZ6u1QezzX8A0WgY=,zxTLpf1MUepoAXobO9jYMb2Jlvc=
44,108,SR70QOtgdidUZ6u1QezzX8A0WgY=,zxTLpf1MUepoAXobO9jYMb2Jlvc=
46,96,SR70QOtgdidUZ6u1QezzX8A0WgY=,zxTLpf1MUepoAXobO9jYMb2Jlvc=
45,108,SR70QOtgdidUZ6u1QezzX8A0WgY=,zxTLpf1MUepoAXobO9jYMb2Jlvc=
46,108,SR70QOtgdidUZ6u1QezzX8A0WgY=,zxTLpf1MUepoAXobO9jYMb2Jlvc=
47,108,SR70QOtgdidUZ6u1QezzX8A0WgY=,zxTLpf1MUepoAXobO9jYMb2Jlvc=
33,96,SR70QOtgdidUZ6u1QezzX8A0WgY=,zxTLpf1MUepoAXobO9jYMb2Jlvc=
32,109,SR70QOtgdidUZ6u1QezzX8A0WgY=,zxTLpf1MUepoAXobO9jYMb2Jlvc=
33,109,SR70QOtgdidUZ6u1QezzX8A0WgY=,zxTLpf1MUepoAXobO9jYMb2Jlvc=
34,109,SR70QOtgdidUZ6u1QezzX8A0WgY=,zxTLpf1MUepoAXobO9jYMb2Jlvc=
35,109,SR70QOtgdidUZ6u1QezzX8A0WgY=,zxTLpf1MUepoAXobO9jYMb2Jlvc=
36,109,SR70QOtgdidUZ6u1QezzX8A0WgY=,zxTLpf1MUepoAXobO9jYMb2Jlvc=
37,109,SR70QOtgdidUZ6u1QezzX8A0WgY=,zxTLpf1MUepoAXobO9jYMb2Jlvc=
38,109,SR70QOtgdidUZ6u1QezzX8A0WgY=,zxTLpf1MUepoAXobO9jYMb2Jlvc=
39,109,SR70QOtgdidUZ6u1QezzX8A0WgY=,zxTLpf1MUepoAXobO9jYMb2Jlvc=
40,109,SR70QOtgdidUZ6u1QezzX8A0WgY=,zxTLpf1MUepoAXobO9jYMb2Jlvc=
41,109,SR70QOtgdidUZ6u1QezzX8A0WgY=,zxTLpf1MUepoAXobO9jYMb2Jlvc=
42,109,SR70QOtgdidUZ6u1QezzX8A0WgY=,zxTLpf1MUepoAXobO9jYMb2Jlvc=
43,109,SR70QOtgdidUZ6u1QezzX8A0WgY=,zxTLpf1MUepoAXobO9jYMb2Jlvc=
44,109,SR70QOtgdidUZ6u1QezzX8A0WgY=,zxTLpf1MUepoAXobO9jYMb2Jlvc=
43,98,SR70QOtgdidUZ6u1QezzX8A0WgY=,zxTLpf1MUepoAXobO9jYMb2Jlvc=
47,96,SR70QOtgdidUZ6u1QezzX8A0WgY=,zxTLpf1MUepoAXobO9jYMb2Jlvc=
45,109,SR70QOtgdidUZ6u1QezzX8A0WgY=,zxTLpf1MUepoAXobO9jYMb2Jlvc=
32,97,SR70QOtgdidUZ6u1QezzX8A0WgY=,zxTLpf1MUepoAXobO9jYMb2Jlvc=
46,109,SR70QOtgdidUZ6u1QezzX8A0WgY=,zxTLpf1MUepoAXobO9jYMb2Jlvc=
47,109,SR70QOtgdidUZ6u1QezzX8A0WgY=,zxTLpf1MUepoAXobO9jYMb2Jlvc=
32,110,SR70QOtgdidUZ6u1QezzX8A0WgY=,zxTLpf1MUepoAXobO9jYMb2Jlvc=
33,110,SR70QOtgdidUZ6u1QezzX8A0WgY=,zxTLpf1MUepoAXobO9jYMb2Jlvc=
34,110,SR70QOtgdidUZ6u1QezzX8A0WgY=,zxTLpf1MUepoAXobO9jYMb2Jlvc=
35,110,SR70QOtgdidUZ6u1QezzX8A0WgY=,zxTLpf1MUepoAXobO9jYMb2Jlvc=
36,110,SR70QOtgdidUZ6u1QezzX8A0WgY=,zxTLpf1MUepoAXobO9jYMb2Jlvc=
37,110,SR70QOtgdidUZ6u1QezzX8A0WgY=,zxTLpf1MUepoAXobO9jYMb2Jlvc=
38,110,SR70QOtgdidUZ6u1QezzX8A0WgY=,zxTLpf1MUepoAXobO9jYMb2Jlvc=
39,110,SR70QOtgdidUZ6u1QezzX8A0WgY=,zxTLpf1MUepoAXobO9jYMb2Jlvc=
40,110,SR70QOtgdidUZ6u1QezzX8A0WgY=,zxTLpf1MUepoAXobO9jYMb2Jlvc=
41,110,SR70QOtgdidUZ6u1QezzX8A0WgY=,zxTLpf1MUepoAXobO9jYMb2Jlvc=
42,110,SR70QOtgdidUZ6u1QezzX8A0WgY=,zxTLpf1MUepoAXobO9jYMb2Jlvc=
43,110,SR70QOtgdidUZ6u1QezzX8A0WgY=,zxTLpf1MUepoAXobO9jYMb2Jlvc=
44,110,SR70QOtgdidUZ6u1QezzX8A0WgY=,zxTLpf1MUepoAXobO9jYMb2Jlvc=
45,110,SR70QOtgdidUZ6u1QezzX8A0WgY=,zxTLpf1MUepoAXobO9jYMb2Jlvc=
44,98,SR70QOtgdidUZ6u1QezzX8A0WgY=,zxTLpf1MUepoAXobO9jYMb2Jlvc=
34,96,SR70QOtgdidUZ6u1QezzX8A0WgY=,zxTLpf1MUepoAXobO9jYMb2Jlvc=
46,110,SR70QOtgdidUZ6u1QezzX8A0WgY=,zxTLpf1MUepoAXobO9jYMb2Jlvc=
47,110,SR70QOtgdidUZ6u1QezzX8A0WgY=,zxTLpf1MUepoAXobO9jYMb2Jlvc=
34,97,SR70QOtgdidUZ6u1QezzX8A0WgY=,zxTLpf1MUepoAXobO9jYMb2Jlvc=
32,111,SR70QOtgdidUZ6u1QezzX8A0WgY=,zxTLpf1MUepoAXobO9jYMb2Jlvc=
35,97,SR70QOtgdidUZ6u1QezzX8A0WgY=,zxTLpf1MUepoAXobO9jYMb2Jlvc=
36,97,SR70QOtgdidUZ6u1QezzX8A0WgY=,zxTLpf1MUepoAXobO9jYMb2Jlvc=
37,97,SR70QOtgdidUZ6u1QezzX8A0WgY=,zxTLpf1MUepoAXobO9jYMb2Jlvc=
38,97,SR70QOtgdidUZ6u1QezzX8A0WgY=,zxTLpf1MUepoAXobO9jYMb2Jlvc=
39,97,SR70QOtgdidUZ6u1QezzX8A0WgY=,zxTLpf1MUepoAXobO9jYMb2Jlvc=
40,97,SR70QOtgdidUZ6u1QezzX8A0WgY=,zxTLpf1MUepoAXobO9jYMb2Jlvc=
41,97,SR70QOtgdidUZ6u1QezzX8A0WgY=,zxTLpf1MUepoAXobO9jYMb2Jlvc=
42,97,SR70QOtgdidUZ6u1QezzX8A0WgY=,zxTLpf1MUepoAXobO9jYMb2Jlvc=
43,97,SR70QOtgdidUZ6u1QezzX8A0WgY=,zxTLpf1MUepoAXobO9jYMb2Jlvc=
44,97,SR70QOtgdidUZ6u1QezzX8A0WgY=,zxTLpf1MUepoAXobO9jYMb2Jlvc=
45,97,SR70QOtgdidUZ6u1QezzX8A0WgY=,zxTLpf1MUepoAXobO9jYMb2Jlvc=
46,97,SR70QOtgdidUZ6u1QezzX8A0WgY=,zxTLpf1MUepoAXobO9jYMb2Jlvc=
33,97,SR70QOtgdidUZ6u1QezzX8A0WgY=,zxTLpf1MUepoAXobO9jYMb2Jlvc=
47,97,SR70QOtgdidUZ6u1QezzX8A0WgY=,zxTLpf1MUepoAXobO9jYMb2Jlvc=
33,111,SR70QOtgdidUZ6u1QezzX8A0WgY=,zxTLpf1MUepoAXobO9jYMb2Jlvc=
34,111,SR70QOtgdidUZ6u1QezzX8A0WgY=,zxTLpf1MUepoAXobO9jYMb2Jlvc=
35,111,SR70QOtgdidUZ6u1QezzX8A0WgY=,zxTLpf1MUepoAXobO9jYMb2Jlvc=
37,111,SR70QOtgdidUZ6u1QezzX8A0WgY=,zxTLpf1MUepoAXobO9jYMb2Jlvc=
38,111,SR70QOtgdidUZ6u1QezzX8A0WgY=,zxTLpf1MUepoAXobO9jYMb2Jlvc=
39,111,SR70QOtgdidUZ6u1QezzX8A0WgY=,zxTLpf1MUepoAXobO9jYMb2Jlvc=
36,111,SR70QOtgdidUZ6u1QezzX8A0WgY=,zxTLpf1MUepoAXobO9jYMb2Jlvc=
41,111,SR70QOtgdidUZ6u1QezzX8A0WgY=,zxTLpf1MUepoAXobO9jYMb2Jlvc=
42,111,SR70QOtgdidUZ6u1QezzX8A0WgY=,zxTLpf1MUepoAXobO9jYMb2Jlvc=
43,111,SR70QOtgdidUZ6u1QezzX8A0WgY=,zxTLpf1MUepoAXobO9jYMb2Jlvc=
40,111,SR70QOtgdidUZ6u1QezzX8A0WgY=,zxTLpf1MUepoAXobO9jYMb2Jlvc=
45,111,SR70QOtgdidUZ6u1QezzX8A0WgY=,zxTLpf1MUepoAXobO9jYMb2Jlvc=
35,96,SR70QOtgdidUZ6u1QezzX8A0WgY=,zxTLpf1MUepoAXobO9jYMb2Jlvc=
46,111,SR70QOtgdidUZ6u1QezzX8A0WgY=,zxTLpf1MUepoAXobO9jYMb2Jlvc=
44,111,SR70QOtgdidUZ6u1QezzX8A0WgY=,zxTLpf1MUepoAXobO9jYMb2Jlvc=
45,98,SR70QOtgdidUZ6u1QezzX8A0WgY=,zxTLpf1MUepoAXobO9jYMb2Jlvc=
46,114,dHV42kMFQQ/xmNMvCAem+2HZ4MU=,spipC6JCakeWrhYF3/mMWF2BlSQ=
47,127,dHV42kMFQQ/xmNMvCAem+2HZ4MU=,spipC6JCakeWrhYF3/mMWF2BlSQ=
35,112,dHV42kMFQQ/xmNMvCAem+2HZ4MU=,spipC6JCakeWrhYF3/mMWF2BlSQ=
46,127,dHV42kMFQQ/xmNMvCAem+2HZ4MU=,spipC6JCakeWrhYF3/mMWF2BlSQ=
45,114,dHV42kMFQQ/xmNMvCAem+2HZ4MU=,spipC6JCakeWrhYF3/mMWF2BlSQ=
45,127,dHV42kMFQQ/xmNMvCAem+2HZ4MU=,spipC6JCakeWrhYF3/mMWF2BlSQ=
44,127,dHV42kMFQQ/xmNMvCAem+2HZ4MU=,spipC6JCakeWrhYF3/mMWF2BlSQ=
43,127,dHV42kMFQQ/xmNMvCAem+2HZ4MU=,spipC6JCakeWrhYF3/mMWF2BlSQ=
42,127,dHV42kMFQQ/xmNMvCAem+2HZ4MU=,spipC6JCakeWrhYF3/mMWF2BlSQ=
41,127,dHV42kMFQQ/xmNMvCAem+2HZ4MU=,spipC6JCakeWrhYF3/mMWF2BlSQ=
40,127,dHV42kMFQQ/xmNMvCAem+2HZ4MU=,spipC6JCakeWrhYF3/mMWF2BlSQ=
39,127,dHV42kMFQQ/xmNMvCAem+2HZ4MU=,spipC6JCakeWrhYF3/mMWF2BlSQ=
38,127,dHV42kMFQQ/xmNMvCAem+2HZ4MU=,spipC6JCakeWrhYF3/mMWF2BlSQ=
37,127,dHV42kMFQQ/xmNMvCAem+2HZ4MU=,spipC6JCakeWrhYF3/mMWF2BlSQ=
36,127,dHV42kMFQQ/xmNMvCAem+2HZ4MU=,spipC6JCakeWrhYF3/mMWF2BlSQ=
35,127,dHV42kMFQQ/xmNMvCAem+2HZ4MU=,spipC6JCakeWrhYF3/mMWF2BlSQ=
34,127,dHV42kMFQQ/xmNMvCAem+2HZ4MU=,spipC6JCakeWrhYF3/mMWF2BlSQ=
33,113,dHV42kMFQQ/xmNMvCAem+2HZ4MU=,spipC6JCakeWrhYF3/mMWF2BlSQ=
33,127,dHV42kMFQQ/xmNMvCAem+2HZ4MU=,spipC6JCakeWrhYF3/mMWF2BlSQ=
47,113,dHV42kMFQQ/xmNMvCAem+2HZ4MU=,spipC6JCakeWrhYF3/mMWF2BlSQ=
46,113,dHV42kMFQQ/xmNMvCAem+2HZ4MU=,spipC6JCakeWrhYF3/mMWF2BlSQ=
45,113,dHV42kMFQQ/xmNMvCAem+2HZ4MU=,spipC6JCakeWrhYF3/mMWF2BlSQ=
44,113,dHV42kMFQQ/xmNMvCAem+2HZ4MU=,spipC6JCakeWrhYF3/mMWF2BlSQ=
43,113,dHV42kMFQQ/xmNMvCAem+2HZ4MU=,spipC6JCakeWrhYF3/mMWF2BlSQ=
42,113,dHV42kMFQQ/xmNMvCAem+2HZ4MU=,spipC6JCakeWrhYF3/mMWF2BlSQ=
41,113,dHV42kMFQQ/xmNMvCAem+2HZ4MU=,spipC6JCakeWrhYF3/mMWF2BlSQ=
40,113,dHV42kMFQQ/xmNMvCAem+2HZ4MU=,spipC6JCakeWrhYF3/mMWF2BlSQ=
39,113,dHV42kMFQQ/xmNMvCAem+2HZ4MU=,spipC6JCakeWrhYF3/mMWF2BlSQ=
38,113,dHV42kMFQQ/xmNMvCAem+2HZ4MU=,spipC6JCakeWrhYF3/mMWF2BlSQ=
37,113,dHV42kMFQQ/xmNMvCAem+2HZ4MU=,spipC6JCakeWrhYF3/mMWF2BlSQ=
36,113,dHV42kMFQQ/xmNMvCAem+2HZ4MU=,spipC6JCakeWrhYF3/mMWF2BlSQ=
35,113,dHV42kMFQQ/xmNMvCAem+2HZ4MU=,spipC6JCakeWrhYF3/mMWF2BlSQ=
32,127,dHV42kMFQQ/xmNMvCAem+2HZ4MU=,spipC6JCakeWrhYF3/mMWF2BlSQ=
34,113,dHV42kMFQQ/xmNMvCAem+2HZ4MU=,spipC6JCakeWrhYF3/mMWF2BlSQ=
47,126,dHV42kMFQQ/xmNMvCAem+2HZ4MU=,spipC6JCakeWrhYF3/mMWF2BlSQ=
34,112,dHV42kMFQQ/xmNMvCAem+2HZ4MU=,spipC6JCakeWrhYF3/mMWF2BlSQ=
46,126,dHV42kMFQQ/xmNMvCAem+2HZ4MU=,spipC6JCakeWrhYF3/mMWF2BlSQ=
44,114,dHV42kMFQQ/xmNMvCAem+2HZ4MU=,spipC6JCakeWrhYF3/mMWF2BlSQ=
45,126,dHV42kMFQQ/xmNMvCAem+2HZ4MU=,spipC6JCakeWrhYF3/mMWF2BlSQ=
44,126,dHV42kMFQQ/xmNMvCAem+2HZ4MU=,spipC6JCakeWrhYF3/mMWF2BlSQ=
43,126,dHV42kMFQQ/xmNMvCAem+2HZ4MU=,spipC6JCakeWrhYF3/mMWF2BlSQ=
42,126,dHV42kMFQQ/xmNMvCAem+2HZ4MU=,spipC6JCakeWrhYF3/mMWF2BlSQ=
41,126,dHV42kMFQQ/xmNMvCAem+2HZ4MU=,spipC6JCakeWrhYF3/mMWF2BlSQ=
40,126,dHV42kMFQQ/xmNMvCAem+2HZ4MU=,spipC6JCakeWrhYF3/mMWF2BlSQ=
39,126,dHV42kMFQQ/xmNMvCAem+2HZ4MU=,spipC6JCakeWrhYF3/mMWF2BlSQ=
38,126,dHV42kMFQQ/xmNMvCAem+2HZ4MU=,spipC6JCakeWrhYF3/mMWF2BlSQ=
37,126,dHV42kMFQQ/xmNMvCAem+2HZ4MU=,spipC6JCakeWrhYF3/mMWF2BlSQ=
36,126,dHV42kMFQQ/xmNMvCAem+2HZ4MU=,spipC6JCakeWrhYF3/mMWF2BlSQ=
35,126,dHV42kMFQQ/xmNMvCAem+2HZ4MU=,spipC6JCakeWrhYF3/mMWF2BlSQ=
34,126,dHV42kMFQQ/xmNMvCAem+2HZ4MU=,spipC6JCakeWrhYF3/mMWF2BlSQ=
33,126,dHV42kMFQQ/xmNMvCAem+2HZ4MU=,spipC6JCakeWrhYF3/mMWF2BlSQ=
32,126,dHV42kMFQQ/xmNMvCAem+2HZ4MU=,spipC6JCakeWrhYF3/mMWF2BlSQ=
47,125,dHV42kMFQQ/xmNMvCAem+2HZ4MU=,spipC6JCakeWrhYF3/mMWF2BlSQ=
46,125,dHV42kMFQQ/xmNMvCAem+2HZ4MU=,spipC6JCakeWrhYF3/mMWF2BlSQ=
32,113,dHV42kMFQQ/xmNMvCAem+2HZ4MU=,spipC6JCakeWrhYF3/mMWF2BlSQ=
47,112,dHV42kMFQQ/xmNMvCAem+2HZ4MU=,spipC6JCakeWrhYF3/mMWF2BlSQ=
45,125,dHV42kMFQQ/xmNMvCAem+2HZ4MU=,spipC6JCakeWrhYF3/mMWF2BlSQ=
43,114,dHV42kMFQQ/xmNMvCAem+2HZ4MU=,spipC6JCakeWrhYF3/mMWF2BlSQ=
44,125,dHV42kMFQQ/xmNMvCAem+2HZ4MU=,spipC6JCakeWrhYF3/mMWF2BlSQ=
43,125,dHV42kMFQQ/xmNMvCAem+2HZ4MU=,spipC6JCakeWrhYF3/mMWF2BlSQ=
42,125,dHV42kMFQQ/xmNMvCAem+2HZ4MU=,spipC6JCakeWrhYF3/mMWF2BlSQ=
41,125,dHV42kMFQQ/xmNMvCAem+2HZ4MU=,spipC6JCakeWrhYF3/mMWF2BlSQ=
40,125,dHV42kMFQQ/xmNMvCAem+2HZ4MU=,spipC6JCakeWrhYF3/mMWF2BlSQ=
39,125,dHV42kMFQQ/xmNMvCAem+2HZ4MU=,spipC6JCakeWrhYF3/mMWF2BlSQ=
38,125,dHV42kMFQQ/xmNMvCAem+2HZ4MU=,spipC6JCakeWrhYF3/mMWF2BlSQ=
37,125,dHV42kMFQQ/xmNMvCAem+2HZ4MU=,spipC6JCakeWrhYF3/mMWF2BlSQ=
36,125,dHV42kMFQQ/xmNMvCAem+2HZ4MU=,spipC6JCakeWrhYF3/mMWF2BlSQ=
35,125,dHV42kMFQQ/xmNMvCAem+2HZ4MU=,spipC6JCakeWrhYF3/mMWF2BlSQ=
34,125,dHV42kMFQQ/xmNMvCAem+2HZ4MU=,spipC6JCakeWrhYF3/mMWF2BlSQ=
33,125,dHV42kMFQQ/xmNMvCAem+2HZ4MU=,spipC6JCakeWrhYF3/mMWF2BlSQ=
33,112,dHV42kMFQQ/xmNMvCAem+2HZ4MU=,spipC6JCakeWrhYF3/mMWF2BlSQ=
32,125,dHV42kMFQQ/xmNMvCAem+2HZ4MU=,spipC6JCakeWrhYF3/mMWF2BlSQ=
47,124,dHV42kMFQQ/xmNMvCAem+2HZ4MU=,spipC6JCakeWrhYF3/mMWF2BlSQ=
46,124,dHV42kMFQQ/xmNMvCAem+2HZ4MU=,spipC6JCakeWrhYF3/mMWF2BlSQ=
45,124,dHV42kMFQQ/xmNMvCAem+2HZ4MU=,spipC6JCakeWrhYF3/mMWF2BlSQ=
44,124,dHV42kMFQQ/xmNMvCAem+2HZ4MU=,spipC6JCakeWrhYF3/mMWF2BlSQ=
46,112,dHV42kMFQQ/xmNMvCAem+2HZ4MU=,spipC6JCakeWrhYF3/mMWF2BlSQ=
42,114,dHV42kMFQQ/xmNMvCAem+2HZ4MU=,spipC6JCakeWrhYF3/mMWF2BlSQ=
43,124,dHV42kMFQQ/xmNMvCAem+2HZ4MU=,spipC6JCakeWrhYF3/mMWF2BlSQ=
42,124,dHV42kMFQQ/xmNMvCAem+2HZ4MU=,spipC6JCakeWrhYF3/mMWF2BlSQ=
41,124,dHV42kMFQQ/xmNMvCAem+2HZ4MU=,spipC6JCakeWrhYF3/mMWF2BlSQ=
40,124,dHV42kMFQQ/xmNMvCAem+2HZ4MU=,spipC6JCakeWrhYF3/mMWF2BlSQ=
39,124,dHV42kMFQQ/xmNMvCAem+2HZ4MU=,spipC6JCakeWrhYF3/mMWF2BlSQ=
38,124,dHV42kMFQQ/xmNMvCAem+2HZ4MU=,spipC6JCakeWrhYF3/mMWF2BlSQ=
37,124,dHV42kMFQQ/xmNMvCAem+2HZ4MU=,spipC6JCakeWrhYF3/mMWF2BlSQ=
36,124,dHV42kMFQQ/xmNMvCAem+2HZ4MU=,spipC6JCakeWrhYF3/mMWF2BlSQ=
35,124,dHV42kMFQQ/xmNMvCAem+2HZ4MU=,spipC6JCakeWrhYF3/mMWF2BlSQ=
34,124,dHV42kMFQQ/xmNMvCAem+2HZ4MU=,spipC6JCakeWrhYF3/mMWF2BlSQ=
33,124,dHV42kMFQQ/xmNMvCAem+2HZ4MU=,spipC6JCakeWrhYF3/mMWF2BlSQ=
32,124,dHV42kMFQQ/xmNMvCAem+2HZ4MU=,spipC6JCakeWrhYF3/mMWF2BlSQ=
47,123,dHV42kMFQQ/xmNMvCAem+2HZ4MU=,spipC6JCakeWrhYF3/mMWF2BlSQ=
46,123,dHV42kMFQQ/xmNMvCAem+2HZ4MU=,spipC6JCakeWrhYF3/mMWF2BlSQ=
45,123,dHV42kMFQQ/xmNMvCAem+2HZ4MU=,spipC6JCakeWrhYF3/mMWF2BlSQ=
44,123,dHV42kMFQQ/xmNMvCAem+2HZ4MU=,spipC6JCakeWrhYF3/mMWF2BlSQ=
43,123,dHV42kMFQQ/xmNMvCAem+2HZ4MU=,spipC6JCakeWrhYF3/mMWF2BlSQ=
45,112,dHV42kMFQQ/xmNMvCAem+2HZ4MU=,spipC6JCakeWrhYF3/mMWF2BlSQ=
41,114,dHV42kMFQQ/xmNMvCAem+2HZ4MU=,spipC6JCakeWrhYF3/mMWF2BlSQ=
42,123,dHV42kMFQQ/xmNMvCAem+2HZ4MU=,spipC6JCakeWrhYF3/mMWF2BlSQ=
41,123,dHV42kMFQQ/xmNMvCAem+2HZ4MU=,spipC6JCakeWrhYF3/mMWF2BlSQ=
40,123,dHV42kMFQQ/xmNMvCAem+2HZ4MU=,spipC6JCakeWrhYF3/mMWF2BlSQ=
39,123,dHV42kMFQQ/xmNMvCAem+2HZ4MU=,spipC6JCakeWrhYF3/mMWF2BlSQ=
38,123,dHV42kMFQQ/xmNMvCAem+2HZ4MU=,spipC6JCakeWrhYF3/mMWF2BlSQ=
37,123,dHV42kMFQQ/xmNMvCAem+2HZ4MU=,spipC6JCakeWrhYF3/mMWF2BlSQ=
36,123,dHV42kMFQQ/xmNMvCAem+2HZ4MU=,spipC6JCakeWrhYF3/mMWF2BlSQ=
35,123,dHV42kMFQQ/xmNMvCAem+2HZ4MU=,spipC6JCakeWrhYF3/mMWF2BlSQ=
34,123,dHV42kMFQQ/xmNMvCAem+2HZ4MU=,spipC6JCakeWrhYF3/mMWF2BlSQ=
33,123,dHV42kMFQQ/xmNMvCAem+2HZ4MU=,spipC6JCakeWrhYF3/mMWF2BlSQ=
32,123,dHV42kMFQQ/xmNMvCAem+2HZ4MU=,spipC6JCakeWrhYF3/mMWF2BlSQ=
47,122,dHV42kMFQQ/xmNMvCAem+2HZ4MU=,spipC6JCakeWrhYF3/mMWF2BlSQ=
46,122,dHV42kMFQQ/xmNMvCAem+2HZ4MU=,spipC6JCakeWrhYF3/mMWF2BlSQ=
45,122,dHV42kMFQQ/xmNMvCAem+2HZ4MU=,spipC6JCakeWrhYF3/mMWF2BlSQ=
44,122,dHV42kMFQQ/xmNMvCAem+2HZ4MU=,spipC6JCakeWrhYF3/mMWF2BlSQ=
43,122,dHV42kMFQQ/xmNMvCAem+2HZ4MU=,spipC6JCakeWrhYF3/mMWF2BlSQ=
44,112,dHV42kMFQQ/xmNMvCAem+2HZ4MU=,spipC6JCakeWrhYF3/mMWF2BlSQ=
42,122,dHV42kMFQQ/xmNMvCAem+2HZ4MU=,spipC6JCakeWrhYF3/mMWF2BlSQ=
40,114,dHV42kMFQQ/xmNMvCAem+2HZ4MU=,spipC6JCakeWrhYF3/mMWF2BlSQ=
41,122,dHV42kMFQQ/xmNMvCAem+2HZ4MU=,spipC6JCakeWrhYF3/mMWF2BlSQ=
40,122,dHV42kMFQQ/xmNMvCAem+2HZ4MU=,spipC6JCakeWrhYF3/mMWF2BlSQ=
39,122,dHV42kMFQQ/xmNMvCAem+2HZ4MU=,spipC6JCakeWrhYF3/mMWF2BlSQ=
38,122,dHV42kMFQQ/xmNMvCAem+2HZ4MU=,spipC6JCakeWrhYF3/mMWF2BlSQ=
37,122,dHV42kMFQQ/xmNMvCAem+2HZ4MU=,spipC6JCakeWrhYF3/mMWF2BlSQ=
36,122,dHV42kMFQQ/xmNMvCAem+2HZ4MU=,spipC6JCakeWrhYF3/mMWF2BlSQ=
35,122,dHV42kMFQQ/xmNMvCAem+2HZ4MU=,spipC6JCakeWrhYF3/mMWF2BlSQ=
34,122,dHV42kMFQQ/xmNMvCAem+2HZ4MU=,spipC6JCakeWrhYF3/mMWF2BlSQ=
33,122,dHV42kMFQQ/xmNMvCAem+2HZ4MU=,spipC6JCakeWrhYF3/mMWF2BlSQ=
32,122,dHV42kMFQQ/xmNMvCAem+2HZ4MU=,spipC6JCakeWrhYF3/mMWF2BlSQ=
47,121,dHV42kMFQQ/xmNMvCAem+2HZ4MU=,spipC6JCakeWrhYF3/mMWF2BlSQ=
46,121,dHV42kMFQQ/xmNMvCAem+2HZ4MU=,spipC6JCakeWrhYF3/mMWF2BlSQ=
45,121,dHV42kMFQQ/xmNMvCAem+2HZ4MU=,spipC6JCakeWrhYF3/mMWF2BlSQ=
44,121,dHV42kMFQQ/xmNMvCAem+2HZ4MU=,spipC6JCakeWrhYF3/mMWF2BlSQ=
43,121,dHV42kMFQQ/xmNMvCAem+2HZ4MU=,spipC6JCakeWrhYF3/mMWF2BlSQ=
42,121,dHV42kMFQQ/xmNMvCAem+2HZ4MU=,spipC6JCakeWrhYF3/mMWF2BlSQ=
43,112,dHV42kMFQQ/xmNMvCAem+2HZ4MU=,spipC6JCakeWrhYF3/mMWF2BlSQ=
41,121,dHV42kMFQQ/xmNMvCAem+2HZ4MU=,spipC6JCakeWrhYF3/mMWF2BlSQ=
39,114,dHV42kMFQQ/xmNMvCAem+2HZ4MU=,spipC6JCakeWrhYF3/mMWF2BlSQ=
40,121,dHV42kMFQQ/xmNMvCAem+2HZ4MU=,spipC6JCakeWrhYF3/mMWF2BlSQ=
39,121,dHV42kMFQQ/xmNMvCAem+2HZ4MU=,spipC6JCakeWrhYF3/mMWF2BlSQ=
38,121,dHV42kMFQQ/xmNMvCAem+2HZ4MU=,spipC6JCakeWrhYF3/mMWF2BlSQ=
37,121,dHV42kMFQQ/xmNMvCAem+2HZ4MU=,spipC6JCakeWrhYF3/mMWF2BlSQ=
36,121,dHV42kMFQQ/xmNMvCAem+2HZ4MU=,spipC6JCakeWrhYF3/mMWF2BlSQ=
35,121,dHV42kMFQQ/xmNMvCAem+2HZ4MU=,spipC6JCakeWrhYF3/mMWF2BlSQ=
34,121,dHV42kMFQQ/xmNMvCAem+2HZ4MU=,spipC6JCakeWrhYF3/mMWF2BlSQ=
33,121,dHV42kMFQQ/xmNMvCAem+2HZ4MU=,spipC6JCakeWrhYF3/mMWF2BlSQ=
32,121,dHV42kMFQQ/xmNMvCAem+2HZ4MU=,spipC6JCakeWrhYF3/mMWF2BlSQ=
47,120,dHV42kMFQQ/xmNMvCAem+2HZ4MU=,spipC6JCakeWrhYF3/mMWF2BlSQ=
46,120,dHV42kMFQQ/xmNMvCAem+2HZ4MU=,spipC6JCakeWrhYF3/mMWF2BlSQ=
45,120,dHV42kMFQQ/xmNMvCAem+2HZ4MU=,spipC6JCakeWrhYF3/mMWF2BlSQ=
44,120,dHV42kMFQQ/xmNMvCAem+2HZ4MU=,spipC6JCakeWrhYF3/mMWF2BlSQ=
43,120,dHV42kMFQQ/xmNMvCAem+2HZ4MU=,spipC6JCakeWrhYF3/mMWF2BlSQ=
42,120,dHV42kMFQQ/xmNMvCAem+2HZ4MU=,spipC6JCakeWrhYF3/mMWF2BlSQ=
41,120,dHV42kMFQQ/xmNMvCAem+2HZ4MU=,spipC6JCakeWrhYF3/mMWF2BlSQ=
42,112,dHV42kMFQQ/xmNMvCAem+2HZ4MU=,spipC6JCakeWrhYF3/mMWF2BlSQ=
40,120,dHV42kMFQQ/xmNMvCAem+2HZ4MU=,spipC6JCakeWrhYF3/mMWF2BlSQ=
38,114,dHV42kMFQQ/xmNMvCAem+2HZ4MU=,spipC6JCakeWrhYF3/mMWF2BlSQ=
39,120,dHV42kMFQQ/xmNMvCAem+2HZ4MU=,spipC6JCakeWrhYF3/mMWF2BlSQ=
38,120,dHV42kMFQQ/xmNMvCAem+2HZ4MU=,spipC6JCakeWrhYF3/mMWF2BlSQ=
37,120,dHV42kMFQQ/xmNMvCAem+2HZ4MU=,spipC6JCakeWrhYF3/mMWF2BlSQ=
36,120,dHV42kMFQQ/xmNMvCAem+2HZ4MU=,spipC6JCakeWrhYF3/mMWF2BlSQ=
35,120,dHV42kMFQQ/xmNMvCAem+2HZ4MU=,spipC6JCakeWrhYF3/mMWF2BlSQ=
34,120,dHV42kMFQQ/xmNMvCAem+2HZ4MU=,spipC6JCakeWrhYF3/mMWF2BlSQ=
33,120,dHV42kMFQQ/xmNMvCAem+2HZ4MU=,spipC6JCakeWrhYF3/mMWF2BlSQ=
32,120,dHV42kMFQQ/xmNMvCAem+2HZ4MU=,spipC6JCakeWrhYF3/mMWF2BlSQ=
47,119,dHV42kMFQQ/xmNMvCAem+2HZ4MU=,spipC6JCakeWrhYF3/mMWF2BlSQ=
46,119,dHV42kMFQQ/xmNMvCAem+2HZ4MU=,spipC6JCakeWrhYF3/mMWF2BlSQ=
45,119,dHV42kMFQQ/xmNMvCAem+2HZ4MU=,spipC6JCakeWrhYF3/mMWF2BlSQ=
44,119,dHV42kMFQQ/xmNMvCAem+2HZ4MU=,spipC6JCakeWrhYF3/mMWF2BlSQ=
43,119,dHV42kMFQQ/xmNMvCAem+2HZ4MU=,spipC6JCakeWrhYF3/mMWF2BlSQ=
42,119,dHV42kMFQQ/xmNMvCAem+2HZ4MU=,spipC6JCakeWrhYF3/mMWF2BlSQ=
41,119,dHV42kMFQQ/xmNMvCAem+2HZ4MU=,spipC6JCakeWrhYF3/mMWF2BlSQ=
40,119,dHV42kMFQQ/xmNMvCAem+2HZ4MU=,spipC6JCakeWrhYF3/mMWF2BlSQ=
41,112,dHV42kMFQQ/xmNMvCAem+2HZ4MU=,spipC6JCakeWrhYF3/mMWF2BlSQ=
39,119,dHV42kMFQQ/xmNMvCAem+2HZ4MU=,spipC6JCakeWrhYF3/mMWF2BlSQ=
37,114,dHV42kMFQQ/xmNMvCAem+2HZ4MU=,spipC6JCakeWrhYF3/mMWF2BlSQ=
38,119,dHV42kMFQQ/xmNMvCAem+2HZ4MU=,spipC6JCakeWrhYF3/mMWF2BlSQ=
37,119,dHV42kMFQQ/xmNMvCAem+2HZ4MU=,spipC6JCakeWrhYF3/mMWF2BlSQ=
36,119,dHV42kMFQQ/xmNMvCAem+2HZ4MU=,spipC6JCakeWrhYF3/mMWF2BlSQ=
35,119,dHV42kMFQQ/xmNMvCAem+2HZ4MU=,spipC6JCakeWrhYF3/mMWF2BlSQ=
34,119,dHV42kMFQQ/xmNMvCAem+2HZ4MU=,spipC6JCakeWrhYF3/mMWF2BlSQ=
33,119,dHV42kMFQQ/xmNMvCAem+2HZ4MU=,spipC6JCakeWrhYF3/mMWF2BlSQ=
32,119,dHV42kMFQQ/xmNMvCAem+2HZ4MU=,spipC6JCakeWrhYF3/mMWF2BlSQ=
47,118,dHV42kMFQQ/xmNMvCAem+2HZ4MU=,spipC6JCakeWrhYF3/mMWF2BlSQ=
46,118,dHV42kMFQQ/xmNMvCAem+2HZ4MU=,spipC6JCakeWrhYF3/mMWF2BlSQ=
45,118,dHV42kMFQQ/xmNMvCAem+2HZ4MU=,spipC6JCakeWrhYF3/mMWF2BlSQ=
44,118,dHV42kMFQQ/xmNMvCAem+2HZ4MU=,spipC6JCakeWrhYF3/mMWF2BlSQ=
43,118,dHV42kMFQQ/xmNMvCAem+2HZ4MU=,spipC6JCakeWrhYF3/mMWF2BlSQ=
42,118,dHV42kMFQQ/xmNMvCAem+2HZ4MU=,spipC6JCakeWrhYF3/mMWF2BlSQ=
41,118,dHV42kMFQQ/xmNMvCAem+2HZ4MU=,spipC6JCakeWrhYF3/mMWF2BlSQ=
40,118,dHV42kMFQQ/xmNMvCAem+2HZ4MU=,spipC6JCakeWrhYF3/mMWF2BlSQ=
39,118,dHV42kMFQQ/xmNMvCAem+2HZ4MU=,spipC6JCakeWrhYF3/mMWF2BlSQ=
40,112,dHV42kMFQQ/xmNMvCAem+2HZ4MU=,spipC6JCakeWrhYF3/mMWF2BlSQ=
38,118,dHV42kMFQQ/xmNMvCAem+2HZ4MU=,spipC6JCakeWrhYF3/mMWF2BlSQ=
36,114,dHV42kMFQQ/xmNMvCAem+2HZ4MU=,spipC6JCakeWrhYF3/mMWF2BlSQ=
37,118,dHV42kMFQQ/xmNMvCAem+2HZ4MU=,spipC6JCakeWrhYF3/mMWF2BlSQ=
36,118,dHV42kMFQQ/xmNMvCAem+2HZ4MU=,spipC6JCakeWrhYF3/mMWF2BlSQ=
35,118,dHV42kMFQQ/xmNMvCAem+2HZ4MU=,spipC6JCakeWrhYF3/mMWF2BlSQ=
34,118,dHV42kMFQQ/xmNMvCAem+2HZ4MU=,spipC6JCakeWrhYF3/mMWF2BlSQ=
33,118,dHV42kMFQQ/xmNMvCAem+2HZ4MU=,spipC6JCakeWrhYF3/mMWF2BlSQ=
32,118,dHV42kMFQQ/xmNMvCAem+2HZ4MU=,spipC6JCakeWrhYF3/mMWF2BlSQ=
47,117,dHV42kMFQQ/xmNMvCAem+2HZ4MU=,spipC6JCakeWrhYF3/mMWF2BlSQ=
46,117,dHV42kMFQQ/xmNMvCAem+2HZ4MU=,spipC6JCakeWrhYF3/mMWF2BlSQ=
45,117,dHV42kMFQQ/xmNMvCAem+2HZ4MU=,spipC6JCakeWrhYF3/mMWF2BlSQ=
44,117,dHV42kMFQQ/xmNMvCAem+2HZ4MU=,spipC6JCakeWrhYF3/mMWF2BlSQ=
43,117,dHV42kMFQQ/xmNMvCAem+2HZ4MU=,spipC6JCakeWrhYF3/mMWF2BlSQ=
42,117,dHV42kMFQQ/xmNMvCAem+2HZ4MU=,spipC6JCakeWrhYF3/mMWF2BlSQ=
41,117,dHV42kMFQQ/xmNMvCAem+2HZ4MU=,spipC6JCakeWrhYF3/mMWF2BlSQ=
40,117,dHV42kMFQQ/xmNMvCAem+2HZ4MU=,spipC6JCakeWrhYF3/mMWF2BlSQ=
39,117,dHV42kMFQQ/xmNMvCAem+2HZ4MU=,spipC6JCakeWrhYF3/mMWF2BlSQ=
38,117,dHV42kMFQQ/xmNMvCAem+2HZ4MU=,spipC6JCakeWrhYF3/mMWF2BlSQ=
39,112,dHV42kMFQQ/xmNMvCAem+2HZ4MU=,spipC6JCakeWrhYF3/mMWF2BlSQ=
37,117,dHV42kMFQQ/xmNMvCAem+2HZ4MU=,spipC6JCakeWrhYF3/mMWF2BlSQ=
35,114,dHV42kMFQQ/xmNMvCAem+2HZ4MU=,spipC6JCakeWrhYF3/mMWF2BlSQ=
36,117,dHV42kMFQQ/xmNMvCAem+2HZ4MU=,spipC6JCakeWrhYF3/mMWF2BlSQ=
35,117,dHV42kMFQQ/xmNMvCAem+2HZ4MU=,spipC6JCakeWrhYF3/mMWF2BlSQ=
34,117,dHV42kMFQQ/xmNMvCAem+2HZ4MU=,spipC6JCakeWrhYF3/mMWF2BlSQ=
33,117,dHV42kMFQQ/xmNMvCAem+2HZ4MU=,spipC6JCakeWrhYF3/mMWF2BlSQ=
32,117,dHV42kMFQQ/xmNMvCAem+2HZ4MU=,spipC6JCakeWrhYF3/mMWF2BlSQ=
47,116,dHV42kMFQQ/xmNMvCAem+2HZ4MU=,spipC6JCakeWrhYF3/mMWF2BlSQ=
38,112,dHV42kMFQQ/xmNMvCAem+2HZ4MU=,spipC6JCakeWrhYF3/mMWF2BlSQ=
46,116,dHV42kMFQQ/xmNMvCAem+2HZ4MU=,spipC6JCakeWrhYF3/mMWF2BlSQ=
45,116,dHV42kMFQQ/xmNMvCAem+2HZ4MU=,spipC6JCakeWrhYF3/mMWF2BlSQ=
44,116,dHV42kMFQQ/xmNMvCAem+2HZ4MU=,spipC6JCakeWrhYF3/mMWF2BlSQ=
43,116,dHV42kMFQQ/xmNMvCAem+2HZ4MU=,spipC6JCakeWrhYF3/mMWF2BlSQ=
42,116,dHV42kMFQQ/xmNMvCAem+2HZ4MU=,spipC6JCakeWrhYF3/mMWF2BlSQ=
41,116,dHV42kMFQQ/xmNMvCAem+2HZ4MU=,spipC6JCakeWrhYF3/mMWF2BlSQ=
40,116,dHV42kMFQQ/xmNMvCAem+2HZ4MU=,spipC6JCakeWrhYF3/mMWF2BlSQ=
39,116,dHV42kMFQQ/xmNMvCAem+2HZ4MU=,spipC6JCakeWrhYF3/mMWF2BlSQ=
38,116,dHV42kMFQQ/xmNMvCAem+2HZ4MU=,spipC6JCakeWrhYF3/mMWF2BlSQ=
37,116,dHV42kMFQQ/xmNMvCAem+2HZ4MU=,spipC6JCakeWrhYF3/mMWF2BlSQ=
36,116,dHV42kMFQQ/xmNMvCAem+2HZ4MU=,spipC6JCakeWrhYF3/mMWF2BlSQ=
37,112,dHV42kMFQQ/xmNMvCAem+2HZ4MU=,spipC6JCakeWrhYF3/mMWF2BlSQ=
34,114,dHV42kMFQQ/xmNMvCAem+2HZ4MU=,spipC6JCakeWrhYF3/mMWF2BlSQ=
35,116,dHV42kMFQQ/xmNMvCAem+2HZ4MU=,spipC6JCakeWrhYF3/mMWF2BlSQ=
34,116,dHV42kMFQQ/xmNMvCAem+2HZ4MU=,spipC6JCakeWrhYF3/mMWF2BlSQ=
33,116,dHV42kMFQQ/xmNMvCAem+2HZ4MU=,spipC6JCakeWrhYF3/mMWF2BlSQ=
32,116,dHV42kMFQQ/xmNMvCAem+2HZ4MU=,spipC6JCakeWrhYF3/mMWF2BlSQ=
47,115,dHV42kMFQQ/xmNMvCAem+2HZ4MU=,spipC6JCakeWrhYF3/mMWF2BlSQ=
33,114,dHV42kMFQQ/xmNMvCAem+2HZ4MU=,spipC6JCakeWrhYF3/mMWF2BlSQ=
46,115,dHV42kMFQQ/xmNMvCAem+2HZ4MU=,spipC6JCakeWrhYF3/mMWF2BlSQ=
32,112,dHV42kMFQQ/xmNMvCAem+2HZ4MU=,spipC6JCakeWrhYF3/mMWF2BlSQ=
45,115,dHV42kMFQQ/xmNMvCAem+2HZ4MU=,spipC6JCakeWrhYF3/mMWF2BlSQ=
44,115,dHV42kMFQQ/xmNMvCAem+2HZ4MU=,spipC6JCakeWrhYF3/mMWF2BlSQ=
43,115,dHV42kMFQQ/xmNMvCAem+2HZ4MU=,spipC6JCakeWrhYF3/mMWF2BlSQ=
42,115,dHV42kMFQQ/xmNMvCAem+2HZ4MU=,spipC6JCakeWrhYF3/mMWF2BlSQ=
41,115,dHV42kMFQQ/xmNMvCAem+2HZ4MU=,spipC6JCakeWrhYF3/mMWF2BlSQ=
40,115,dHV42kMFQQ/xmNMvCAem+2HZ4MU=,spipC6JCakeWrhYF3/mMWF2BlSQ=
39,115,dHV42kMFQQ/xmNMvCAem+2HZ4MU=,spipC6JCakeWrhYF3/mMWF2BlSQ=
38,115,dHV42kMFQQ/xmNMvCAem+2HZ4MU=,spipC6JCakeWrhYF3/mMWF2BlSQ=
37,115,dHV42kMFQQ/xmNMvCAem+2HZ4MU=,spipC6JCakeWrhYF3/mMWF2BlSQ=
36,115,dHV42kMFQQ/xmNMvCAem+2HZ4MU=,spipC6JCakeWrhYF3/mMWF2BlSQ=
35,115,dHV42kMFQQ/xmNMvCAem+2HZ4MU=,spipC6JCakeWrhYF3/mMWF2BlSQ=
36,112,dHV42kMFQQ/xmNMvCAem+2HZ4MU=,spipC6JCakeWrhYF3/mMWF2BlSQ=
32,114,dHV42kMFQQ/xmNMvCAem+2HZ4MU=,spipC6JCakeWrhYF3/mMWF2BlSQ=
34,115,dHV42kMFQQ/xmNMvCAem+2HZ4MU=,spipC6JCakeWrhYF3/mMWF2BlSQ=
33,115,dHV42kMFQQ/xmNMvCAem+2HZ4MU=,spipC6JCakeWrhYF3/mMWF2BlSQ=
32,115,dHV42kMFQQ/xmNMvCAem+2HZ4MU=,spipC6JCakeWrhYF3/mMWF2BlSQ=
47,114,dHV42kMFQQ/xmNMvCAem+2HZ4MU=,spipC6JCakeWrhYF3/mMWF2BlSQ=
62,114,qll13Z9xz85Vz6UBNp9qTMZ87R4=,MLT+uYN6GL1yvy0VXxzjmFr8t44=
63,127,qll13Z9xz85Vz6UBNp9qTMZ87R4=,MLT+uYN6GL1yvy0VXxzjmFr8t44=
61,114,qll13Z9xz85Vz6UBNp9qTMZ87R4=,MLT+uYN6GL1yvy0VXxzjmFr8t44=
62,127,qll13Z9xz85Vz6UBNp9qTMZ87R4=,MLT+uYN6GL1yvy0VXxzjmFr8t44=
51,112,qll13Z9xz85Vz6UBNp9qTMZ87R4=,MLT+uYN6GL1yvy0VXxzjmFr8t44=
61,127,qll13Z9xz85Vz6UBNp9qTMZ87R4=,MLT+uYN6GL1yvy0VXxzjmFr8t44=
60,127,qll13Z9xz85Vz6UBNp9qTMZ87R4=,MLT+uYN6GL1yvy0VXxzjmFr8t44=
59,127,qll13Z9xz85Vz6UBNp9qTMZ87R4=,MLT+uYN6GL1yvy0VXxzjmFr8t44=
58,127,qll13Z9xz85Vz6UBNp9qTMZ87R4=,MLT+uYN6GL1yvy0VXxzjmFr8t44=
57,127,qll13Z9xz85Vz6UBNp9qTMZ87R4=,MLT+uYN6GL1yvy0VXxzjmFr8t44=
56,127,qll13Z9xz85Vz6UBNp9qTMZ87R4=,MLT+uYN6GL1yvy0VXxzjmFr8t44=
55,127,qll13Z9xz85Vz6UBNp9qTMZ87R4=,MLT+uYN6GL1yvy0VXxzjmFr8t44=
54,127,qll13Z9xz85Vz6UBNp9qTMZ87R4=,MLT+uYN6GL1yvy0VXxzjmFr8t44=
53,127,qll13Z9xz85Vz6UBNp9qTMZ87R4=,MLT+uYN6GL1yvy0VXxzjmFr8t44=
52,127,qll13Z9xz85Vz6UBNp9qTMZ87R4=,MLT+uYN6GL1yvy0VXxzjmFr8t44=
51,127,qll13Z9xz85Vz6UBNp9qTMZ87R4=,MLT+uYN6GL1yvy0VXxzjmFr8t44=
50,127,qll13Z9xz85Vz6UBNp9qTMZ87R4=,MLT+uYN6GL1yvy0VXxzjmFr8t44=
63,113,qll13Z9xz85Vz6UBNp9qTMZ87R4=,MLT+uYN6GL1yvy0VXxzjmFr8t44=
49,113,qll13Z9xz85Vz6UBNp9qTMZ87R4=,MLT+uYN6GL1yvy0VXxzjmFr8t44=
49,127,qll13Z9xz85Vz6UBNp9qTMZ87R4=,MLT+uYN6GL1yvy0VXxzjmFr8t44=
62,113,qll13Z9xz85Vz6UBNp9qTMZ87R4=,MLT+uYN6GL1yvy0VXxzjmFr8t44=
61,113,qll13Z9xz85Vz6UBNp9qTMZ87R4=,MLT+uYN6GL1yvy0VXxzjmFr8t44=
60,113,qll13Z9xz85Vz6UBNp9qTMZ87R4=,MLT+uYN6GL1yvy0VXxzjmFr8t44=
59,113,qll13Z9xz85Vz6UBNp9qTMZ87R4=,MLT+uYN6GL1yvy0VXxzjmFr8t44=
58,113,qll13Z9xz85Vz6UBNp9qTMZ87R4=,MLT+uYN6GL1yvy0VXxzjmFr8t44=
57,113,qll13Z9xz85Vz6UBNp9qTMZ87R4=,MLT+uYN6GL1yvy0VXxzjmFr8t44=
56,113,qll13Z9xz85Vz6UBNp9qTMZ87R4=,MLT+uYN6GL1yvy0VXxzjmFr8t44=
55,113,qll13Z9xz85Vz6UBNp9qTMZ87R4=,MLT+uYN6GL1yvy0VXxzjmFr8t44=
54,113,qll13Z9xz85Vz6UBNp9qTMZ87R4=,MLT+uYN6GL1yvy0VXxzjmFr8t44=
53,113,qll13Z9xz85Vz6UBNp9qTMZ87R4=,MLT+uYN6GL1yvy0VXxzjmFr8t44=
52,113,qll13Z9xz85Vz6UBNp9qTMZ87R4=,MLT+uYN6GL1yvy0VXxzjmFr8t44=
51,113,qll13Z9xz85Vz6UBNp9qTMZ87R4=,MLT+uYN6GL1yvy0VXxzjmFr8t44=
48,127,qll13Z9xz85Vz6UBNp9qTMZ87R4=,MLT+uYN6GL1yvy0VXxzjmFr8t44=
50,113,qll13Z9xz85Vz6UBNp9qTMZ87R4=,MLT+uYN6GL1yvy0VXxzjmFr8t44=
63,126,qll13Z9xz85Vz6UBNp9qTMZ87R4=,MLT+uYN6GL1yvy0VXxzjmFr8t44=
62,126,qll13Z9xz85Vz6UBNp9qTMZ87R4=,MLT+uYN6GL1yvy0VXxzjmFr8t44=
50,112,qll13Z9xz85Vz6UBNp9qTMZ87R4=,MLT+uYN6GL1yvy0VXxzjmFr8t44=
60,114,qll13Z9xz85Vz6UBNp9qTMZ87R4=,MLT+uYN6GL1yvy0VXxzjmFr8t44=
61,126,qll13Z9xz85Vz6UBNp9qTMZ87R4=,MLT+uYN6GL1yvy0VXxzjmFr8t44=
60,126,qll13Z9xz85Vz6UBNp9qTMZ87R4=,MLT+uYN6GL1yvy0VXxzjmFr8t44=
59,126,qll13Z9xz85Vz6UBNp9qTMZ87R4=,MLT+uYN6GL1yvy0VXxzjmFr8t44=
58,126,qll13Z9xz85Vz6UBNp9qTMZ87R4=,MLT+uYN6GL1yvy0VXxzjmFr8t44=
57,126,qll13Z9xz85Vz6UBNp9qTMZ87R4=,MLT+uYN6GL1yvy0VXxzjmFr8t44=
56,126,qll13Z9xz85Vz6UBNp9qTMZ87R4=,MLT+uYN6GL1yvy0VXxzjmFr8t44=
55,126,qll13Z9xz85Vz6UBNp9qTMZ87R4=,MLT+uYN6GL1yvy0VXxzjmFr8t44=
54,126,qll13Z9xz85Vz6UBNp9qTMZ87R4=,MLT+uYN6GL1yvy0VXxzjmFr8t44=
53,126,qll13Z9xz85Vz6UBNp9qTMZ87R4=,MLT+uYN6GL1yvy0VXxzjmFr8t44=
52,126,qll13Z9xz85Vz6UBNp9qTMZ87R4=,MLT+uYN6GL1yvy0VXxzjmFr8t44=
51,126,qll13Z9xz85Vz6UBNp9qTMZ87R4=,MLT+uYN6GL1yvy0VXxzjmFr8t44=
50,126,qll13Z9xz85Vz6UBNp9qTMZ87R4=,MLT+uYN6GL1yvy0VXxzjmFr8t44=
49,126,qll13Z9xz85Vz6UBNp9qTMZ87R4=,MLT+uYN6GL1yvy0VXxzjmFr8t44=
48,126,qll13Z9xz85Vz6UBNp9qTMZ87R4=,MLT+uYN6GL1yvy0VXxzjmFr8t44=
63,125,qll13Z9xz85Vz6UBNp9qTMZ87R4=,MLT+uYN6GL1yvy0VXxzjmFr8t44=
62,125,qll13Z9xz85Vz6UBNp9qTMZ87R4=,MLT+uYN6GL1yvy0VXxzjmFr8t44=
48,113,qll13Z9xz85Vz6UBNp9qTMZ87R4=,MLT+uYN6GL1yvy0VXxzjmFr8t44=
61,125,qll13Z9xz85Vz6UBNp9qTMZ87R4=,MLT+uYN6GL1yvy0VXxzjmFr8t44=
63,112,qll13Z9xz85Vz6UBNp9qTMZ87R4=,MLT+uYN6GL1yvy0VXxzjmFr8t44=
59,114,qll13Z9xz85Vz6UBNp9qTMZ87R4=,MLT+uYN6GL1yvy0VXxzjmFr8t44=
60,125,qll13Z9xz85Vz6UBNp9qTMZ87R4=,MLT+uYN6GL1yvy0VXxzjmFr8t44=
59,125,qll13Z9xz85Vz6UBNp9qTMZ87R4=,MLT+uYN6GL1yvy0VXxzjmFr8t44=
58,125,qll13Z9xz85Vz6UBNp9qTMZ87R4=,MLT+uYN6GL1yvy0VXxzjmFr8t44=
57,125,qll13Z9xz85Vz6UBNp9qTMZ87R4=,MLT+uYN6GL1yvy0VXxzjmFr8t44=
56,125,qll13Z9xz85Vz6UBNp9qTMZ87R4=,MLT+uYN6GL1yvy0VXxzjmFr8t44=
55,125,qll13Z9xz85Vz6UBNp9qTMZ87R4=,MLT+uYN6GL1yvy0VXxzjmFr8t44=
54,125,qll13Z9xz85Vz6UBNp9qTMZ87R4=,MLT+uYN6GL1yvy0VXxzjmFr8t44=
53,125,qll13Z9xz85Vz6UBNp9qTMZ87R4=,MLT+uYN6GL1yvy0VXxzjmFr8t44=
52,125,qll13Z9xz85Vz6UBNp9qTMZ87R4=,MLT+uYN6GL1yvy0VXxzjmFr8t44=
51,125,qll13Z9xz85Vz6UBNp9qTMZ87R4=,MLT+uYN6GL1yvy0VXxzjmFr8t44=
50,125,qll13Z9xz85Vz6UBNp9qTMZ87R4=,MLT+uYN6GL1yvy0VXxzjmFr8t44=
49,125,qll13Z9xz85Vz6UBNp9qTMZ87R4=,MLT+uYN6GL1yvy0VXxzjmFr8t44=
48,125,qll13Z9xz85Vz6UBNp9qTMZ87R4=,MLT+uYN6GL1yvy0VXxzjmFr8t44=
49,112,qll13Z9xz85Vz6UBNp9qTMZ87R4=,MLT+uYN6GL1yvy0VXxzjmFr8t44=
63,124,qll13Z9xz85Vz6UBNp9qTMZ87R4=,MLT+uYN6GL1yvy0VXxzjmFr8t44=
62,124,ChKOc7zR0dykQJO1vko47SbfjuA=,MLT+uYN6GL1yvy0VXxzjmFr8t44=
61,124,ChKOc7zR0dykQJO1vko47SbfjuA=,MLT+uYN6GL1yvy0VXxzjmFr8t44=
62,112,ChKOc7zR0dykQJO1vko47SbfjuA=,MLT+uYN6GL1yvy0VXxzjmFr8t44=
60,124,ChKOc7zR0dykQJO1vko47SbfjuA=,MLT+uYN6GL1yvy0VXxzjmFr8t44=
58,114,ChKOc7zR0dykQJO1vko47SbfjuA=,MLT+uYN6GL1yvy0VXxzjmFr8t44=
59,124,ChKOc7zR0dykQJO1vko47SbfjuA=,MLT+uYN6GL1yvy0VXxzjmFr8t44=
58,124,ChKOc7zR0dykQJO1vko47SbfjuA=,MLT+uYN6GL1yvy0VXxzjmFr8t44=
57,124,ChKOc7zR0dykQJO1vko47SbfjuA=,MLT+uYN6GL1yvy0VXxzjmFr8t44=
56,124,ChKOc7zR0dykQJO1vko47SbfjuA=,MLT+uYN6GL1yvy0VXxzjmFr8t44=
55,124,ChKOc7zR0dykQJO1vko47SbfjuA=,MLT+uYN6GL1yvy0VXxzjmFr8t44=
54,124,ChKOc7zR0dykQJO1vko47SbfjuA=,MLT+uYN6GL1yvy0VXxzjmFr8t44=
53,124,ChKOc7zR0dykQJO1vko47SbfjuA=,MLT+uYN6GL1yvy0VXxzjmFr8t44=
52,124,ChKOc7zR0dykQJO1vko47SbfjuA=,MLT+uYN6GL1yvy0VXxzjmFr8t44=
51,124,ChKOc7zR0dykQJO1vko47SbfjuA=,MLT+uYN6GL1yvy0VXxzjmFr8t44=
50,124,ChKOc7zR0dykQJO1vko47SbfjuA=,MLT+uYN6GL1yvy0VXxzjmFr8t44=
49,124,ChKOc7zR0dykQJO1vko47SbfjuA=,MLT+uYN6GL1yvy0VXxzjmFr8t44=
48,124,ChKOc7zR0dykQJO1vko47SbfjuA=,MLT+uYN6GL1yvy0VXxzjmFr8t44=
63,123,ChKOc7zR0dykQJO1vko47SbfjuA=,MLT+uYN6GL1yvy0VXxzjmFr8t44=
62,123,ChKOc7zR0dykQJO1vko47SbfjuA=,MLT+uYN6GL1yvy0VXxzjmFr8t44=
61,123,ChKOc7zR0dykQJO1vko47SbfjuA=,MLT+uYN6GL1yvy0VXxzjmFr8t44=
61,112,ChKOc7zR0dykQJO1vko47SbfjuA=,MLT+uYN6GL1yvy0VXxzjmFr8t44=
60,123,ChKOc7zR0dykQJO1vko47SbfjuA=,MLT+uYN6GL1yvy0VXxzjmFr8t44=
59,123,ChKOc7zR0dykQJO1vko47SbfjuA=,MLT+uYN6GL1yvy0VXxzjmFr8t44=
58,123,ChKOc7zR0dykQJO1vko47SbfjuA=,MLT+uYN6GL1yvy0VXxzjmFr8t44=
57,123,ChKOc7zR0dykQJO1vko47SbfjuA=,MLT+uYN6GL1yvy0VXxzjmFr8t44=
56,123,ChKOc7zR0dykQJO1vko47SbfjuA=,MLT+uYN6GL1yvy0VXxzjmFr8t44=
57,114,ChKOc7zR0dykQJO1vko47SbfjuA=,MLT+uYN6GL1yvy0VXxzjmFr8t44=
55,123,ChKOc7zR0dykQJO1vko47SbfjuA=,MLT+uYN6GL1yvy0VXxzjmFr8t44=
54,123,ChKOc7zR0dykQJO1vko47SbfjuA=,MLT+uYN6GL1yvy0VXxzjmFr8t44=
53,123,ChKOc7zR0dykQJO1vko47SbfjuA=,MLT+uYN6GL1yvy0VXxzjmFr8t44=
52,123,ChKOc7zR0dykQJO1vko47SbfjuA=,MLT+uYN6GL1yvy0VXxzjmFr8t44=
51,123,ChKOc7zR0dykQJO1vko47SbfjuA=,MLT+uYN6GL1yvy0VXxzjmFr8t44=
49,123,ChKOc7zR0dykQJO1vko47SbfjuA=,MLT+uYN6GL1yvy0VXxzjmFr8t44=
48,123,ChKOc7zR0dykQJO1vko47SbfjuA=,MLT+uYN6GL1yvy0VXxzjmFr8t44=
63,122,ChKOc7zR0dykQJO1vko47SbfjuA=,MLT+uYN6GL1yvy0VXxzjmFr8t44=
50,123,ChKOc7zR0dykQJO1vko47SbfjuA=,MLT+uYN6GL1yvy0VXxzjmFr8t44=
62,122,ChKOc7zR0dykQJO1vko47SbfjuA=,MLT+uYN6GL1yvy0VXxzjmFr8t44=
61,122,ChKOc7zR0dykQJO1vko47SbfjuA=,MLT+uYN6GL1yvy0VXxzjmFr8t44=
60,122,ChKOc7zR0dykQJO1vko47SbfjuA=,MLT+uYN6GL1yvy0VXxzjmFr8t44=
59,122,ChKOc7zR0dykQJO1vko47SbfjuA=,MLT+uYN6GL1yvy0VXxzjmFr8t44=
58,122,ChKOc7zR0dykQJO1vko47SbfjuA=,MLT+uYN6GL1yvy0VXxzjmFr8t44=
56,114,ChKOc7zR0dykQJO1vko47SbfjuA=,MLT+uYN6GL1yvy0VXxzjmFr8t44=
60,112,ChKOc7zR0dykQJO1vko47SbfjuA=,MLT+uYN6GL1yvy0VXxzjmFr8t44=
57,122,ChKOc7zR0dykQJO1vko47SbfjuA=,MLT+uYN6GL1yvy0VXxzjmFr8t44=
55,122,ChKOc7zR0dykQJO1vko47SbfjuA=,MLT+uYN6GL1yvy0VXxzjmFr8t44=
56,122,ChKOc7zR0dykQJO1vko47SbfjuA=,MLT+uYN6GL1yvy0VXxzjmFr8t44=
54,122,ChKOc7zR0dykQJO1vko47SbfjuA=,MLT+uYN6GL1yvy0VXxzjmFr8t44=
53,122,ChKOc7zR0dykQJO1vko47SbfjuA=,MLT+uYN6GL1yvy0VXxzjmFr8t44=
51,122,ChKOc7zR0dykQJO1vko47SbfjuA=,MLT+uYN6GL1yvy0VXxzjmFr8t44=
52,122,ChKOc7zR0dykQJO1vko47SbfjuA=,MLT+uYN6GL1yvy0VXxzjmFr8t44=
49,122,ChKOc7zR0dykQJO1vko47SbfjuA=,MLT+uYN6GL1yvy0VXxzjmFr8t44=
50,122,ChKOc7zR0dykQJO1vko47SbfjuA=,MLT+uYN6GL1yvy0VXxzjmFr8t44=
48,122,ChKOc7zR0dykQJO1vko47SbfjuA=,MLT+uYN6GL1yvy0VXxzjmFr8t44=
63,121,ChKOc7zR0dykQJO1vko47SbfjuA=,MLT+uYN6GL1yvy0VXxzjmFr8t44=
62,121,ChKOc7zR0dykQJO1vko47SbfjuA=,MLT+uYN6GL1yvy0VXxzjmFr8t44=
61,121,ChKOc7zR0dykQJO1vko47SbfjuA=,MLT+uYN6GL1yvy0VXxzjmFr8t44=
60,121,ChKOc7zR0dykQJO1vko47SbfjuA=,MLT+uYN6GL1yvy0VXxzjmFr8t44=
58,121,ChKOc7zR0dykQJO1vko47SbfjuA=,MLT+uYN6GL1yvy0VXxzjmFr8t44=
59,121,ChKOc7zR0dykQJO1vko47SbfjuA=,MLT+uYN6GL1yvy0VXxzjmFr8t44=
57,121,ChKOc7zR0dykQJO1vko47SbfjuA=,MLT+uYN6GL1yvy0VXxzjmFr8t44=
59,112,ChKOc7zR0dykQJO1vko47SbfjuA=,MLT+uYN6GL1yvy0VXxzjmFr8t44=
55,114,ChKOc7zR0dykQJO1vko47SbfjuA=,MLT+uYN6GL1yvy0VXxzjmFr8t44=
56,121,ChKOc7zR0dykQJO1vko47SbfjuA=,MLT+uYN6GL1yvy0VXxzjmFr8t44=
55,121,ChKOc7zR0dykQJO1vko47SbfjuA=,MLT+uYN6GL1yvy0VXxzjmFr8t44=
53,121,ChKOc7zR0dykQJO1vko47SbfjuA=,MLT+uYN6GL1yvy0VXxzjmFr8t44=
54,121,ChKOc7zR0dykQJO1vko47SbfjuA=,MLT+uYN6GL1yvy0VXxzjmFr8t44=
52,121,ChKOc7zR0dykQJO1vko47SbfjuA=,MLT+uYN6GL1yvy0VXxzjmFr8t44=
51,121,ChKOc7zR0dykQJO1vko47SbfjuA=,MLT+uYN6GL1yvy0VXxzjmFr8t44=
50,121,ChKOc7zR0dykQJO1vko47SbfjuA=,MLT+uYN6GL1yvy0VXxzjmFr8t44=
49,121,ChKOc7zR0dykQJO1vko47SbfjuA=,MLT+uYN6GL1yvy0VXxzjmFr8t44=
63,120,ChKOc7zR0dykQJO1vko47SbfjuA=,MLT+uYN6GL1yvy0VXxzjmFr8t44=
48,121,ChKOc7zR0dykQJO1vko47SbfjuA=,MLT+uYN6GL1yvy0VXxzjmFr8t44=
62,120,ChKOc7zR0dykQJO1vko47SbfjuA=,MLT+uYN6GL1yvy0VXxzjmFr8t44=
61,120,ChKOc7zR0dykQJO1vko47SbfjuA=,MLT+uYN6GL1yvy0VXxzjmFr8t44=
59,120,ChKOc7zR0dykQJO1vko47SbfjuA=,MLT+uYN6GL1yvy0VXxzjmFr8t44=
60,120,ChKOc7zR0dykQJO1vko47SbfjuA=,MLT+uYN6GL1yvy0VXxzjmFr8t44=
57,120,ChKOc7zR0dykQJO1vko47SbfjuA=,MLT+uYN6GL1yvy0VXxzjmFr8t44=
58,120,ChKOc7zR0dykQJO1vko47SbfjuA=,MLT+uYN6GL1yvy0VXxzjmFr8t44=
58,112,ChKOc7zR0dykQJO1vko47SbfjuA=,MLT+uYN6GL1yvy0VXxzjmFr8t44=
56,120,ChKOc7zR0dykQJO1vko47SbfjuA=,MLT+uYN6GL1yvy0VXxzjmFr8t44=
55,120,ChKOc7zR0dykQJO1vko47SbfjuA=,MLT+uYN6GL1yvy0VXxzjmFr8t44=
54,114,ChKOc7zR0dykQJO1vko47SbfjuA=,MLT+uYN6GL1yvy0VXxzjmFr8t44=
54,120,ChKOc7zR0dykQJO1vko47SbfjuA=,MLT+uYN6GL1yvy0VXxzjmFr8t44=
53,120,ChKOc7zR0dykQJO1vko47SbfjuA=,MLT+uYN6GL1yvy0VXxzjmFr8t44=
52,120,ChKOc7zR0dykQJO1vko47SbfjuA=,MLT+uYN6GL1yvy0VXxzjmFr8t44=
51,120,ChKOc7zR0dykQJO1vko47SbfjuA=,MLT+uYN6GL1yvy0VXxzjmFr8t44=
50,120,ChKOc7zR0dykQJO1vko47SbfjuA=,MLT+uYN6GL1yvy0VXxzjmFr8t44=
49,120,ChKOc7zR0dykQJO1vko47SbfjuA=,MLT+uYN6GL1yvy0VXxzjmFr8t44=
48,120,ChKOc7zR0dykQJO1vko47SbfjuA=,MLT+uYN6GL1yvy0VXxzjmFr8t44=
63,119,ChKOc7zR0dykQJO1vko47SbfjuA=,MLT+uYN6GL1yvy0VXxzjmFr8t44=
62,119,ChKOc7zR0dykQJO1vko47SbfjuA=,MLT+uYN6GL1yvy0VXxzjmFr8t44=
61,119,ChKOc7zR0dykQJO1vko47SbfjuA=,MLT+uYN6GL1yvy0VXxzjmFr8t44=
60,119,ChKOc7zR0dykQJO1vko47SbfjuA=,MLT+uYN6GL1yvy0VXxzjmFr8t44=
59,119,ChKOc7zR0dykQJO1vko47SbfjuA=,MLT+uYN6GL1yvy0VXxzjmFr8t44=
58,119,ChKOc7zR0dykQJO1vko47SbfjuA=,MLT+uYN6GL1yvy0VXxzjmFr8t44=
57,119,ChKOc7zR0dykQJO1vko47SbfjuA=,MLT+uYN6GL1yvy0VXxzjmFr8t44=
56,119,ChKOc7zR0dykQJO1vko47SbfjuA=,MLT+uYN6GL1yvy0VXxzjmFr8t44=
55,119,ChKOc7zR0dykQJO1vko47SbfjuA=,MLT+uYN6GL1yvy0VXxzjmFr8t44=
53,114,ChKOc7zR0dykQJO1vko47SbfjuA=,MLT+uYN6GL1yvy0VXxzjmFr8t44=
57,112,ChKOc7zR0dykQJO1vko47SbfjuA=,MLT+uYN6GL1yvy0VXxzjmFr8t44=
53,119,ChKOc7zR0dykQJO1vko47SbfjuA=,MLT+uYN6GL1yvy0VXxzjmFr8t44=
54,119,ChKOc7zR0dykQJO1vko47SbfjuA=,MLT+uYN6GL1yvy0VXxzjmFr8t44=
51,119,ChKOc7zR0dykQJO1vko47SbfjuA=,MLT+uYN6GL1yvy0VXxzjmFr8t44=
52,119,ChKOc7zR0dykQJO1vko47SbfjuA=,MLT+uYN6GL1yvy0VXxzjmFr8t44=
50,119,ChKOc7zR0dykQJO1vko47SbfjuA=,MLT+uYN6GL1yvy0VXxzjmFr8t44=
49,119,ChKOc7zR0dykQJO1vko47SbfjuA=,MLT+uYN6GL1yvy0VXxzjmFr8t44=
48,119,ChKOc7zR0dykQJO1vko47SbfjuA=,MLT+uYN6GL1yvy0VXxzjmFr8t44=
63,118,ChKOc7zR0dykQJO1vko47SbfjuA=,MLT+uYN6GL1yvy0VXxzjmFr8t44=
61,118,ChKOc7zR0dykQJO1vko47SbfjuA=,MLT+uYN6GL1yvy0VXxzjmFr8t44=
62,118,ChKOc7zR0dykQJO1vko47SbfjuA=,MLT+uYN6GL1yvy0VXxzjmFr8t44=
60,118,ChKOc7zR0dykQJO1vko47SbfjuA=,MLT+uYN6GL1yvy0VXxzjmFr8t44=
59,118,ChKOc7zR0dykQJO1vko47SbfjuA=,MLT+uYN6GL1yvy0VXxzjmFr8t44=
57,118,ChKOc7zR0dykQJO1vko47SbfjuA=,MLT+uYN6GL1yvy0VXxzjmFr8t44=
58,118,ChKOc7zR0dykQJO1vko47SbfjuA=,MLT+uYN6GL1yvy0VXxzjmFr8t44=
63,114,ChKOc7zR0dykQJO1vko47SbfjuA=,MLT+uYN6GL1yvy0VXxzjmFr8t44=
48,115,ChKOc7zR0dykQJO1vko47SbfjuA=,MLT+uYN6GL1yvy0VXxzjmFr8t44=
49,115,ChKOc7zR0dykQJO1vko47SbfjuA=,MLT+uYN6GL1yvy0VXxzjmFr8t44=
50,115,ChKOc7zR0dykQJO1vko47SbfjuA=,MLT+uYN6GL1yvy0VXxzjmFr8t44=
51,115,ChKOc7zR0dykQJO1vko47SbfjuA=,MLT+uYN6GL1yvy0VXxzjmFr8t44=
52,115,ChKOc7zR0dykQJO1vko47SbfjuA=,MLT+uYN6GL1yvy0VXxzjmFr8t44=
48,114,ChKOc7zR0dykQJO1vko47SbfjuA=,MLT+uYN6GL1yvy0VXxzjmFr8t44=
52,112,ChKOc7zR0dykQJO1vko47SbfjuA=,MLT+uYN6GL1yvy0VXxzjmFr8t44=
53,115,ChKOc7zR0dykQJO1vko47SbfjuA=,MLT+uYN6GL1yvy0VXxzjmFr8t44=
54,115,ChKOc7zR0dykQJO1vko47SbfjuA=,MLT+uYN6GL1yvy0VXxzjmFr8t44=
55,115,ChKOc7zR0dykQJO1vko47SbfjuA=,MLT+uYN6GL1yvy0VXxzjmFr8t44=
56,115,ChKOc7zR0dykQJO1vko47SbfjuA=,MLT+uYN6GL1yvy0VXxzjmFr8t44=
57,115,ChKOc7zR0dykQJO1vko47SbfjuA=,MLT+uYN6GL1yvy0VXxzjmFr8t44=
58,115,ChKOc7zR0dykQJO1vko47SbfjuA=,MLT+uYN6GL1yvy0VXxzjmFr8t44=
59,115,ChKOc7zR0dykQJO1vko47SbfjuA=,MLT+uYN6GL1yvy0VXxzjmFr8t44=
60,115,ChKOc7zR0dykQJO1vko47SbfjuA=,MLT+uYN6GL1yvy0VXxzjmFr8t44=
61,115,ChKOc7zR0dykQJO1vko47SbfjuA=,MLT+uYN6GL1yvy0VXxzjmFr8t44=
48,112,ChKOc7zR0dykQJO1vko47SbfjuA=,MLT+uYN6GL1yvy0VXxzjmFr8t44=
62,115,ChKOc7zR0dykQJO1vko47SbfjuA=,MLT+uYN6GL1yvy0VXxzjmFr8t44=
63,115,ChKOc7zR0dykQJO1vko47SbfjuA=,MLT+uYN6GL1yvy0VXxzjmFr8t44=
49,114,ChKOc7zR0dykQJO1vko47SbfjuA=,MLT+uYN6GL1yvy0VXxzjmFr8t44=
48,116,ChKOc7zR0dykQJO1vko47SbfjuA=,MLT+uYN6GL1yvy0VXxzjmFr8t44=
49,116,ChKOc7zR0dykQJO1vko47SbfjuA=,MLT+uYN6GL1yvy0VXxzjmFr8t44=
50,116,ChKOc7zR0dykQJO1vko47SbfjuA=,MLT+uYN6GL1yvy0VXxzjmFr8t44=
51,116,ChKOc7zR0dykQJO1vko47SbfjuA=,MLT+uYN6GL1yvy0VXxzjmFr8t44=
50,114,ChKOc7zR0dykQJO1vko47SbfjuA=,MLT+uYN6GL1yvy0VXxzjmFr8t44=
52,116,ChKOc7zR0dykQJO1vko47SbfjuA=,MLT+uYN6GL1yvy0VXxzjmFr8t44=
53,112,ChKOc7zR0dykQJO1vko47SbfjuA=,MLT+uYN6GL1yvy0VXxzjmFr8t44=
53,116,ChKOc7zR0dykQJO1vko47SbfjuA=,MLT+uYN6GL1yvy0VXxzjmFr8t44=
54,116,ChKOc7zR0dykQJO1vko47SbfjuA=,MLT+uYN6GL1yvy0VXxzjmFr8t44=
55,116,ChKOc7zR0dykQJO1vko47SbfjuA=,MLT+uYN6GL1yvy0VXxzjmFr8t44=
56,116,ChKOc7zR0dykQJO1vko47SbfjuA=,MLT+uYN6GL1yvy0VXxzjmFr8t44=
57,116,ChKOc7zR0dykQJO1vko47SbfjuA=,MLT+uYN6GL1yvy0VXxzjmFr8t44=
58,116,ChKOc7zR0dykQJO1vko47SbfjuA=,MLT+uYN6GL1yvy0VXxzjmFr8t44=
59,116,ChKOc7zR0dykQJO1vko47SbfjuA=,MLT+uYN6GL1yvy0VXxzjmFr8t44=
60,116,ChKOc7zR0dykQJO1vko47SbfjuA=,MLT+uYN6GL1yvy0VXxzjmFr8t44=
61,116,ChKOc7zR0dykQJO1vko47SbfjuA=,MLT+uYN6GL1yvy0VXxzjmFr8t44=
62,116,ChKOc7zR0dykQJO1vko47SbfjuA=,MLT+uYN6GL1yvy0VXxzjmFr8t44=
63,116,ChKOc7zR0dykQJO1vko47SbfjuA=,MLT+uYN6GL1yvy0VXxzjmFr8t44=
54,112,ChKOc7zR0dykQJO1vko47SbfjuA=,MLT+uYN6GL1yvy0VXxzjmFr8t44=
48,117,ChKOc7zR0dykQJO1vko47SbfjuA=,MLT+uYN6GL1yvy0VXxzjmFr8t44=
49,117,ChKOc7zR0dykQJO1vko47SbfjuA=,MLT+uYN6GL1yvy0VXxzjmFr8t44=
50,117,ChKOc7zR0dykQJO1vko47SbfjuA=,MLT+uYN6GL1yvy0VXxzjmFr8t44=
51,117,ChKOc7zR0dykQJO1vko47SbfjuA=,MLT+uYN6GL1yvy0VXxzjmFr8t44=
52,117,ChKOc7zR0dykQJO1vko47SbfjuA=,MLT+uYN6GL1yvy0VXxzjmFr8t44=
51,114,ChKOc7zR0dykQJO1vko47SbfjuA=,MLT+uYN6GL1yvy0VXxzjmFr8t44=
55,112,ChKOc7zR0dykQJO1vko47SbfjuA=,MLT+uYN6GL1yvy0VXxzjmFr8t44=
53,117,ChKOc7zR0dykQJO1vko47SbfjuA=,MLT+uYN6GL1yvy0VXxzjmFr8t44=
54,117,ChKOc7zR0dykQJO1vko47SbfjuA=,MLT+uYN6GL1yvy0VXxzjmFr8t44=
55,117,ChKOc7zR0dykQJO1vko47SbfjuA=,MLT+uYN6GL1yvy0VXxzjmFr8t44=
56,117,ChKOc7zR0dykQJO1vko47SbfjuA=,MLT+uYN6GL1yvy0VXxzjmFr8t44=
57,117,ChKOc7zR0dykQJO1vko47SbfjuA=,MLT+uYN6GL1yvy0VXxzjmFr8t44=
58,117,ChKOc7zR0dykQJO1vko47SbfjuA=,MLT+uYN6GL1yvy0VXxzjmFr8t44=
59,117,ChKOc7zR0dykQJO1vko47SbfjuA=,MLT+uYN6GL1yvy0VXxzjmFr8t44=
60,117,ChKOc7zR0dykQJO1vko47SbfjuA=,MLT+uYN6GL1yvy0VXxzjmFr8t44=
61,117,ChKOc7zR0dykQJO1vko47SbfjuA=,MLT+uYN6GL1yvy0VXxzjmFr8t44=
62,117,ChKOc7zR0dykQJO1vko47SbfjuA=,MLT+uYN6GL1yvy0VXxzjmFr8t44=
63,117,ChKOc7zR0dykQJO1vko47SbfjuA=,MLT+uYN6GL1yvy0VXxzjmFr8t44=
48,118,ChKOc7zR0dykQJO1vko47SbfjuA=,MLT+uYN6GL1yvy0VXxzjmFr8t44=
49,118,ChKOc7zR0dykQJO1vko47SbfjuA=,MLT+uYN6GL1yvy0VXxzjmFr8t44=
50,118,ChKOc7zR0dykQJO1vko47SbfjuA=,MLT+uYN6GL1yvy0VXxzjmFr8t44=
51,118,ChKOc7zR0dykQJO1vko47SbfjuA=,MLT+uYN6GL1yvy0VXxzjmFr8t44=
52,118,ChKOc7zR0dykQJO1vko47SbfjuA=,MLT+uYN6GL1yvy0VXxzjmFr8t44=
53,118,ChKOc7zR0dykQJO1vko47SbfjuA=,MLT+uYN6GL1yvy0VXxzjmFr8t44=
52,114,ChKOc7zR0dykQJO1vko47SbfjuA=,MLT+uYN6GL1yvy0VXxzjmFr8t44=
56,112,ChKOc7zR0dykQJO1vko47SbfjuA=,MLT+uYN6GL1yvy0VXxzjmFr8t44=
54,118,ChKOc7zR0dykQJO1vko47SbfjuA=,MLT+uYN6GL1yvy0VXxzjmFr8t44=
55,118,ChKOc7zR0dykQJO1vko47SbfjuA=,MLT+uYN6GL1yvy0VXxzjmFr8t44=
56,118,ChKOc7zR0dykQJO1vko47SbfjuA=,MLT+uYN6GL1yvy0VXxzjmFr8t44=
63,111,ukbKk6iNwosiN0HKg5NB2dHQZtI=,stmQ//hLxVhSf31AP8i7AQ7CvHU=
62,98,ukbKk6iNwosiN0HKg5NB2dHQZtI=,stmQ//hLxVhSf31AP8i7AQ7CvHU=
63,98,ukbKk6iNwosiN0HKg5NB2dHQZtI=,stmQ//hLxVhSf31AP8i7AQ7CvHU=
48,99,ukbKk6iNwosiN0HKg5NB2dHQZtI=,stmQ//hLxVhSf31AP8i7AQ7CvHU=
49,99,ukbKk6iNwosiN0HKg5NB2dHQZtI=,stmQ//hLxVhSf31AP8i7AQ7CvHU=
50,99,ukbKk6iNwosiN0HKg5NB2dHQZtI=,stmQ//hLxVhSf31AP8i7AQ7CvHU=
48,98,ukbKk6iNwosiN0HKg5NB2dHQZtI=,stmQ//hLxVhSf31AP8i7AQ7CvHU=
52,96,ukbKk6iNwosiN0HKg5NB2dHQZtI=,stmQ//hLxVhSf31AP8i7AQ7CvHU=
51,99,ukbKk6iNwosiN0HKg5NB2dHQZtI=,stmQ//hLxVhSf31AP8i7AQ7CvHU=
52,99,ukbKk6iNwosiN0HKg5NB2dHQZtI=,stmQ//hLxVhSf31AP8i7AQ7CvHU=
53,99,ukbKk6iNwosiN0HKg5NB2dHQZtI=,stmQ//hLxVhSf31AP8i7AQ7CvHU=
54,99,ukbKk6iNwosiN0HKg5NB2dHQZtI=,stmQ//hLxVhSf31AP8i7AQ7CvHU=
55,99,ukbKk6iNwosiN0HKg5NB2dHQZtI=,stmQ//hLxVhSf31AP8i7AQ7CvHU=
56,99,ukbKk6iNwosiN0HKg5NB2dHQZtI=,stmQ//hLxVhSf31AP8i7AQ7CvHU=
57,99,ukbKk6iNwosiN0HKg5NB2dHQZtI=,stmQ//hLxVhSf31AP8i7AQ7CvHU=
58,99,ukbKk6iNwosiN0HKg5NB2dHQZtI=,stmQ//hLxVhSf31AP8i7AQ7CvHU=
59,99,ukbKk6iNwosiN0HKg5NB2dHQZtI=,stmQ//hLxVhSf31AP8i7AQ7CvHU=
60,99,ukbKk6iNwosiN0HKg5NB2dHQZtI=,stmQ//hLxVhSf31AP8i7AQ7CvHU=
61,99,ukbKk6iNwosiN0HKg5NB2dHQZtI=,stmQ//hLxVhSf31AP8i7AQ7CvHU=
48,96,ukbKk6iNwosiN0HKg5NB2dHQZtI=,stmQ//hLxVhSf31AP8i7AQ7CvHU=
62,99,ukbKk6iNwosiN0HKg5NB2dHQZtI=,stmQ//hLxVhSf31AP8i7AQ7CvHU=
49,98,ukbKk6iNwosiN0HKg5NB2dHQZtI=,stmQ//hLxVhSf31AP8i7AQ7CvHU=
63,99,ukbKk6iNwosiN0HKg5NB2dHQZtI=,stmQ//hLxVhSf31AP8i7AQ7CvHU=
48,100,ukbKk6iNwosiN0HKg5NB2dHQZtI=,stmQ//hLxVhSf31AP8i7AQ7CvHU=
49,100,ukbKk6iNwosiN0HKg5NB2dHQZtI=,stmQ//hLxVhSf31AP8i7AQ7CvHU=
50,100,ukbKk6iNwosiN0HKg5NB2dHQZtI=,stmQ//hLxVhSf31AP8i7AQ7CvHU=
51,100,ukbKk6iNwosiN0HKg5NB2dHQZtI=,stmQ//hLxVhSf31AP8i7AQ7CvHU=
50,98,ukbKk6iNwosiN0HKg5NB2dHQZtI=,stmQ//hLxVhSf31AP8i7AQ7CvHU=
53,96,ukbKk6iNwosiN0HKg5NB2dHQZtI=,stmQ//hLxVhSf31AP8i7AQ7CvHU=
52,100,ukbKk6iNwosiN0HKg5NB2dHQZtI=,stmQ//hLxVhSf31AP8i7AQ7CvHU=
53,100,ukbKk6iNwosiN0HKg5NB2dHQZtI=,stmQ//hLxVhSf31AP8i7AQ7CvHU=
54,100,ukbKk6iNwosiN0HKg5NB2dHQZtI=,stmQ//hLxVhSf31AP8i7AQ7CvHU=
55,100,ukbKk6iNwosiN0HKg5NB2dHQZtI=,stmQ//hLxVhSf31AP8i7AQ7CvHU=
56,100,jnVjXdDBwDM1S0okbdQEE2ygYYc=,stmQ//hLxVhSf31AP8i7AQ7CvHU=
57,100,jnVjXdDBwDM1S0okbdQEE2ygYYc=,stmQ//hLxVhSf31AP8i7AQ7CvHU=
58,100,jnVjXdDBwDM1S0okbdQEE2ygYYc=,stmQ//hLxVhSf31AP8i7AQ7CvHU=
59,100,jnVjXdDBwDM1S0okbdQEE2ygYYc=,stmQ//hLxVhSf31AP8i7AQ7CvHU=
60,100,jnVjXdDBwDM1S0okbdQEE2ygYYc=,stmQ//hLxVhSf31AP8i7AQ7CvHU=
61,100,jnVjXdDBwDM1S0okbdQEE2ygYYc=,stmQ//hLxVhSf31AP8i7AQ7CvHU=
62,100,jnVjXdDBwDM1S0okbdQEE2ygYYc=,stmQ//hLxVhSf31AP8i7AQ7CvHU=
54,96,jnVjXdDBwDM1S0okbdQEE2ygYYc=,stmQ//hLxVhSf31AP8i7AQ7CvHU=
63,100,jnVjXdDBwDM1S0okbdQEE2ygYYc=,stmQ//hLxVhSf31AP8i7AQ7CvHU=
48,101,jnVjXdDBwDM1S0okbdQEE2ygYYc=,stmQ//hLxVhSf31AP8i7AQ7CvHU=
49,101,jnVjXdDBwDM1S0okbdQEE2ygYYc=,stmQ//hLxVhSf31AP8i7AQ7CvHU=
50,101,jnVjXdDBwDM1S0okbdQEE2ygYYc=,stmQ//hLxVhSf31AP8i7AQ7CvHU=
51,101,jnVjXdDBwDM1S0okbdQEE2ygYYc=,stmQ//hLxVhSf31AP8i7AQ7CvHU=
52,101,jnVjXdDBwDM1S0okbdQEE2ygYYc=,stmQ//hLxVhSf31AP8i7AQ7CvHU=
51,98,jnVjXdDBwDM1S0okbdQEE2ygYYc=,stmQ//hLxVhSf31AP8i7AQ7CvHU=
53,101,jnVjXdDBwDM1S0okbdQEE2ygYYc=,stmQ//hLxVhSf31AP8i7AQ7CvHU=
55,96,jnVjXdDBwDM1S0okbdQEE2ygYYc=,stmQ//hLxVhSf31AP8i7AQ7CvHU=
54,101,jnVjXdDBwDM1S0okbdQEE2ygYYc=,stmQ//hLxVhSf31AP8i7AQ7CvHU=
55,101,jnVjXdDBwDM1S0okbdQEE2ygYYc=,stmQ//hLxVhSf31AP8i7AQ7CvHU=
56,101,jnVjXdDBwDM1S0okbdQEE2ygYYc=,stmQ//hLxVhSf31AP8i7AQ7CvHU=
57,101,jnVjXdDBwDM1S0okbdQEE2ygYYc=,stmQ//hLxVhSf31AP8i7AQ7CvHU=
58,101,jnVjXdDBwDM1S0okbdQEE2ygYYc=,stmQ//hLxVhSf31AP8i7AQ7CvHU=
59,101,jnVjXdDBwDM1S0okbdQEE2ygYYc=,stmQ//hLxVhSf31AP8i7AQ7CvHU=
60,101,jnVjXdDBwDM1S0okbdQEE2ygYYc=,stmQ//hLxVhSf31AP8i7AQ7CvHU=
61,101,jnVjXdDBwDM1S0okbdQEE2ygYYc=,stmQ//hLxVhSf31AP8i7AQ7CvHU=
62,101,jnVjXdDBwDM1S0okbdQEE2ygYYc=,stmQ//hLxVhSf31AP8i7AQ7CvHU=
63,101,jnVjXdDBwDM1S0okbdQEE2ygYYc=,stmQ//hLxVhSf31AP8i7AQ7CvHU=
48,102,jnVjXdDBwDM1S0okbdQEE2ygYYc=,stmQ//hLxVhSf31AP8i7AQ7CvHU=
49,102,jnVjXdDBwDM1S0okbdQEE2ygYYc=,stmQ//hLxVhSf31AP8i7AQ7CvHU=
50,102,jnVjXdDBwDM1S0okbdQEE2ygYYc=,stmQ//hLxVhSf31AP8i7AQ7CvHU=
51,102,jnVjXdDBwDM1S0okbdQEE2ygYYc=,stmQ//hLxVhSf31AP8i7AQ7CvHU=
52,102,jnVjXdDBwDM1S0okbdQEE2ygYYc=,stmQ//hLxVhSf31AP8i7AQ7CvHU=
53,102,jnVjXdDBwDM1S0okbdQEE2ygYYc=,stmQ//hLxVhSf31AP8i7AQ7CvHU=
52,98,jnVjXdDBwDM1S0okbdQEE2ygYYc=,stmQ//hLxVhSf31AP8i7AQ7CvHU=
54,102,jnVjXdDBwDM1S0okbdQEE2ygYYc=,stmQ//hLxVhSf31AP8i7AQ7CvHU=
56,96,jnVjXdDBwDM1S0okbdQEE2ygYYc=,stmQ//hLxVhSf31AP8i7AQ7CvHU=
55,102,jnVjXdDBwDM1S0okbdQEE2ygYYc=,stmQ//hLxVhSf31AP8i7AQ7CvHU=
56,102,jnVjXdDBwDM1S0okbdQEE2ygYYc=,stmQ//hLxVhSf31AP8i7AQ7CvHU=
57,102,jnVjXdDBwDM1S0okbdQEE2ygYYc=,stmQ//hLxVhSf31AP8i7AQ7CvHU=
58,102,jnVjXdDBwDM1S0okbdQEE2ygYYc=,stmQ//hLxVhSf31AP8i7AQ7CvHU=
59,102,jnVjXdDBwDM1S0okbdQEE2ygYYc=,stmQ//hLxVhSf31AP8i7AQ7CvHU=
60,102,jnVjXdDBwDM1S0okbdQEE2ygYYc=,stmQ//hLxVhSf31AP8i7AQ7CvHU=
61,102,jnVjXdDBwDM1S0okbdQEE2ygYYc=,stmQ//hLxVhSf31AP8i7AQ7CvHU=
62,102,jnVjXdDBwDM1S0okbdQEE2ygYYc=,stmQ//hLxVhSf31AP8i7AQ7CvHU=
63,102,jnVjXdDBwDM1S0okbdQEE2ygYYc=,stmQ//hLxVhSf31AP8i7AQ7CvHU=
48,103,jnVjXdDBwDM1S0okbdQEE2ygYYc=,stmQ//hLxVhSf31AP8i7AQ7CvHU=
49,103,jnVjXdDBwDM1S0okbdQEE2ygYYc=,stmQ//hLxVhSf31AP8i7AQ7CvHU=
50,103,jnVjXdDBwDM1S0okbdQEE2ygYYc=,stmQ//hLxVhSf31AP8i7AQ7CvHU=
51,103,jnVjXdDBwDM1S0okbdQEE2ygYYc=,stmQ//hLxVhSf31AP8i7AQ7CvHU=
52,103,jnVjXdDBwDM1S0okbdQEE2ygYYc=,stmQ//hLxVhSf31AP8i7AQ7CvHU=
53,103,jnVjXdDBwDM1S0okbdQEE2ygYYc=,stmQ//hLxVhSf31AP8i7AQ7CvHU=
54,103,jnVjXdDBwDM1S0okbdQEE2ygYYc=,stmQ//hLxVhSf31AP8i7AQ7CvHU=
53,98,jnVjXdDBwDM1S0okbdQEE2ygYYc=,stmQ//hLxVhSf31AP8i7AQ7CvHU=
55,103,jnVjXdDBwDM1S0okbdQEE2ygYYc=,stmQ//hLxVhSf31AP8i7AQ7CvHU=
57,96,jnVjXdDBwDM1S0okbdQEE2ygYYc=,stmQ//hLxVhSf31AP8i7AQ7CvHU=
56,103,jnVjXdDBwDM1S0okbdQEE2ygYYc=,stmQ//hLxVhSf31AP8i7AQ7CvHU=
57,103,jnVjXdDBwDM1S0okbdQEE2ygYYc=,stmQ//hLxVhSf31AP8i7AQ7CvHU=
58,103,jnVjXdDBwDM1S0okbdQEE2ygYYc=,stmQ//hLxVhSf31AP8i7AQ7CvHU=
59,103,jnVjXdDBwDM1S0okbdQEE2ygYYc=,stmQ//hLxVhSf31AP8i7AQ7CvHU=
60,103,jnVjXdDBwDM1S0okbdQEE2ygYYc=,stmQ//hLxVhSf31AP8i7AQ7CvHU=
61,103,jnVjXdDBwDM1S0okbdQEE2ygYYc=,stmQ//hLxVhSf31AP8i7AQ7CvHU=
62,103,jnVjXdDBwDM1S0okbdQEE2ygYYc=,stmQ//hLxVhSf31AP8i7AQ7CvHU=
63,103,jnVjXdDBwDM1S0okbdQEE2ygYYc=,stmQ//hLxVhSf31AP8i7AQ7CvHU=
48,104,jnVjXdDBwDM1S0okbdQEE2ygYYc=,stmQ//hLxVhSf31AP8i7AQ7CvHU=
49,104,jnVjXdDBwDM1S0okbdQEE2ygYYc=,stmQ//hLxVhSf31AP8i7AQ7CvHU=
50,104,jnVjXdDBwDM1S0okbdQEE2ygYYc=,stmQ//hLxVhSf31AP8i7AQ7CvHU=
51,104,jnVjXdDBwDM1S0okbdQEE2ygYYc=,stmQ//hLxVhSf31AP8i7AQ7CvHU=
52,104,jnVjXdDBwDM1S0okbdQEE2ygYYc=,stmQ//hLxVhSf31AP8i7AQ7CvHU=
53,104,jnVjXdDBwDM1S0okbdQEE2ygYYc=,stmQ//hLxVhSf31AP8i7AQ7CvHU=
54,104,jnVjXdDBwDM1S0okbdQEE2ygYYc=,stmQ//hLxVhSf31AP8i7AQ7CvHU=
55,104,jnVjXdDBwDM1S0okbdQEE2ygYYc=,stmQ//hLxVhSf31AP8i7AQ7CvHU=
54,98,jnVjXdDBwDM1S0okbdQEE2ygYYc=,stmQ//hLxVhSf31AP8i7AQ7CvHU=
56,104,jnVjXdDBwDM1S0okbdQEE2ygYYc=,stmQ//hLxVhSf31AP8i7AQ7CvHU=
58,96,jnVjXdDBwDM1S0okbdQEE2ygYYc=,stmQ//hLxVhSf31AP8i7AQ7CvHU=
57,104,jnVjXdDBwDM1S0okbdQEE2ygYYc=,stmQ//hLxVhSf31AP8i7AQ7CvHU=
58,104,jnVjXdDBwDM1S0okbdQEE2ygYYc=,stmQ//hLxVhSf31AP8i7AQ7CvHU=
59,104,jnVjXdDBwDM1S0okbdQEE2ygYYc=,stmQ//hLxVhSf31AP8i7AQ7CvHU=
60,104,jnVjXdDBwDM1S0okbdQEE2ygYYc=,stmQ//hLxVhSf31AP8i7AQ7CvHU=
61,104,jnVjXdDBwDM1S0okbdQEE2ygYYc=,stmQ//hLxVhSf31AP8i7AQ7CvHU=
62,104,jnVjXdDBwDM1S0okbdQEE2ygYYc=,stmQ//hLxVhSf31AP8i7AQ7CvHU=
63,104,jnVjXdDBwDM1S0okbdQEE2ygYYc=,stmQ//hLxVhSf31AP8i7AQ7CvHU=
48,105,jnVjXdDBwDM1S0okbdQEE2ygYYc=,stmQ//hLxVhSf31AP8i7AQ7CvHU=
49,105,jnVjXdDBwDM1S0okbdQEE2ygYYc=,stmQ//hLxVhSf31AP8i7AQ7CvHU=
50,105,jnVjXdDBwDM1S0okbdQEE2ygYYc=,stmQ//hLxVhSf31AP8i7AQ7CvHU=
51,105,jnVjXdDBwDM1S0okbdQEE2ygYYc=,stmQ//hLxVhSf31AP8i7AQ7CvHU=
52,105,jnVjXdDBwDM1S0okbdQEE2ygYYc=,stmQ//hLxVhSf31AP8i7AQ7CvHU=
53,105,jnVjXdDBwDM1S0okbdQEE2ygYYc=,stmQ//hLxVhSf31AP8i7AQ7CvHU=
54,105,jnVjXdDBwDM1S0okbdQEE2ygYYc=,stmQ//hLxVhSf31AP8i7AQ7CvHU=
55,105,jnVjXdDBwDM1S0okbdQEE2ygYYc=,stmQ//hLxVhSf31AP8i7AQ7CvHU=
56,105,jnVjXdDBwDM1S0okbdQEE2ygYYc=,stmQ//hLxVhSf31AP8i7AQ7CvHU=
55,98,jnVjXdDBwDM1S0okbdQEE2ygYYc=,stmQ//hLxVhSf31AP8i7AQ7CvHU=
57,105,jnVjXdDBwDM1S0okbdQEE2ygYYc=,stmQ//hLxVhSf31AP8i7AQ7CvHU=
59,96,jnVjXdDBwDM1S0okbdQEE2ygYYc=,stmQ//hLxVhSf31AP8i7AQ7CvHU=
58,105,jnVjXdDBwDM1S0okbdQEE2ygYYc=,stmQ//hLxVhSf31AP8i7AQ7CvHU=
59,105,jnVjXdDBwDM1S0okbdQEE2ygYYc=,stmQ//hLxVhSf31AP8i7AQ7CvHU=
60,105,jnVjXdDBwDM1S0okbdQEE2ygYYc=,stmQ//hLxVhSf31AP8i7AQ7CvHU=
61,105,jnVjXdDBwDM1S0okbdQEE2ygYYc=,stmQ//hLxVhSf31AP8i7AQ7CvHU=
62,105,jnVjXdDBwDM1S0okbdQEE2ygYYc=,stmQ//hLxVhSf31AP8i7AQ7CvHU=
63,105,jnVjXdDBwDM1S0okbdQEE2ygYYc=,stmQ//hLxVhSf31AP8i7AQ7CvHU=
48,106,jnVjXdDBwDM1S0okbdQEE2ygYYc=,stmQ//hLxVhSf31AP8i7AQ7CvHU=
49,106,jnVjXdDBwDM1S0okbdQEE2ygYYc=,stmQ//hLxVhSf31AP8i7AQ7CvHU=
50,106,jnVjXdDBwDM1S0okbdQEE2ygYYc=,stmQ//hLxVhSf31AP8i7AQ7CvHU=
51,106,jnVjXdDBwDM1S0okbdQEE2ygYYc=,stmQ//hLxVhSf31AP8i7AQ7CvHU=
52,106,jnVjXdDBwDM1S0okbdQEE2ygYYc=,stmQ//hLxVhSf31AP8i7AQ7CvHU=
53,106,jnVjXdDBwDM1S0okbdQEE2ygYYc=,stmQ//hLxVhSf31AP8i7AQ7CvHU=
54,106,jnVjXdDBwDM1S0okbdQEE2ygYYc=,stmQ//hLxVhSf31AP8i7AQ7CvHU=
55,106,jnVjXdDBwDM1S0okbdQEE2ygYYc=,stmQ//hLxVhSf31AP8i7AQ7CvHU=
56,106,jnVjXdDBwDM1S0okbdQEE2ygYYc=,stmQ//hLxVhSf31AP8i7AQ7CvHU=
57,106,jnVjXdDBwDM1S0okbdQEE2ygYYc=,stmQ//hLxVhSf31AP8i7AQ7CvHU=
56,98,jnVjXdDBwDM1S0okbdQEE2ygYYc=,stmQ//hLxVhSf31AP8i7AQ7CvHU=
58,106,jnVjXdDBwDM1S0okbdQEE2ygYYc=,stmQ//hLxVhSf31AP8i7AQ7CvHU=
60,96,jnVjXdDBwDM1S0okbdQEE2ygYYc=,stmQ//hLxVhSf31AP8i7AQ7CvHU=
59,106,jnVjXdDBwDM1S0okbdQEE2ygYYc=,stmQ//hLxVhSf31AP8i7AQ7CvHU=
60,106,jnVjXdDBwDM1S0okbdQEE2ygYYc=,stmQ//hLxVhSf31AP8i7AQ7CvHU=
61,106,jnVjXdDBwDM1S0okbdQEE2ygYYc=,stmQ//hLxVhSf31AP8i7AQ7CvHU=
62,106,jnVjXdDBwDM1S0okbdQEE2ygYYc=,stmQ//hLxVhSf31AP8i7AQ7CvHU=
63,106,jnVjXdDBwDM1S0okbdQEE2ygYYc=,stmQ//hLxVhSf31AP8i7AQ7CvHU=
48,107,jnVjXdDBwDM1S0okbdQEE2ygYYc=,stmQ//hLxVhSf31AP8i7AQ7CvHU=
49,107,jnVjXdDBwDM1S0okbdQEE2ygYYc=,stmQ//hLxVhSf31AP8i7AQ7CvHU=
50,107,jnVjXdDBwDM1S0okbdQEE2ygYYc=,stmQ//hLxVhSf31AP8i7AQ7CvHU=
51,107,jnVjXdDBwDM1S0okbdQEE2ygYYc=,stmQ//hLxVhSf31AP8i7AQ7CvHU=
52,107,jnVjXdDBwDM1S0okbdQEE2ygYYc=,stmQ//hLxVhSf31AP8i7AQ7CvHU=
53,107,jnVjXdDBwDM1S0okbdQEE2ygYYc=,stmQ//hLxVhSf31AP8i7AQ7CvHU=
54,107,jnVjXdDBwDM1S0okbdQEE2ygYYc=,stmQ//hLxVhSf31AP8i7AQ7CvHU=
55,107,jnVjXdDBwDM1S0okbdQEE2ygYYc=,stmQ//hLxVhSf31AP8i7AQ7CvHU=
56,107,jnVjXdDBwDM1S0okbdQEE2ygYYc=,stmQ//hLxVhSf31AP8i7AQ7CvHU=
57,107,jnVjXdDBwDM1S0okbdQEE2ygYYc=,stmQ//hLxVhSf31AP8i7AQ7CvHU=
58,107,jnVjXdDBwDM1S0okbdQEE2ygYYc=,stmQ//hLxVhSf31AP8i7AQ7CvHU=
57,98,jnVjXdDBwDM1S0okbdQEE2ygYYc=,stmQ//hLxVhSf31AP8i7AQ7CvHU=
61,96,jnVjXdDBwDM1S0okbdQEE2ygYYc=,stmQ//hLxVhSf31AP8i7AQ7CvHU=
59,107,jnVjXdDBwDM1S0okbdQEE2ygYYc=,stmQ//hLxVhSf31AP8i7AQ7CvHU=
60,107,jnVjXdDBwDM1S0okbdQEE2ygYYc=,stmQ//hLxVhSf31AP8i7AQ7CvHU=
61,107,jnVjXdDBwDM1S0okbdQEE2ygYYc=,stmQ//hLxVhSf31AP8i7AQ7CvHU=
62,107,jnVjXdDBwDM1S0okbdQEE2ygYYc=,stmQ//hLxVhSf31AP8i7AQ7CvHU=
63,107,jnVjXdDBwDM1S0okbdQEE2ygYYc=,stmQ//hLxVhSf31AP8i7AQ7CvHU=
48,108,jnVjXdDBwDM1S0okbdQEE2ygYYc=,stmQ//hLxVhSf31AP8i7AQ7CvHU=
49,108,jnVjXdDBwDM1S0okbdQEE2ygYYc=,stmQ//hLxVhSf31AP8i7AQ7CvHU=
50,108,jnVjXdDBwDM1S0okbdQEE2ygYYc=,stmQ//hLxVhSf31AP8i7AQ7CvHU=
51,108,jnVjXdDBwDM1S0okbdQEE2ygYYc=,stmQ//hLxVhSf31AP8i7AQ7CvHU=
52,108,jnVjXdDBwDM1S0okbdQEE2ygYYc=,stmQ//hLxVhSf31AP8i7AQ7CvHU=
53,108,jnVjXdDBwDM1S0okbdQEE2ygYYc=,stmQ//hLxVhSf31AP8i7AQ7CvHU=
54,108,jnVjXdDBwDM1S0okbdQEE2ygYYc=,stmQ//hLxVhSf31AP8i7AQ7CvHU=
55,108,jnVjXdDBwDM1S0okbdQEE2ygYYc=,stmQ//hLxVhSf31AP8i7AQ7CvHU=
56,108,jnVjXdDBwDM1S0okbdQEE2ygYYc=,stmQ//hLxVhSf31AP8i7AQ7CvHU=
57,108,jnVjXdDBwDM1S0okbdQEE2ygYYc=,stmQ//hLxVhSf31AP8i7AQ7CvHU=
58,108,jnVjXdDBwDM1S0okbdQEE2ygYYc=,stmQ//hLxVhSf31AP8i7AQ7CvHU=
59,108,jnVjXdDBwDM1S0okbdQEE2ygYYc=,stmQ//hLxVhSf31AP8i7AQ7CvHU=
58,98,jnVjXdDBwDM1S0okbdQEE2ygYYc=,stmQ//hLxVhSf31AP8i7AQ7CvHU=
62,96,jnVjXdDBwDM1S0okbdQEE2ygYYc=,stmQ//hLxVhSf31AP8i7AQ7CvHU=
60,108,jnVjXdDBwDM1S0okbdQEE2ygYYc=,stmQ//hLxVhSf31AP8i7AQ7CvHU=
61,108,jnVjXdDBwDM1S0okbdQEE2ygYYc=,stmQ//hLxVhSf31AP8i7AQ7CvHU=
62,108,jnVjXdDBwDM1S0okbdQEE2ygYYc=,stmQ//hLxVhSf31AP8i7AQ7CvHU=
63,108,jnVjXdDBwDM1S0okbdQEE2ygYYc=,stmQ//hLxVhSf31AP8i7AQ7CvHU=
48,109,jnVjXdDBwDM1S0okbdQEE2ygYYc=,stmQ//hLxVhSf31AP8i7AQ7CvHU=
49,96,jnVjXdDBwDM1S0okbdQEE2ygYYc=,stmQ//hLxVhSf31AP8i7AQ7CvHU=
49,109,jnVjXdDBwDM1S0okbdQEE2ygYYc=,stmQ//hLxVhSf31AP8i7AQ7CvHU=
50,109,jnVjXdDBwDM1S0okbdQEE2ygYYc=,stmQ//hLxVhSf31AP8i7AQ7CvHU=
51,109,jnVjXdDBwDM1S0okbdQEE2ygYYc=,stmQ//hLxVhSf31AP8i7AQ7CvHU=
52,109,jnVjXdDBwDM1S0okbdQEE2ygYYc=,stmQ//hLxVhSf31AP8i7AQ7CvHU=
53,109,jnVjXdDBwDM1S0okbdQEE2ygYYc=,stmQ//hLxVhSf31AP8i7AQ7CvHU=
54,109,jnVjXdDBwDM1S0okbdQEE2ygYYc=,stmQ//hLxVhSf31AP8i7AQ7CvHU=
55,109,jnVjXdDBwDM1S0okbdQEE2ygYYc=,stmQ//hLxVhSf31AP8i7AQ7CvHU=
56,109,jnVjXdDBwDM1S0okbdQEE2ygYYc=,stmQ//hLxVhSf31AP8i7AQ7CvHU=
57,109,jnVjXdDBwDM1S0okbdQEE2ygYYc=,stmQ//hLxVhSf31AP8i7AQ7CvHU=
58,109,jnVjXdDBwDM1S0okbdQEE2ygYYc=,stmQ//hLxVhSf31AP8i7AQ7CvHU=
59,109,jnVjXdDBwDM1S0okbdQEE2ygYYc=,stmQ//hLxVhSf31AP8i7AQ7CvHU=
60,109,jnVjXdDBwDM1S0okbdQEE2ygYYc=,stmQ//hLxVhSf31AP8i7AQ7CvHU=
59,98,jnVjXdDBwDM1S0okbdQEE2ygYYc=,stmQ//hLxVhSf31AP8i7AQ7CvHU=
61,109,jnVjXdDBwDM1S0okbdQEE2ygYYc=,stmQ//hLxVhSf31AP8i7AQ7CvHU=
63,96,jnVjXdDBwDM1S0okbdQEE2ygYYc=,stmQ//hLxVhSf31AP8i7AQ7CvHU=
48,97,jnVjXdDBwDM1S0okbdQEE2ygYYc=,stmQ//hLxVhSf31AP8i7AQ7CvHU=
62,109,jnVjXdDBwDM1S0okbdQEE2ygYYc=,stmQ//hLxVhSf31AP8i7AQ7CvHU=
63,109,jnVjXdDBwDM1S0okbdQEE2ygYYc=,stmQ//hLxVhSf31AP8i7AQ7CvHU=
48,110,jnVjXdDBwDM1S0okbdQEE2ygYYc=,stmQ//hLxVhSf31AP8i7AQ7CvHU=
49,110,jnVjXdDBwDM1S0okbdQEE2ygYYc=,stmQ//hLxVhSf31AP8i7AQ7CvHU=
50,110,jnVjXdDBwDM1S0okbdQEE2ygYYc=,stmQ//hLxVhSf31AP8i7AQ7CvHU=
51,110,jnVjXdDBwDM1S0okbdQEE2ygYYc=,stmQ//hLxVhSf31AP8i7AQ7CvHU=
52,110,jnVjXdDBwDM1S0okbdQEE2ygYYc=,stmQ//hLxVhSf31AP8i7AQ7CvHU=
53,110,jnVjXdDBwDM1S0okbdQEE2ygYYc=,stmQ//hLxVhSf31AP8i7AQ7CvHU=
54,110,jnVjXdDBwDM1S0okbdQEE2ygYYc=,stmQ//hLxVhSf31AP8i7AQ7CvHU=
55,110,jnVjXdDBwDM1S0okbdQEE2ygYYc=,stmQ//hLxVhSf31AP8i7AQ7CvHU=
56,110,jnVjXdDBwDM1S0okbdQEE2ygYYc=,stmQ//hLxVhSf31AP8i7AQ7CvHU=
57,110,jnVjXdDBwDM1S0okbdQEE2ygYYc=,stmQ//hLxVhSf31AP8i7AQ7CvHU=
58,110,jnVjXdDBwDM1S0okbdQEE2ygYYc=,stmQ//hLxVhSf31AP8i7AQ7CvHU=
59,110,jnVjXdDBwDM1S0okbdQEE2ygYYc=,stmQ//hLxVhSf31AP8i7AQ7CvHU=
60,110,jnVjXdDBwDM1S0okbdQEE2ygYYc=,stmQ//hLxVhSf31AP8i7AQ7CvHU=
61,110,jnVjXdDBwDM1S0okbdQEE2ygYYc=,stmQ//hLxVhSf31AP8i7AQ7CvHU=
60,98,jnVjXdDBwDM1S0okbdQEE2ygYYc=,stmQ//hLxVhSf31AP8i7AQ7CvHU=
62,110,jnVjXdDBwDM1S0okbdQEE2ygYYc=,stmQ//hLxVhSf31AP8i7AQ7CvHU=
50,96,jnVjXdDBwDM1S0okbdQEE2ygYYc=,stmQ//hLxVhSf31AP8i7AQ7CvHU=
63,110,jnVjXdDBwDM1S0okbdQEE2ygYYc=,stmQ//hLxVhSf31AP8i7AQ7CvHU=
50,97,jnVjXdDBwDM1S0okbdQEE2ygYYc=,stmQ//hLxVhSf31AP8i7AQ7CvHU=
48,111,jnVjXdDBwDM1S0okbdQEE2ygYYc=,stmQ//hLxVhSf31AP8i7AQ7CvHU=
51,97,jnVjXdDBwDM1S0okbdQEE2ygYYc=,stmQ//hLxVhSf31AP8i7AQ7CvHU=
52,97,jnVjXdDBwDM1S0okbdQEE2ygYYc=,stmQ//hLxVhSf31AP8i7AQ7CvHU=
53,97,jnVjXdDBwDM1S0okbdQEE2ygYYc=,stmQ//hLxVhSf31AP8i7AQ7CvHU=
54,97,jnVjXdDBwDM1S0okbdQEE2ygYYc=,stmQ//hLxVhSf31AP8i7AQ7CvHU=
55,97,jnVjXdDBwDM1S0okbdQEE2ygYYc=,stmQ//hLxVhSf31AP8i7AQ7CvHU=
56,97,jnVjXdDBwDM1S0okbdQEE2ygYYc=,stmQ//hLxVhSf31AP8i7AQ7CvHU=
57,97,jnVjXdDBwDM1S0okbdQEE2ygYYc=,stmQ//hLxVhSf31AP8i7AQ7CvHU=
58,97,jnVjXdDBwDM1S0okbdQEE2ygYYc=,stmQ//hLxVhSf31AP8i7AQ7CvHU=
59,97,jnVjXdDBwDM1S0okbdQEE2ygYYc=,stmQ//hLxVhSf31AP8i7AQ7CvHU=
60,97,jnVjXdDBwDM1S0okbdQEE2ygYYc=,stmQ//hLxVhSf31AP8i7AQ7CvHU=
61,97,jnVjXdDBwDM1S0okbdQEE2ygYYc=,stmQ//hLxVhSf31AP8i7AQ7CvHU=
62,97,jnVjXdDBwDM1S0okbdQEE2ygYYc=,stmQ//hLxVhSf31AP8i7AQ7CvHU=
49,97,jnVjXdDBwDM1S0okbdQEE2ygYYc=,stmQ//hLxVhSf31AP8i7AQ7CvHU=
63,97,jnVjXdDBwDM1S0okbdQEE2ygYYc=,stmQ//hLxVhSf31AP8i7AQ7CvHU=
49,111,jnVjXdDBwDM1S0okbdQEE2ygYYc=,stmQ//hLxVhSf31AP8i7AQ7CvHU=
50,111,jnVjXdDBwDM1S0okbdQEE2ygYYc=,stmQ//hLxVhSf31AP8i7AQ7CvHU=
51,111,jnVjXdDBwDM1S0okbdQEE2ygYYc=,stmQ//hLxVhSf31AP8i7AQ7CvHU=
52,111,jnVjXdDBwDM1S0okbdQEE2ygYYc=,stmQ//hLxVhSf31AP8i7AQ7CvHU=
53,111,jnVjXdDBwDM1S0okbdQEE2ygYYc=,stmQ//hLxVhSf31AP8i7AQ7CvHU=
54,111,jnVjXdDBwDM1S0okbdQEE2ygYYc=,stmQ//hLxVhSf31AP8i7AQ7CvHU=
55,111,jnVjXdDBwDM1S0okbdQEE2ygYYc=,stmQ//hLxVhSf31AP8i7AQ7CvHU=
56,111,jnVjXdDBwDM1S0okbdQEE2ygYYc=,stmQ//hLxVhSf31AP8i7AQ7CvHU=
57,111,jnVjXdDBwDM1S0okbdQEE2ygYYc=,stmQ//hLxVhSf31AP8i7AQ7CvHU=
58,111,jnVjXdDBwDM1S0okbdQEE2ygYYc=,stmQ//hLxVhSf31AP8i7AQ7CvHU=
59,111,jnVjXdDBwDM1S0okbdQEE2ygYYc=,stmQ//hLxVhSf31AP8i7AQ7CvHU=
60,111,jnVjXdDBwDM1S0okbdQEE2ygYYc=,stmQ//hLxVhSf31AP8i7AQ7CvHU=
61,111,jnVjXdDBwDM1S0okbdQEE2ygYYc=,stmQ//hLxVhSf31AP8i7AQ7CvHU=
61,98,jnVjXdDBwDM1S0okbdQEE2ygYYc=,stmQ//hLxVhSf31AP8i7AQ7CvHU=
62,111,jnVjXdDBwDM1S0okbdQEE2ygYYc=,stmQ//hLxVhSf31AP8i7AQ7CvHU=
51,96,jnVjXdDBwDM1S0okbdQEE2ygYYc=,stmQ//hLxVhSf31AP8i7AQ7CvHU=
