-27,4,xmfUB+wO+HjDWvvSpHS79udi/A4=,MIl67yt6zEarWEVd1KsRseWMigE=
-28,4,xmfUB+wO+HjDWvvSpHS79udi/A4=,MIl67yt6zEarWEVd1KsRseWMigE=
-26,7,xmfUB+wO+HjDWvvSpHS79udi/A4=,MIl67yt6zEarWEVd1KsRseWMigE=
-27,7,xmfUB+wO+HjDWvvSpHS79udi/A4=,MIl67yt6zEarWEVd1KsRseWMigE=
-27,6,xmfUB+wO+HjDWvvSpHS79udi/A4=,MIl67yt6zEarWEVd1KsRseWMigE=
-28,7,5va2tX12ZlK+Az5cgmR/y/DLPhc=,MIl67yt6zEarWEVd1KsRseWMigE=
-28,6,5va2tX12ZlK+Az5cgmR/y/DLPhc=,MIl67yt6zEarWEVd1KsRseWMigE=
-27,5,5va2tX12ZlK+Az5cgmR/y/DLPhc=,MIl67yt6zEarWEVd1KsRseWMigE=
-28,5,5va2tX12ZlK+Az5cgmR/y/DLPhc=,MIl67yt6zEarWEVd1KsRseWMigE=
-25,5,5va2tX12ZlK+Az5cgmR/y/DLPhc=,MIl67yt6zEarWEVd1KsRseWMigE=
-26,5,b6ayiN4LTmJppr4tJfn/q8pdrv8=,MIl67yt6zEarWEVd1KsRseWMigE=
-25,6,b6ayiN4LTmJppr4tJfn/q8pdrv8=,MIl67yt6zEarWEVd1KsRseWMigE=
-25,4,b6ayiN4LTmJppr4tJfn/q8pdrv8=,MIl67yt6zEarWEVd1KsRseWMigE=
-26,6,b6ayiN4LTmJppr4tJfn/q8pdrv8=,MIl67yt6zEarWEVd1KsRseWMigE=
-26,4,b6ayiN4LTmJppr4tJfn/q8pdrv8=,MIl67yt6zEarWEVd1KsRseWMigE=
-25,11,b6ayiN4LTmJppr4tJfn/q8pdrv8=,GWd0TAKORMV9izHqPkSQIeKci4U=
-25,10,b6ayiN4LTmJppr4tJfn/q8pdrv8=,GWd0TAKORMV9izHqPkSQIeKci4U=
-25,9,Mw+Bdrq5zfvBQ3eeIpIz4mExHIo=,GWd0TAKORMV9izHqPkSQIeKci4U=
-26,8,Mw+Bdrq5zfvBQ3eeIpIz4mExHIo=,GWd0TAKORMV9izHqPkSQIeKci4U=
-27,8,Mw+Bdrq5zfvBQ3eeIpIz4mExHIo=,GWd0TAKORMV9izHqPkSQIeKci4U=
-28,8,Mw+Bdrq5zfvBQ3eeIpIz4mExHIo=,GWd0TAKORMV9izHqPkSQIeKci4U=
-26,11,Mw+Bdrq5zfvBQ3eeIpIz4mExHIo=,GWd0TAKORMV9izHqPkSQIeKci4U=
-27,11,Mw+Bdrq5zfvBQ3eeIpIz4mExHIo=,GWd0TAKORMV9izHqPkSQIeKci4U=
-28,11,e0idKxZXMioHel54cwx8C/MEjvA=,GWd0TAKORMV9izHqPkSQIeKci4U=
-26,10,e0idKxZXMioHel54cwx8C/MEjvA=,GWd0TAKORMV9izHqPkSQIeKci4U=
-27,10,e0idKxZXMioHel54cwx8C/MEjvA=,GWd0TAKORMV9izHqPkSQIeKci4U=
-28,10,e0idKxZXMioHel54cwx8C/MEjvA=,GWd0TAKORMV9izHqPkSQIeKci4U=
-26,9,e0idKxZXMioHel54cwx8C/MEjvA=,GWd0TAKORMV9izHqPkSQIeKci4U=
-27,9,e0idKxZXMioHel54cwx8C/MEjvA=,GWd0TAKORMV9izHqPkSQIeKci4U=
-28,9,9bQRrcsdzaQ0S5lWdEgamgdVQG8=,GWd0TAKORMV9izHqPkSQIeKci4U=
-17,7,9bQRrcsdzaQ0S5lWdEgamgdVQG8=,wN6cEPB51KuIaTkRJJ8fhrkQaDo=
-28,15,9bQRrcsdzaQ0S5lWdEgamgdVQG8=,GWd0TAKORMV9izHqPkSQIeKci4U=
-18,7,9bQRrcsdzaQ0S5lWdEgamgdVQG8=,wN6cEPB51KuIaTkRJJ8fhrkQaDo=
-19,7,9bQRrcsdzaQ0S5lWdEgamgdVQG8=,wN6cEPB51KuIaTkRJJ8fhrkQaDo=
-25,14,9bQRrcsdzaQ0S5lWdEgamgdVQG8=,GWd0TAKORMV9izHqPkSQIeKci4U=
-20,7,9bQRrcsdzaQ0S5lWdEgamgdVQG8=,wN6cEPB51KuIaTkRJJ8fhrkQaDo=
-25,13,9bQRrcsdzaQ0S5lWdEgamgdVQG8=,GWd0TAKORMV9izHqPkSQIeKci4U=
-21,7,9bQRrcsdzaQ0S5lWdEgamgdVQG8=,wN6cEPB51KuIaTkRJJ8fhrkQaDo=
-25,12,9bQRrcsdzaQ0S5lWdEgamgdVQG8=,GWd0TAKORMV9izHqPkSQIeKci4U=
-22,7,9bQRrcsdzaQ0S5lWdEgamgdVQG8=,wN6cEPB51KuIaTkRJJ8fhrkQaDo=
-23,7,EGS4aXFXHDuBUp50ZuSpi6YKga8=,wN6cEPB51KuIaTkRJJ8fhrkQaDo=
-26,14,EGS4aXFXHDuBUp50ZuSpi6YKga8=,GWd0TAKORMV9izHqPkSQIeKci4U=
-24,7,EGS4aXFXHDuBUp50ZuSpi6YKga8=,wN6cEPB51KuIaTkRJJ8fhrkQaDo=
-24,6,EGS4aXFXHDuBUp50ZuSpi6YKga8=,wN6cEPB51KuIaTkRJJ8fhrkQaDo=
-27,14,EGS4aXFXHDuBUp50ZuSpi6YKga8=,GWd0TAKORMV9izHqPkSQIeKci4U=
-24,5,EGS4aXFXHDuBUp50ZuSpi6YKga8=,wN6cEPB51KuIaTkRJJ8fhrkQaDo=
-28,14,EGS4aXFXHDuBUp50ZuSpi6YKga8=,GWd0TAKORMV9izHqPkSQIeKci4U=
-24,4,EGS4aXFXHDuBUp50ZuSpi6YKga8=,wN6cEPB51KuIaTkRJJ8fhrkQaDo=
-21,6,EGS4aXFXHDuBUp50ZuSpi6YKga8=,wN6cEPB51KuIaTkRJJ8fhrkQaDo=
-26,13,EGS4aXFXHDuBUp50ZuSpi6YKga8=,GWd0TAKORMV9izHqPkSQIeKci4U=
-22,6,EGS4aXFXHDuBUp50ZuSpi6YKga8=,wN6cEPB51KuIaTkRJJ8fhrkQaDo=
-23,6,EGS4aXFXHDuBUp50ZuSpi6YKga8=,wN6cEPB51KuIaTkRJJ8fhrkQaDo=
-27,13,NjqOfyAnkfqA2Ismyq5z2IiUQRA=,GWd0TAKORMV9izHqPkSQIeKci4U=
-17,5,NjqOfyAnkfqA2Ismyq5z2IiUQRA=,wN6cEPB51KuIaTkRJJ8fhrkQaDo=
-18,5,NjqOfyAnkfqA2Ismyq5z2IiUQRA=,wN6cEPB51KuIaTkRJJ8fhrkQaDo=
-28,13,NjqOfyAnkfqA2Ismyq5z2IiUQRA=,GWd0TAKORMV9izHqPkSQIeKci4U=
-19,5,NjqOfyAnkfqA2Ismyq5z2IiUQRA=,wN6cEPB51KuIaTkRJJ8fhrkQaDo=
-26,12,NjqOfyAnkfqA2Ismyq5z2IiUQRA=,GWd0TAKORMV9izHqPkSQIeKci4U=
-27,12,NjqOfyAnkfqA2Ismyq5z2IiUQRA=,GWd0TAKORMV9izHqPkSQIeKci4U=
-20,5,NjqOfyAnkfqA2Ismyq5z2IiUQRA=,wN6cEPB51KuIaTkRJJ8fhrkQaDo=
-21,5,NjqOfyAnkfqA2Ismyq5z2IiUQRA=,wN6cEPB51KuIaTkRJJ8fhrkQaDo=
-28,12,NjqOfyAnkfqA2Ismyq5z2IiUQRA=,GWd0TAKORMV9izHqPkSQIeKci4U=
-22,5,NjqOfyAnkfqA2Ismyq5z2IiUQRA=,wN6cEPB51KuIaTkRJJ8fhrkQaDo=
-27,15,NjqOfyAnkfqA2Ismyq5z2IiUQRA=,GWd0TAKORMV9izHqPkSQIeKci4U=
-26,15,2XlpKBjhdeADMiukd97RuDPPF/o=,GWd0TAKORMV9izHqPkSQIeKci4U=
-23,5,2XlpKBjhdeADMiukd97RuDPPF/o=,wN6cEPB51KuIaTkRJJ8fhrkQaDo=
-25,15,2XlpKBjhdeADMiukd97RuDPPF/o=,GWd0TAKORMV9izHqPkSQIeKci4U=
-17,4,2XlpKBjhdeADMiukd97RuDPPF/o=,wN6cEPB51KuIaTkRJJ8fhrkQaDo=
-18,4,2XlpKBjhdeADMiukd97RuDPPF/o=,wN6cEPB51KuIaTkRJJ8fhrkQaDo=
-19,4,2XlpKBjhdeADMiukd97RuDPPF/o=,wN6cEPB51KuIaTkRJJ8fhrkQaDo=
-20,4,2XlpKBjhdeADMiukd97RuDPPF/o=,wN6cEPB51KuIaTkRJJ8fhrkQaDo=
-21,4,2XlpKBjhdeADMiukd97RuDPPF/o=,wN6cEPB51KuIaTkRJJ8fhrkQaDo=
-23,4,2XlpKBjhdeADMiukd97RuDPPF/o=,wN6cEPB51KuIaTkRJJ8fhrkQaDo=
-22,4,2XlpKBjhdeADMiukd97RuDPPF/o=,wN6cEPB51KuIaTkRJJ8fhrkQaDo=
-17,6,2XlpKBjhdeADMiukd97RuDPPF/o=,wN6cEPB51KuIaTkRJJ8fhrkQaDo=
-18,6,2XlpKBjhdeADMiukd97RuDPPF/o=,wN6cEPB51KuIaTkRJJ8fhrkQaDo=
-19,6,2XlpKBjhdeADMiukd97RuDPPF/o=,wN6cEPB51KuIaTkRJJ8fhrkQaDo=
-20,6,2XlpKBjhdeADMiukd97RuDPPF/o=,wN6cEPB51KuIaTkRJJ8fhrkQaDo=
-22,8,JDNrVh7gi1/6c1MkiYXS+CTAGeM=,3Q1MCs/wdvXXte/6861Z6990uBI=
-22,14,JDNrVh7gi1/6c1MkiYXS+CTAGeM=,3Q1MCs/wdvXXte/6861Z6990uBI=
-23,14,JDNrVh7gi1/6c1MkiYXS+CTAGeM=,3Q1MCs/wdvXXte/6861Z6990uBI=
-21,8,JDNrVh7gi1/6c1MkiYXS+CTAGeM=,3Q1MCs/wdvXXte/6861Z6990uBI=
-20,8,JDNrVh7gi1/6c1MkiYXS+CTAGeM=,3Q1MCs/wdvXXte/6861Z6990uBI=
-24,14,JDNrVh7gi1/6c1MkiYXS+CTAGeM=,3Q1MCs/wdvXXte/6861Z6990uBI=
-23,8,JDNrVh7gi1/6c1MkiYXS+CTAGeM=,3Q1MCs/wdvXXte/6861Z6990uBI=
-20,14,JDNrVh7gi1/6c1MkiYXS+CTAGeM=,3Q1MCs/wdvXXte/6861Z6990uBI=
-24,8,JDNrVh7gi1/6c1MkiYXS+CTAGeM=,3Q1MCs/wdvXXte/6861Z6990uBI=
-21,14,JDNrVh7gi1/6c1MkiYXS+CTAGeM=,3Q1MCs/wdvXXte/6861Z6990uBI=
-19,14,JDNrVh7gi1/6c1MkiYXS+CTAGeM=,3Q1MCs/wdvXXte/6861Z6990uBI=
-24,15,JDNrVh7gi1/6c1MkiYXS+CTAGeM=,3Q1MCs/wdvXXte/6861Z6990uBI=
-18,14,JDNrVh7gi1/6c1MkiYXS+CTAGeM=,3Q1MCs/wdvXXte/6861Z6990uBI=
-19,8,JDNrVh7gi1/6c1MkiYXS+CTAGeM=,3Q1MCs/wdvXXte/6861Z6990uBI=
-18,8,QmbXnfFZ9PRwQz8UOF4kh7/YFH4=,3Q1MCs/wdvXXte/6861Z6990uBI=
-24,9,QmbXnfFZ9PRwQz8UOF4kh7/YFH4=,3Q1MCs/wdvXXte/6861Z6990uBI=
-23,9,QmbXnfFZ9PRwQz8UOF4kh7/YFH4=,3Q1MCs/wdvXXte/6861Z6990uBI=
-22,9,QmbXnfFZ9PRwQz8UOF4kh7/YFH4=,3Q1MCs/wdvXXte/6861Z6990uBI=
-21,9,QmbXnfFZ9PRwQz8UOF4kh7/YFH4=,3Q1MCs/wdvXXte/6861Z6990uBI=
-25,7,QmbXnfFZ9PRwQz8UOF4kh7/YFH4=,MIl67yt6zEarWEVd1KsRseWMigE=
-25,8,QmbXnfFZ9PRwQz8UOF4kh7/YFH4=,GWd0TAKORMV9izHqPkSQIeKci4U=
-18,13,QmbXnfFZ9PRwQz8UOF4kh7/YFH4=,3Q1MCs/wdvXXte/6861Z6990uBI=
-19,13,QmbXnfFZ9PRwQz8UOF4kh7/YFH4=,3Q1MCs/wdvXXte/6861Z6990uBI=
-20,13,QmbXnfFZ9PRwQz8UOF4kh7/YFH4=,3Q1MCs/wdvXXte/6861Z6990uBI=
-21,13,QmbXnfFZ9PRwQz8UOF4kh7/YFH4=,3Q1MCs/wdvXXte/6861Z6990uBI=
-22,13,QmbXnfFZ9PRwQz8UOF4kh7/YFH4=,3Q1MCs/wdvXXte/6861Z6990uBI=
-23,13,QmbXnfFZ9PRwQz8UOF4kh7/YFH4=,3Q1MCs/wdvXXte/6861Z6990uBI=
-18,12,QmbXnfFZ9PRwQz8UOF4kh7/YFH4=,3Q1MCs/wdvXXte/6861Z6990uBI=
-24,13,QmbXnfFZ9PRwQz8UOF4kh7/YFH4=,3Q1MCs/wdvXXte/6861Z6990uBI=
-19,12,ITHHIvyUWJBrRFTLHbZGuXHUOMU=,3Q1MCs/wdvXXte/6861Z6990uBI=
-21,12,ITHHIvyUWJBrRFTLHbZGuXHUOMU=,3Q1MCs/wdvXXte/6861Z6990uBI=
-20,12,ITHHIvyUWJBrRFTLHbZGuXHUOMU=,3Q1MCs/wdvXXte/6861Z6990uBI=
-22,12,ITHHIvyUWJBrRFTLHbZGuXHUOMU=,3Q1MCs/wdvXXte/6861Z6990uBI=
-23,12,ITHHIvyUWJBrRFTLHbZGuXHUOMU=,3Q1MCs/wdvXXte/6861Z6990uBI=
-17,15,ITHHIvyUWJBrRFTLHbZGuXHUOMU=,3Q1MCs/wdvXXte/6861Z6990uBI=
-24,12,ITHHIvyUWJBrRFTLHbZGuXHUOMU=,3Q1MCs/wdvXXte/6861Z6990uBI=
-17,14,ITHHIvyUWJBrRFTLHbZGuXHUOMU=,3Q1MCs/wdvXXte/6861Z6990uBI=
-17,8,ITHHIvyUWJBrRFTLHbZGuXHUOMU=,3Q1MCs/wdvXXte/6861Z6990uBI=
-17,13,ITHHIvyUWJBrRFTLHbZGuXHUOMU=,3Q1MCs/wdvXXte/6861Z6990uBI=
-17,12,ITHHIvyUWJBrRFTLHbZGuXHUOMU=,3Q1MCs/wdvXXte/6861Z6990uBI=
-17,11,ITHHIvyUWJBrRFTLHbZGuXHUOMU=,3Q1MCs/wdvXXte/6861Z6990uBI=
-17,10,ITHHIvyUWJBrRFTLHbZGuXHUOMU=,3Q1MCs/wdvXXte/6861Z6990uBI=
-17,9,ITHHIvyUWJBrRFTLHbZGuXHUOMU=,3Q1MCs/wdvXXte/6861Z6990uBI=
-18,15,ITHHIvyUWJBrRFTLHbZGuXHUOMU=,3Q1MCs/wdvXXte/6861Z6990uBI=
-19,15,ITHHIvyUWJBrRFTLHbZGuXHUOMU=,3Q1MCs/wdvXXte/6861Z6990uBI=
-20,15,rc3GwwuJiLqPJi9Ai6PvfTPnw0Y=,3Q1MCs/wdvXXte/6861Z6990uBI=
-21,15,rc3GwwuJiLqPJi9Ai6PvfTPnw0Y=,3Q1MCs/wdvXXte/6861Z6990uBI=
-22,15,rc3GwwuJiLqPJi9Ai6PvfTPnw0Y=,3Q1MCs/wdvXXte/6861Z6990uBI=
-23,15,rc3GwwuJiLqPJi9Ai6PvfTPnw0Y=,3Q1MCs/wdvXXte/6861Z6990uBI=
-18,11,rc3GwwuJiLqPJi9Ai6PvfTPnw0Y=,3Q1MCs/wdvXXte/6861Z6990uBI=
-19,11,rc3GwwuJiLqPJi9Ai6PvfTPnw0Y=,3Q1MCs/wdvXXte/6861Z6990uBI=
-20,11,rc3GwwuJiLqPJi9Ai6PvfTPnw0Y=,3Q1MCs/wdvXXte/6861Z6990uBI=
-21,11,rc3GwwuJiLqPJi9Ai6PvfTPnw0Y=,3Q1MCs/wdvXXte/6861Z6990uBI=
-22,11,rc3GwwuJiLqPJi9Ai6PvfTPnw0Y=,3Q1MCs/wdvXXte/6861Z6990uBI=
-23,11,rc3GwwuJiLqPJi9Ai6PvfTPnw0Y=,3Q1MCs/wdvXXte/6861Z6990uBI=
-18,10,rc3GwwuJiLqPJi9Ai6PvfTPnw0Y=,3Q1MCs/wdvXXte/6861Z6990uBI=
-24,11,rc3GwwuJiLqPJi9Ai6PvfTPnw0Y=,3Q1MCs/wdvXXte/6861Z6990uBI=
-20,10,rc3GwwuJiLqPJi9Ai6PvfTPnw0Y=,3Q1MCs/wdvXXte/6861Z6990uBI=
-19,10,rc3GwwuJiLqPJi9Ai6PvfTPnw0Y=,3Q1MCs/wdvXXte/6861Z6990uBI=
-21,10,Ww8/6vxo5nWGmPwlYrhK79VtIhI=,3Q1MCs/wdvXXte/6861Z6990uBI=
-22,10,Ww8/6vxo5nWGmPwlYrhK79VtIhI=,3Q1MCs/wdvXXte/6861Z6990uBI=
-23,10,Ww8/6vxo5nWGmPwlYrhK79VtIhI=,3Q1MCs/wdvXXte/6861Z6990uBI=
-19,9,Ww8/6vxo5nWGmPwlYrhK79VtIhI=,3Q1MCs/wdvXXte/6861Z6990uBI=
-18,9,Ww8/6vxo5nWGmPwlYrhK79VtIhI=,3Q1MCs/wdvXXte/6861Z6990uBI=
-24,10,Ww8/6vxo5nWGmPwlYrhK79VtIhI=,3Q1MCs/wdvXXte/6861Z6990uBI=
-20,9,Ww8/6vxo5nWGmPwlYrhK79VtIhI=,3Q1MCs/wdvXXte/6861Z6990uBI=
-32,4,Ww8/6vxo5nWGmPwlYrhK79VtIhI=,MIl67yt6zEarWEVd1KsRseWMigE=
-32,6,Jebo1SkEhmN3Cdy70rYTgx5vpiw=,MIl67yt6zEarWEVd1KsRseWMigE=
-32,5,Jebo1SkEhmN3Cdy70rYTgx5vpiw=,MIl67yt6zEarWEVd1KsRseWMigE=
-29,4,Jebo1SkEhmN3Cdy70rYTgx5vpiw=,MIl67yt6zEarWEVd1KsRseWMigE=
-32,15,Jebo1SkEhmN3Cdy70rYTgx5vpiw=,GWd0TAKORMV9izHqPkSQIeKci4U=
-32,13,Jebo1SkEhmN3Cdy70rYTgx5vpiw=,GWd0TAKORMV9izHqPkSQIeKci4U=
-32,12,Jebo1SkEhmN3Cdy70rYTgx5vpiw=,GWd0TAKORMV9izHqPkSQIeKci4U=
-32,11,Jebo1SkEhmN3Cdy70rYTgx5vpiw=,GWd0TAKORMV9izHqPkSQIeKci4U=
-30,4,Jebo1SkEhmN3Cdy70rYTgx5vpiw=,MIl67yt6zEarWEVd1KsRseWMigE=
-32,10,Jebo1SkEhmN3Cdy70rYTgx5vpiw=,GWd0TAKORMV9izHqPkSQIeKci4U=
-32,9,Jebo1SkEhmN3Cdy70rYTgx5vpiw=,GWd0TAKORMV9izHqPkSQIeKci4U=
-32,8,Jebo1SkEhmN3Cdy70rYTgx5vpiw=,GWd0TAKORMV9izHqPkSQIeKci4U=
-31,4,Jebo1SkEhmN3Cdy70rYTgx5vpiw=,MIl67yt6zEarWEVd1KsRseWMigE=
-29,15,Jebo1SkEhmN3Cdy70rYTgx5vpiw=,GWd0TAKORMV9izHqPkSQIeKci4U=
-29,7,XU49tdtXc4wqXgVNnn0T+IyJkSA=,MIl67yt6zEarWEVd1KsRseWMigE=
-30,15,XU49tdtXc4wqXgVNnn0T+IyJkSA=,GWd0TAKORMV9izHqPkSQIeKci4U=
-31,15,XU49tdtXc4wqXgVNnn0T+IyJkSA=,GWd0TAKORMV9izHqPkSQIeKci4U=
-30,7,XU49tdtXc4wqXgVNnn0T+IyJkSA=,MIl67yt6zEarWEVd1KsRseWMigE=
-29,8,XU49tdtXc4wqXgVNnn0T+IyJkSA=,GWd0TAKORMV9izHqPkSQIeKci4U=
-29,6,XU49tdtXc4wqXgVNnn0T+IyJkSA=,MIl67yt6zEarWEVd1KsRseWMigE=
-30,8,XU49tdtXc4wqXgVNnn0T+IyJkSA=,GWd0TAKORMV9izHqPkSQIeKci4U=
-31,8,XU49tdtXc4wqXgVNnn0T+IyJkSA=,GWd0TAKORMV9izHqPkSQIeKci4U=
-30,6,XU49tdtXc4wqXgVNnn0T+IyJkSA=,MIl67yt6zEarWEVd1KsRseWMigE=
-29,14,XU49tdtXc4wqXgVNnn0T+IyJkSA=,GWd0TAKORMV9izHqPkSQIeKci4U=
-31,6,XU49tdtXc4wqXgVNnn0T+IyJkSA=,MIl67yt6zEarWEVd1KsRseWMigE=
-30,14,XU49tdtXc4wqXgVNnn0T+IyJkSA=,GWd0TAKORMV9izHqPkSQIeKci4U=
-31,7,XU49tdtXc4wqXgVNnn0T+IyJkSA=,MIl67yt6zEarWEVd1KsRseWMigE=
-31,14,wLiM91ndv6oiIApGsVDm+ChBdvw=,GWd0TAKORMV9izHqPkSQIeKci4U=
-29,5,wLiM91ndv6oiIApGsVDm+ChBdvw=,MIl67yt6zEarWEVd1KsRseWMigE=
-29,13,wLiM91ndv6oiIApGsVDm+ChBdvw=,GWd0TAKORMV9izHqPkSQIeKci4U=
-30,13,wLiM91ndv6oiIApGsVDm+ChBdvw=,GWd0TAKORMV9izHqPkSQIeKci4U=
-30,5,wLiM91ndv6oiIApGsVDm+ChBdvw=,MIl67yt6zEarWEVd1KsRseWMigE=
-31,13,wLiM91ndv6oiIApGsVDm+ChBdvw=,GWd0TAKORMV9izHqPkSQIeKci4U=
-31,5,wLiM91ndv6oiIApGsVDm+ChBdvw=,MIl67yt6zEarWEVd1KsRseWMigE=
-32,14,wLiM91ndv6oiIApGsVDm+ChBdvw=,GWd0TAKORMV9izHqPkSQIeKci4U=
-29,12,wLiM91ndv6oiIApGsVDm+ChBdvw=,GWd0TAKORMV9izHqPkSQIeKci4U=
-32,7,wLiM91ndv6oiIApGsVDm+ChBdvw=,MIl67yt6zEarWEVd1KsRseWMigE=
-30,12,wLiM91ndv6oiIApGsVDm+ChBdvw=,GWd0TAKORMV9izHqPkSQIeKci4U=
-31,12,wLiM91ndv6oiIApGsVDm+ChBdvw=,GWd0TAKORMV9izHqPkSQIeKci4U=
-29,11,wLiM91ndv6oiIApGsVDm+ChBdvw=,GWd0TAKORMV9izHqPkSQIeKci4U=
-31,9,IevM3h3PIKEzAySndSD/LGCWMPY=,GWd0TAKORMV9izHqPkSQIeKci4U=
-30,11,IevM3h3PIKEzAySndSD/LGCWMPY=,GWd0TAKORMV9izHqPkSQIeKci4U=
-31,11,IevM3h3PIKEzAySndSD/LGCWMPY=,GWd0TAKORMV9izHqPkSQIeKci4U=
-29,10,IevM3h3PIKEzAySndSD/LGCWMPY=,GWd0TAKORMV9izHqPkSQIeKci4U=
-30,10,IevM3h3PIKEzAySndSD/LGCWMPY=,GWd0TAKORMV9izHqPkSQIeKci4U=
-31,10,IevM3h3PIKEzAySndSD/LGCWMPY=,GWd0TAKORMV9izHqPkSQIeKci4U=
-30,9,IevM3h3PIKEzAySndSD/LGCWMPY=,GWd0TAKORMV9izHqPkSQIeKci4U=
-29,9,IevM3h3PIKEzAySndSD/LGCWMPY=,GWd0TAKORMV9izHqPkSQIeKci4U=
-30,2,oRfl4C9wX7dY7wtMqwJtzYgyM+Y=,MIl67yt6zEarWEVd1KsRseWMigE=
-29,2,oRfl4C9wX7dY7wtMqwJtzYgyM+Y=,MIl67yt6zEarWEVd1KsRseWMigE=
-30,1,sGJHcM/kPDea04mljIi/I1yDCsQ=,MIl67yt6zEarWEVd1KsRseWMigE=
-32,0,sGJHcM/kPDea04mljIi/I1yDCsQ=,MIl67yt6zEarWEVd1KsRseWMigE=
-31,1,sGJHcM/kPDea04mljIi/I1yDCsQ=,MIl67yt6zEarWEVd1KsRseWMigE=
-31,0,sGJHcM/kPDea04mljIi/I1yDCsQ=,MIl67yt6zEarWEVd1KsRseWMigE=
-30,0,sGJHcM/kPDea04mljIi/I1yDCsQ=,MIl67yt6zEarWEVd1KsRseWMigE=
-29,0,sGJHcM/kPDea04mljIi/I1yDCsQ=,MIl67yt6zEarWEVd1KsRseWMigE=
-32,2,sGJHcM/kPDea04mljIi/I1yDCsQ=,MIl67yt6zEarWEVd1KsRseWMigE=
-32,3,sGJHcM/kPDea04mljIi/I1yDCsQ=,MIl67yt6zEarWEVd1KsRseWMigE=
-32,1,sGJHcM/kPDea04mljIi/I1yDCsQ=,MIl67yt6zEarWEVd1KsRseWMigE=
-29,3,sGJHcM/kPDea04mljIi/I1yDCsQ=,MIl67yt6zEarWEVd1KsRseWMigE=
-31,2,sGJHcM/kPDea04mljIi/I1yDCsQ=,MIl67yt6zEarWEVd1KsRseWMigE=
-25,0,sGJHcM/kPDea04mljIi/I1yDCsQ=,MIl67yt6zEarWEVd1KsRseWMigE=
-30,3,sGJHcM/kPDea04mljIi/I1yDCsQ=,MIl67yt6zEarWEVd1KsRseWMigE=
-29,1,sGJHcM/kPDea04mljIi/I1yDCsQ=,MIl67yt6zEarWEVd1KsRseWMigE=
-27,0,sGJHcM/kPDea04mljIi/I1yDCsQ=,MIl67yt6zEarWEVd1KsRseWMigE=
-31,3,sGJHcM/kPDea04mljIi/I1yDCsQ=,MIl67yt6zEarWEVd1KsRseWMigE=
-28,0,mNXR5ZWs6/bPS7/cxr1j5+vuLVI=,MIl67yt6zEarWEVd1KsRseWMigE=
-26,0,mNXR5ZWs6/bPS7/cxr1j5+vuLVI=,MIl67yt6zEarWEVd1KsRseWMigE=
-26,3,mNXR5ZWs6/bPS7/cxr1j5+vuLVI=,MIl67yt6zEarWEVd1KsRseWMigE=
-25,3,mNXR5ZWs6/bPS7/cxr1j5+vuLVI=,MIl67yt6zEarWEVd1KsRseWMigE=
-27,3,mNXR5ZWs6/bPS7/cxr1j5+vuLVI=,MIl67yt6zEarWEVd1KsRseWMigE=
-25,1,mNXR5ZWs6/bPS7/cxr1j5+vuLVI=,MIl67yt6zEarWEVd1KsRseWMigE=
-26,1,mNXR5ZWs6/bPS7/cxr1j5+vuLVI=,MIl67yt6zEarWEVd1KsRseWMigE=
-27,1,mNXR5ZWs6/bPS7/cxr1j5+vuLVI=,MIl67yt6zEarWEVd1KsRseWMigE=
-28,1,mNXR5ZWs6/bPS7/cxr1j5+vuLVI=,MIl67yt6zEarWEVd1KsRseWMigE=
-28,3,mNXR5ZWs6/bPS7/cxr1j5+vuLVI=,MIl67yt6zEarWEVd1KsRseWMigE=
-25,2,mNXR5ZWs6/bPS7/cxr1j5+vuLVI=,MIl67yt6zEarWEVd1KsRseWMigE=
-17,0,mNXR5ZWs6/bPS7/cxr1j5+vuLVI=,wN6cEPB51KuIaTkRJJ8fhrkQaDo=
-28,2,mNXR5ZWs6/bPS7/cxr1j5+vuLVI=,MIl67yt6zEarWEVd1KsRseWMigE=
-26,2,mNXR5ZWs6/bPS7/cxr1j5+vuLVI=,MIl67yt6zEarWEVd1KsRseWMigE=
-27,2,mNXR5ZWs6/bPS7/cxr1j5+vuLVI=,MIl67yt6zEarWEVd1KsRseWMigE=
-18,0,mNXR5ZWs6/bPS7/cxr1j5+vuLVI=,wN6cEPB51KuIaTkRJJ8fhrkQaDo=
-23,1,mNXR5ZWs6/bPS7/cxr1j5+vuLVI=,wN6cEPB51KuIaTkRJJ8fhrkQaDo=
-19,0,zJy4hnSB3HWE3zt90exi1bzryV0=,wN6cEPB51KuIaTkRJJ8fhrkQaDo=
-22,1,zJy4hnSB3HWE3zt90exi1bzryV0=,wN6cEPB51KuIaTkRJJ8fhrkQaDo=
-20,0,zJy4hnSB3HWE3zt90exi1bzryV0=,wN6cEPB51KuIaTkRJJ8fhrkQaDo=
-20,1,zJy4hnSB3HWE3zt90exi1bzryV0=,wN6cEPB51KuIaTkRJJ8fhrkQaDo=
-19,1,zJy4hnSB3HWE3zt90exi1bzryV0=,wN6cEPB51KuIaTkRJJ8fhrkQaDo=
-21,1,zJy4hnSB3HWE3zt90exi1bzryV0=,wN6cEPB51KuIaTkRJJ8fhrkQaDo=
-21,0,zJy4hnSB3HWE3zt90exi1bzryV0=,wN6cEPB51KuIaTkRJJ8fhrkQaDo=
-18,1,zJy4hnSB3HWE3zt90exi1bzryV0=,wN6cEPB51KuIaTkRJJ8fhrkQaDo=
-17,1,zJy4hnSB3HWE3zt90exi1bzryV0=,wN6cEPB51KuIaTkRJJ8fhrkQaDo=
-23,2,zJy4hnSB3HWE3zt90exi1bzryV0=,wN6cEPB51KuIaTkRJJ8fhrkQaDo=
-22,0,zJy4hnSB3HWE3zt90exi1bzryV0=,wN6cEPB51KuIaTkRJJ8fhrkQaDo=
-21,2,zJy4hnSB3HWE3zt90exi1bzryV0=,wN6cEPB51KuIaTkRJJ8fhrkQaDo=
-22,2,zJy4hnSB3HWE3zt90exi1bzryV0=,wN6cEPB51KuIaTkRJJ8fhrkQaDo=
-20,2,zJy4hnSB3HWE3zt90exi1bzryV0=,wN6cEPB51KuIaTkRJJ8fhrkQaDo=
-19,2,ZNAB+y237J2wt3bWML+c17qg6nw=,wN6cEPB51KuIaTkRJJ8fhrkQaDo=
-18,2,ZNAB+y237J2wt3bWML+c17qg6nw=,wN6cEPB51KuIaTkRJJ8fhrkQaDo=
-23,0,ZNAB+y237J2wt3bWML+c17qg6nw=,wN6cEPB51KuIaTkRJJ8fhrkQaDo=
-17,2,ZNAB+y237J2wt3bWML+c17qg6nw=,wN6cEPB51KuIaTkRJJ8fhrkQaDo=
-24,0,ZNAB+y237J2wt3bWML+c17qg6nw=,wN6cEPB51KuIaTkRJJ8fhrkQaDo=
-21,3,ZNAB+y237J2wt3bWML+c17qg6nw=,wN6cEPB51KuIaTkRJJ8fhrkQaDo=
-23,3,ZNAB+y237J2wt3bWML+c17qg6nw=,wN6cEPB51KuIaTkRJJ8fhrkQaDo=
-22,3,ZNAB+y237J2wt3bWML+c17qg6nw=,wN6cEPB51KuIaTkRJJ8fhrkQaDo=
-24,3,ZNAB+y237J2wt3bWML+c17qg6nw=,wN6cEPB51KuIaTkRJJ8fhrkQaDo=
-24,2,ZNAB+y237J2wt3bWML+c17qg6nw=,wN6cEPB51KuIaTkRJJ8fhrkQaDo=
-24,1,ZNAB+y237J2wt3bWML+c17qg6nw=,wN6cEPB51KuIaTkRJJ8fhrkQaDo=
-17,3,ZNAB+y237J2wt3bWML+c17qg6nw=,wN6cEPB51KuIaTkRJJ8fhrkQaDo=
-18,3,ZNAB+y237J2wt3bWML+c17qg6nw=,wN6cEPB51KuIaTkRJJ8fhrkQaDo=
-19,3,ZNAB+y237J2wt3bWML+c17qg6nw=,wN6cEPB51KuIaTkRJJ8fhrkQaDo=
-20,3,sRy7TABcyjRqQbHvkUoNBDwAReQ=,wN6cEPB51KuIaTkRJJ8fhrkQaDo=
-25,23,HSDrpScMARcPxnd8yhsQQEtmfdY=,HZvU6lfssjIfcaOEngqAE86nsjQ=
-26,23,gZJ8k8uK364jROUNVnF3BbZU8AA=,HZvU6lfssjIfcaOEngqAE86nsjQ=
-24,23,gZJ8k8uK364jROUNVnF3BbZU8AA=,IJE2lpJqA0hX7OPzBEOWDZqZ1k8=
-21,23,gZJ8k8uK364jROUNVnF3BbZU8AA=,IJE2lpJqA0hX7OPzBEOWDZqZ1k8=
-22,23,gZJ8k8uK364jROUNVnF3BbZU8AA=,IJE2lpJqA0hX7OPzBEOWDZqZ1k8=
-23,23,gZJ8k8uK364jROUNVnF3BbZU8AA=,IJE2lpJqA0hX7OPzBEOWDZqZ1k8=
-27,22,gZJ8k8uK364jROUNVnF3BbZU8AA=,HZvU6lfssjIfcaOEngqAE86nsjQ=
-24,22,gZJ8k8uK364jROUNVnF3BbZU8AA=,IJE2lpJqA0hX7OPzBEOWDZqZ1k8=
-28,22,K20h900cMw2dbtQ2X7eL/hJOrec=,HZvU6lfssjIfcaOEngqAE86nsjQ=
-25,22,K20h900cMw2dbtQ2X7eL/hJOrec=,HZvU6lfssjIfcaOEngqAE86nsjQ=
-24,21,K20h900cMw2dbtQ2X7eL/hJOrec=,IJE2lpJqA0hX7OPzBEOWDZqZ1k8=
-27,21,K20h900cMw2dbtQ2X7eL/hJOrec=,HZvU6lfssjIfcaOEngqAE86nsjQ=
-28,21,K20h900cMw2dbtQ2X7eL/hJOrec=,HZvU6lfssjIfcaOEngqAE86nsjQ=
-26,22,K20h900cMw2dbtQ2X7eL/hJOrec=,HZvU6lfssjIfcaOEngqAE86nsjQ=
-25,20,nEPkUwxgolC17uWi0Fm9zhQT3Eo=,HZvU6lfssjIfcaOEngqAE86nsjQ=
-27,23,nEPkUwxgolC17uWi0Fm9zhQT3Eo=,HZvU6lfssjIfcaOEngqAE86nsjQ=
-24,20,nEPkUwxgolC17uWi0Fm9zhQT3Eo=,IJE2lpJqA0hX7OPzBEOWDZqZ1k8=
-26,20,nEPkUwxgolC17uWi0Fm9zhQT3Eo=,HZvU6lfssjIfcaOEngqAE86nsjQ=
-27,20,nEPkUwxgolC17uWi0Fm9zhQT3Eo=,HZvU6lfssjIfcaOEngqAE86nsjQ=
-28,20,nEPkUwxgolC17uWi0Fm9zhQT3Eo=,HZvU6lfssjIfcaOEngqAE86nsjQ=
-25,21,nEPkUwxgolC17uWi0Fm9zhQT3Eo=,HZvU6lfssjIfcaOEngqAE86nsjQ=
-26,21,VeeTYyKQczkGSa2ZwPwZ+nK4UcM=,HZvU6lfssjIfcaOEngqAE86nsjQ=
-21,22,VeeTYyKQczkGSa2ZwPwZ+nK4UcM=,IJE2lpJqA0hX7OPzBEOWDZqZ1k8=
-22,22,VeeTYyKQczkGSa2ZwPwZ+nK4UcM=,IJE2lpJqA0hX7OPzBEOWDZqZ1k8=
-28,23,VeeTYyKQczkGSa2ZwPwZ+nK4UcM=,HZvU6lfssjIfcaOEngqAE86nsjQ=
-23,22,VeeTYyKQczkGSa2ZwPwZ+nK4UcM=,IJE2lpJqA0hX7OPzBEOWDZqZ1k8=
-21,21,VeeTYyKQczkGSa2ZwPwZ+nK4UcM=,IJE2lpJqA0hX7OPzBEOWDZqZ1k8=
-22,21,VeeTYyKQczkGSa2ZwPwZ+nK4UcM=,IJE2lpJqA0hX7OPzBEOWDZqZ1k8=
-23,21,o3KtHdHX7HhMaIAA8yFgbkmxOj4=,IJE2lpJqA0hX7OPzBEOWDZqZ1k8=
-21,20,o3KtHdHX7HhMaIAA8yFgbkmxOj4=,IJE2lpJqA0hX7OPzBEOWDZqZ1k8=
-22,20,o3KtHdHX7HhMaIAA8yFgbkmxOj4=,IJE2lpJqA0hX7OPzBEOWDZqZ1k8=
-23,20,o3KtHdHX7HhMaIAA8yFgbkmxOj4=,IJE2lpJqA0hX7OPzBEOWDZqZ1k8=
-25,31,o3KtHdHX7HhMaIAA8yFgbkmxOj4=,puGkRLM+HMjF2otGErOecrI7MTM=
-26,31,o3KtHdHX7HhMaIAA8yFgbkmxOj4=,puGkRLM+HMjF2otGErOecrI7MTM=
-17,23,o3KtHdHX7HhMaIAA8yFgbkmxOj4=,IJE2lpJqA0hX7OPzBEOWDZqZ1k8=
-27,31,o3KtHdHX7HhMaIAA8yFgbkmxOj4=,puGkRLM+HMjF2otGErOecrI7MTM=
-28,31,o3KtHdHX7HhMaIAA8yFgbkmxOj4=,puGkRLM+HMjF2otGErOecrI7MTM=
-18,23,o3KtHdHX7HhMaIAA8yFgbkmxOj4=,IJE2lpJqA0hX7OPzBEOWDZqZ1k8=
-24,31,o3KtHdHX7HhMaIAA8yFgbkmxOj4=,6mUC5idDdNaGckEkFjeltf/HhSY=
-25,28,HsXrTlk50dBfbCyKMWOx7btgXLQ=,puGkRLM+HMjF2otGErOecrI7MTM=
-19,23,HsXrTlk50dBfbCyKMWOx7btgXLQ=,IJE2lpJqA0hX7OPzBEOWDZqZ1k8=
-26,28,HsXrTlk50dBfbCyKMWOx7btgXLQ=,puGkRLM+HMjF2otGErOecrI7MTM=
-27,28,HsXrTlk50dBfbCyKMWOx7btgXLQ=,puGkRLM+HMjF2otGErOecrI7MTM=
-20,23,HsXrTlk50dBfbCyKMWOx7btgXLQ=,IJE2lpJqA0hX7OPzBEOWDZqZ1k8=
-28,28,HsXrTlk50dBfbCyKMWOx7btgXLQ=,puGkRLM+HMjF2otGErOecrI7MTM=
-17,21,HsXrTlk50dBfbCyKMWOx7btgXLQ=,IJE2lpJqA0hX7OPzBEOWDZqZ1k8=
-25,27,HsXrTlk50dBfbCyKMWOx7btgXLQ=,puGkRLM+HMjF2otGErOecrI7MTM=
-18,21,HsXrTlk50dBfbCyKMWOx7btgXLQ=,IJE2lpJqA0hX7OPzBEOWDZqZ1k8=
-26,27,HsXrTlk50dBfbCyKMWOx7btgXLQ=,puGkRLM+HMjF2otGErOecrI7MTM=
-19,21,HsXrTlk50dBfbCyKMWOx7btgXLQ=,IJE2lpJqA0hX7OPzBEOWDZqZ1k8=
-24,30,HsXrTlk50dBfbCyKMWOx7btgXLQ=,6mUC5idDdNaGckEkFjeltf/HhSY=
-20,21,HsXrTlk50dBfbCyKMWOx7btgXLQ=,IJE2lpJqA0hX7OPzBEOWDZqZ1k8=
-27,27,HsXrTlk50dBfbCyKMWOx7btgXLQ=,puGkRLM+HMjF2otGErOecrI7MTM=
-17,20,HsXrTlk50dBfbCyKMWOx7btgXLQ=,IJE2lpJqA0hX7OPzBEOWDZqZ1k8=
-28,27,DTvRQbSLo2Th7/Tf8YgVT35uDOw=,puGkRLM+HMjF2otGErOecrI7MTM=
-18,20,DTvRQbSLo2Th7/Tf8YgVT35uDOw=,IJE2lpJqA0hX7OPzBEOWDZqZ1k8=
-25,26,DTvRQbSLo2Th7/Tf8YgVT35uDOw=,puGkRLM+HMjF2otGErOecrI7MTM=
-19,20,DTvRQbSLo2Th7/Tf8YgVT35uDOw=,IJE2lpJqA0hX7OPzBEOWDZqZ1k8=
-24,29,DTvRQbSLo2Th7/Tf8YgVT35uDOw=,6mUC5idDdNaGckEkFjeltf/HhSY=
-20,20,DTvRQbSLo2Th7/Tf8YgVT35uDOw=,IJE2lpJqA0hX7OPzBEOWDZqZ1k8=
-26,26,DTvRQbSLo2Th7/Tf8YgVT35uDOw=,puGkRLM+HMjF2otGErOecrI7MTM=
-17,22,DTvRQbSLo2Th7/Tf8YgVT35uDOw=,IJE2lpJqA0hX7OPzBEOWDZqZ1k8=
-27,26,DTvRQbSLo2Th7/Tf8YgVT35uDOw=,puGkRLM+HMjF2otGErOecrI7MTM=
-18,22,DTvRQbSLo2Th7/Tf8YgVT35uDOw=,IJE2lpJqA0hX7OPzBEOWDZqZ1k8=
-19,22,DTvRQbSLo2Th7/Tf8YgVT35uDOw=,IJE2lpJqA0hX7OPzBEOWDZqZ1k8=
-28,26,DTvRQbSLo2Th7/Tf8YgVT35uDOw=,puGkRLM+HMjF2otGErOecrI7MTM=
-24,28,DTvRQbSLo2Th7/Tf8YgVT35uDOw=,6mUC5idDdNaGckEkFjeltf/HhSY=
-20,22,DTvRQbSLo2Th7/Tf8YgVT35uDOw=,IJE2lpJqA0hX7OPzBEOWDZqZ1k8=
-25,25,nxCbPMt0pXn/GLEY+bB4edeZxdM=,puGkRLM+HMjF2otGErOecrI7MTM=
-17,30,nxCbPMt0pXn/GLEY+bB4edeZxdM=,6mUC5idDdNaGckEkFjeltf/HhSY=
-17,29,nxCbPMt0pXn/GLEY+bB4edeZxdM=,6mUC5idDdNaGckEkFjeltf/HhSY=
-26,25,nxCbPMt0pXn/GLEY+bB4edeZxdM=,puGkRLM+HMjF2otGErOecrI7MTM=
-27,25,nxCbPMt0pXn/GLEY+bB4edeZxdM=,puGkRLM+HMjF2otGErOecrI7MTM=
-17,28,nxCbPMt0pXn/GLEY+bB4edeZxdM=,6mUC5idDdNaGckEkFjeltf/HhSY=
-28,25,nxCbPMt0pXn/GLEY+bB4edeZxdM=,puGkRLM+HMjF2otGErOecrI7MTM=
-17,27,nxCbPMt0pXn/GLEY+bB4edeZxdM=,6mUC5idDdNaGckEkFjeltf/HhSY=
-24,27,nxCbPMt0pXn/GLEY+bB4edeZxdM=,6mUC5idDdNaGckEkFjeltf/HhSY=
-17,26,nxCbPMt0pXn/GLEY+bB4edeZxdM=,6mUC5idDdNaGckEkFjeltf/HhSY=
-24,26,nxCbPMt0pXn/GLEY+bB4edeZxdM=,6mUC5idDdNaGckEkFjeltf/HhSY=
-17,25,nxCbPMt0pXn/GLEY+bB4edeZxdM=,6mUC5idDdNaGckEkFjeltf/HhSY=
-21,31,nxCbPMt0pXn/GLEY+bB4edeZxdM=,6mUC5idDdNaGckEkFjeltf/HhSY=
-18,31,jlwr93BoYPr+qAgqQMr9cjuoNRI=,6mUC5idDdNaGckEkFjeltf/HhSY=
-22,31,jlwr93BoYPr+qAgqQMr9cjuoNRI=,6mUC5idDdNaGckEkFjeltf/HhSY=
-19,31,jlwr93BoYPr+qAgqQMr9cjuoNRI=,6mUC5idDdNaGckEkFjeltf/HhSY=
-23,31,jlwr93BoYPr+qAgqQMr9cjuoNRI=,6mUC5idDdNaGckEkFjeltf/HhSY=
-21,25,jlwr93BoYPr+qAgqQMr9cjuoNRI=,6mUC5idDdNaGckEkFjeltf/HhSY=
-20,31,jlwr93BoYPr+qAgqQMr9cjuoNRI=,6mUC5idDdNaGckEkFjeltf/HhSY=
-22,25,jlwr93BoYPr+qAgqQMr9cjuoNRI=,6mUC5idDdNaGckEkFjeltf/HhSY=
-18,24,jlwr93BoYPr+qAgqQMr9cjuoNRI=,6mUC5idDdNaGckEkFjeltf/HhSY=
-23,25,jlwr93BoYPr+qAgqQMr9cjuoNRI=,6mUC5idDdNaGckEkFjeltf/HhSY=
-19,24,jlwr93BoYPr+qAgqQMr9cjuoNRI=,6mUC5idDdNaGckEkFjeltf/HhSY=
-21,24,jlwr93BoYPr+qAgqQMr9cjuoNRI=,6mUC5idDdNaGckEkFjeltf/HhSY=
-20,24,jlwr93BoYPr+qAgqQMr9cjuoNRI=,6mUC5idDdNaGckEkFjeltf/HhSY=
-22,24,jlwr93BoYPr+qAgqQMr9cjuoNRI=,6mUC5idDdNaGckEkFjeltf/HhSY=
-18,30,jlwr93BoYPr+qAgqQMr9cjuoNRI=,6mUC5idDdNaGckEkFjeltf/HhSY=
-23,24,jlwr93BoYPr+qAgqQMr9cjuoNRI=,6mUC5idDdNaGckEkFjeltf/HhSY=
-19,30,jlwr93BoYPr+qAgqQMr9cjuoNRI=,6mUC5idDdNaGckEkFjeltf/HhSY=
-21,30,3QFEWr2mm+M59XpHktsauKpUE80=,6mUC5idDdNaGckEkFjeltf/HhSY=
-20,30,3QFEWr2mm+M59XpHktsauKpUE80=,6mUC5idDdNaGckEkFjeltf/HhSY=
-22,30,3QFEWr2mm+M59XpHktsauKpUE80=,6mUC5idDdNaGckEkFjeltf/HhSY=
-18,29,3QFEWr2mm+M59XpHktsauKpUE80=,6mUC5idDdNaGckEkFjeltf/HhSY=
-23,30,3QFEWr2mm+M59XpHktsauKpUE80=,6mUC5idDdNaGckEkFjeltf/HhSY=
-19,29,3QFEWr2mm+M59XpHktsauKpUE80=,6mUC5idDdNaGckEkFjeltf/HhSY=
-21,29,3QFEWr2mm+M59XpHktsauKpUE80=,6mUC5idDdNaGckEkFjeltf/HhSY=
-20,29,3QFEWr2mm+M59XpHktsauKpUE80=,6mUC5idDdNaGckEkFjeltf/HhSY=
-22,29,3QFEWr2mm+M59XpHktsauKpUE80=,6mUC5idDdNaGckEkFjeltf/HhSY=
-18,28,3QFEWr2mm+M59XpHktsauKpUE80=,6mUC5idDdNaGckEkFjeltf/HhSY=
-23,29,3QFEWr2mm+M59XpHktsauKpUE80=,6mUC5idDdNaGckEkFjeltf/HhSY=
-19,28,3QFEWr2mm+M59XpHktsauKpUE80=,6mUC5idDdNaGckEkFjeltf/HhSY=
-21,28,3QFEWr2mm+M59XpHktsauKpUE80=,6mUC5idDdNaGckEkFjeltf/HhSY=
-20,28,3QFEWr2mm+M59XpHktsauKpUE80=,6mUC5idDdNaGckEkFjeltf/HhSY=
-22,28,3QFEWr2mm+M59XpHktsauKpUE80=,6mUC5idDdNaGckEkFjeltf/HhSY=
-18,27,3QFEWr2mm+M59XpHktsauKpUE80=,6mUC5idDdNaGckEkFjeltf/HhSY=
-23,28,3QFEWr2mm+M59XpHktsauKpUE80=,6mUC5idDdNaGckEkFjeltf/HhSY=
-19,27,4DngQq7YBx0Up3mfaq+0jNbttG8=,6mUC5idDdNaGckEkFjeltf/HhSY=
-21,27,4DngQq7YBx0Up3mfaq+0jNbttG8=,6mUC5idDdNaGckEkFjeltf/HhSY=
-20,27,4DngQq7YBx0Up3mfaq+0jNbttG8=,6mUC5idDdNaGckEkFjeltf/HhSY=
-22,27,4DngQq7YBx0Up3mfaq+0jNbttG8=,6mUC5idDdNaGckEkFjeltf/HhSY=
-18,26,4DngQq7YBx0Up3mfaq+0jNbttG8=,6mUC5idDdNaGckEkFjeltf/HhSY=
-23,27,4DngQq7YBx0Up3mfaq+0jNbttG8=,6mUC5idDdNaGckEkFjeltf/HhSY=
-19,26,4DngQq7YBx0Up3mfaq+0jNbttG8=,6mUC5idDdNaGckEkFjeltf/HhSY=
-21,26,4DngQq7YBx0Up3mfaq+0jNbttG8=,6mUC5idDdNaGckEkFjeltf/HhSY=
-22,26,4DngQq7YBx0Up3mfaq+0jNbttG8=,6mUC5idDdNaGckEkFjeltf/HhSY=
-20,26,4DngQq7YBx0Up3mfaq+0jNbttG8=,6mUC5idDdNaGckEkFjeltf/HhSY=
-23,26,4DngQq7YBx0Up3mfaq+0jNbttG8=,6mUC5idDdNaGckEkFjeltf/HhSY=
-28,29,4DngQq7YBx0Up3mfaq+0jNbttG8=,puGkRLM+HMjF2otGErOecrI7MTM=
-27,29,4DngQq7YBx0Up3mfaq+0jNbttG8=,puGkRLM+HMjF2otGErOecrI7MTM=
-18,25,4DngQq7YBx0Up3mfaq+0jNbttG8=,6mUC5idDdNaGckEkFjeltf/HhSY=
-26,29,4DngQq7YBx0Up3mfaq+0jNbttG8=,puGkRLM+HMjF2otGErOecrI7MTM=
-25,29,4DngQq7YBx0Up3mfaq+0jNbttG8=,puGkRLM+HMjF2otGErOecrI7MTM=
-19,25,4DngQq7YBx0Up3mfaq+0jNbttG8=,6mUC5idDdNaGckEkFjeltf/HhSY=
-28,30,4DngQq7YBx0Up3mfaq+0jNbttG8=,puGkRLM+HMjF2otGErOecrI7MTM=
-27,30,b8UAkyWGa5S+jckwP2cCLIt8bRQ=,puGkRLM+HMjF2otGErOecrI7MTM=
-26,30,b8UAkyWGa5S+jckwP2cCLIt8bRQ=,puGkRLM+HMjF2otGErOecrI7MTM=
-20,25,b8UAkyWGa5S+jckwP2cCLIt8bRQ=,6mUC5idDdNaGckEkFjeltf/HhSY=
-25,30,b8UAkyWGa5S+jckwP2cCLIt8bRQ=,puGkRLM+HMjF2otGErOecrI7MTM=
-17,24,b8UAkyWGa5S+jckwP2cCLIt8bRQ=,6mUC5idDdNaGckEkFjeltf/HhSY=
-24,24,b8UAkyWGa5S+jckwP2cCLIt8bRQ=,6mUC5idDdNaGckEkFjeltf/HhSY=
-17,31,b8UAkyWGa5S+jckwP2cCLIt8bRQ=,6mUC5idDdNaGckEkFjeltf/HhSY=
-28,24,b8UAkyWGa5S+jckwP2cCLIt8bRQ=,puGkRLM+HMjF2otGErOecrI7MTM=
-27,24,b8UAkyWGa5S+jckwP2cCLIt8bRQ=,puGkRLM+HMjF2otGErOecrI7MTM=
-26,24,b8UAkyWGa5S+jckwP2cCLIt8bRQ=,puGkRLM+HMjF2otGErOecrI7MTM=
-25,24,b8UAkyWGa5S+jckwP2cCLIt8bRQ=,puGkRLM+HMjF2otGErOecrI7MTM=
-31,23,b8UAkyWGa5S+jckwP2cCLIt8bRQ=,HZvU6lfssjIfcaOEngqAE86nsjQ=
-32,21,H92jviXzuISxoKfQCmGuLkYA51E=,HZvU6lfssjIfcaOEngqAE86nsjQ=
-30,23,H92jviXzuISxoKfQCmGuLkYA51E=,HZvU6lfssjIfcaOEngqAE86nsjQ=
-32,20,H92jviXzuISxoKfQCmGuLkYA51E=,HZvU6lfssjIfcaOEngqAE86nsjQ=
-24,25,H92jviXzuISxoKfQCmGuLkYA51E=,6mUC5idDdNaGckEkFjeltf/HhSY=
-32,22,H92jviXzuISxoKfQCmGuLkYA51E=,HZvU6lfssjIfcaOEngqAE86nsjQ=
-29,23,H92jviXzuISxoKfQCmGuLkYA51E=,HZvU6lfssjIfcaOEngqAE86nsjQ=
-29,21,H92jviXzuISxoKfQCmGuLkYA51E=,HZvU6lfssjIfcaOEngqAE86nsjQ=
-30,21,H92jviXzuISxoKfQCmGuLkYA51E=,HZvU6lfssjIfcaOEngqAE86nsjQ=
-31,21,H92jviXzuISxoKfQCmGuLkYA51E=,HZvU6lfssjIfcaOEngqAE86nsjQ=
-29,22,H92jviXzuISxoKfQCmGuLkYA51E=,HZvU6lfssjIfcaOEngqAE86nsjQ=
-29,20,H92jviXzuISxoKfQCmGuLkYA51E=,HZvU6lfssjIfcaOEngqAE86nsjQ=
-30,22,H92jviXzuISxoKfQCmGuLkYA51E=,HZvU6lfssjIfcaOEngqAE86nsjQ=
-30,20,BKKyLSgbi9tAq4H8Ssq9Ds9CUFQ=,HZvU6lfssjIfcaOEngqAE86nsjQ=
-31,20,BKKyLSgbi9tAq4H8Ssq9Ds9CUFQ=,HZvU6lfssjIfcaOEngqAE86nsjQ=
-31,22,BKKyLSgbi9tAq4H8Ssq9Ds9CUFQ=,HZvU6lfssjIfcaOEngqAE86nsjQ=
-32,24,BKKyLSgbi9tAq4H8Ssq9Ds9CUFQ=,puGkRLM+HMjF2otGErOecrI7MTM=
-32,27,BKKyLSgbi9tAq4H8Ssq9Ds9CUFQ=,puGkRLM+HMjF2otGErOecrI7MTM=
-32,29,BKKyLSgbi9tAq4H8Ssq9Ds9CUFQ=,puGkRLM+HMjF2otGErOecrI7MTM=
-32,26,BKKyLSgbi9tAq4H8Ssq9Ds9CUFQ=,puGkRLM+HMjF2otGErOecrI7MTM=
-32,28,BKKyLSgbi9tAq4H8Ssq9Ds9CUFQ=,puGkRLM+HMjF2otGErOecrI7MTM=
-32,25,BKKyLSgbi9tAq4H8Ssq9Ds9CUFQ=,puGkRLM+HMjF2otGErOecrI7MTM=
-29,30,BKKyLSgbi9tAq4H8Ssq9Ds9CUFQ=,puGkRLM+HMjF2otGErOecrI7MTM=
-29,24,BKKyLSgbi9tAq4H8Ssq9Ds9CUFQ=,puGkRLM+HMjF2otGErOecrI7MTM=
-30,30,BKKyLSgbi9tAq4H8Ssq9Ds9CUFQ=,puGkRLM+HMjF2otGErOecrI7MTM=
-30,24,BKKyLSgbi9tAq4H8Ssq9Ds9CUFQ=,puGkRLM+HMjF2otGErOecrI7MTM=
-31,30,RQV7feY390CdT4jiBExfjo5caxY=,puGkRLM+HMjF2otGErOecrI7MTM=
-31,24,RQV7feY390CdT4jiBExfjo5caxY=,puGkRLM+HMjF2otGErOecrI7MTM=
-29,29,RQV7feY390CdT4jiBExfjo5caxY=,puGkRLM+HMjF2otGErOecrI7MTM=
-29,27,RQV7feY390CdT4jiBExfjo5caxY=,puGkRLM+HMjF2otGErOecrI7MTM=
-30,29,RQV7feY390CdT4jiBExfjo5caxY=,puGkRLM+HMjF2otGErOecrI7MTM=
-29,31,RQV7feY390CdT4jiBExfjo5caxY=,puGkRLM+HMjF2otGErOecrI7MTM=
-30,27,RQV7feY390CdT4jiBExfjo5caxY=,puGkRLM+HMjF2otGErOecrI7MTM=
-30,31,RQV7feY390CdT4jiBExfjo5caxY=,puGkRLM+HMjF2otGErOecrI7MTM=
-31,27,RQV7feY390CdT4jiBExfjo5caxY=,puGkRLM+HMjF2otGErOecrI7MTM=
-31,31,RQV7feY390CdT4jiBExfjo5caxY=,puGkRLM+HMjF2otGErOecrI7MTM=
-31,29,RQV7feY390CdT4jiBExfjo5caxY=,puGkRLM+HMjF2otGErOecrI7MTM=
-29,26,RQV7feY390CdT4jiBExfjo5caxY=,puGkRLM+HMjF2otGErOecrI7MTM=
-29,28,RQV7feY390CdT4jiBExfjo5caxY=,puGkRLM+HMjF2otGErOecrI7MTM=
-30,26,RQV7feY390CdT4jiBExfjo5caxY=,puGkRLM+HMjF2otGErOecrI7MTM=
-30,28,RQV7feY390CdT4jiBExfjo5caxY=,puGkRLM+HMjF2otGErOecrI7MTM=
-31,26,XRl8BZ6y70WgdNTRTA2TD/D2kvk=,puGkRLM+HMjF2otGErOecrI7MTM=
-31,28,XRl8BZ6y70WgdNTRTA2TD/D2kvk=,puGkRLM+HMjF2otGErOecrI7MTM=
-32,31,XRl8BZ6y70WgdNTRTA2TD/D2kvk=,puGkRLM+HMjF2otGErOecrI7MTM=
-29,25,XRl8BZ6y70WgdNTRTA2TD/D2kvk=,puGkRLM+HMjF2otGErOecrI7MTM=
-30,25,XRl8BZ6y70WgdNTRTA2TD/D2kvk=,puGkRLM+HMjF2otGErOecrI7MTM=
-31,25,XRl8BZ6y70WgdNTRTA2TD/D2kvk=,puGkRLM+HMjF2otGErOecrI7MTM=
-32,30,XRl8BZ6y70WgdNTRTA2TD/D2kvk=,puGkRLM+HMjF2otGErOecrI7MTM=
-32,23,XRl8BZ6y70WgdNTRTA2TD/D2kvk=,HZvU6lfssjIfcaOEngqAE86nsjQ=
-32,16,dB6yHMHj3weyrOxBrI996yN/Dbg=,HZvU6lfssjIfcaOEngqAE86nsjQ=
-17,16,dB6yHMHj3weyrOxBrI996yN/Dbg=,IJE2lpJqA0hX7OPzBEOWDZqZ1k8=
-30,16,V2xOWdOtuOpGVI+FPuQTsz6PxGI=,HZvU6lfssjIfcaOEngqAE86nsjQ=
-20,17,V2xOWdOtuOpGVI+FPuQTsz6PxGI=,IJE2lpJqA0hX7OPzBEOWDZqZ1k8=
-19,17,V2xOWdOtuOpGVI+FPuQTsz6PxGI=,IJE2lpJqA0hX7OPzBEOWDZqZ1k8=
-25,16,V2xOWdOtuOpGVI+FPuQTsz6PxGI=,HZvU6lfssjIfcaOEngqAE86nsjQ=
-18,16,V2xOWdOtuOpGVI+FPuQTsz6PxGI=,IJE2lpJqA0hX7OPzBEOWDZqZ1k8=
-18,17,V2xOWdOtuOpGVI+FPuQTsz6PxGI=,IJE2lpJqA0hX7OPzBEOWDZqZ1k8=
-19,16,V2xOWdOtuOpGVI+FPuQTsz6PxGI=,IJE2lpJqA0hX7OPzBEOWDZqZ1k8=
-26,16,V2xOWdOtuOpGVI+FPuQTsz6PxGI=,HZvU6lfssjIfcaOEngqAE86nsjQ=
-20,16,V2xOWdOtuOpGVI+FPuQTsz6PxGI=,IJE2lpJqA0hX7OPzBEOWDZqZ1k8=
-17,19,AdVV+KLRAbYdAz0h47emexIm+6w=,IJE2lpJqA0hX7OPzBEOWDZqZ1k8=
-17,17,AdVV+KLRAbYdAz0h47emexIm+6w=,IJE2lpJqA0hX7OPzBEOWDZqZ1k8=
-20,18,AdVV+KLRAbYdAz0h47emexIm+6w=,IJE2lpJqA0hX7OPzBEOWDZqZ1k8=
-27,16,AdVV+KLRAbYdAz0h47emexIm+6w=,HZvU6lfssjIfcaOEngqAE86nsjQ=
-18,19,AdVV+KLRAbYdAz0h47emexIm+6w=,IJE2lpJqA0hX7OPzBEOWDZqZ1k8=
-24,16,AdVV+KLRAbYdAz0h47emexIm+6w=,IJE2lpJqA0hX7OPzBEOWDZqZ1k8=
-19,19,AdVV+KLRAbYdAz0h47emexIm+6w=,IJE2lpJqA0hX7OPzBEOWDZqZ1k8=
-20,19,AdVV+KLRAbYdAz0h47emexIm+6w=,IJE2lpJqA0hX7OPzBEOWDZqZ1k8=
-28,16,AdVV+KLRAbYdAz0h47emexIm+6w=,HZvU6lfssjIfcaOEngqAE86nsjQ=
-17,18,AdVV+KLRAbYdAz0h47emexIm+6w=,IJE2lpJqA0hX7OPzBEOWDZqZ1k8=
-32,19,AdVV+KLRAbYdAz0h47emexIm+6w=,HZvU6lfssjIfcaOEngqAE86nsjQ=
-18,18,p92hSs5pgPgbupEd2VlLa78E4e4=,IJE2lpJqA0hX7OPzBEOWDZqZ1k8=
-32,17,p92hSs5pgPgbupEd2VlLa78E4e4=,HZvU6lfssjIfcaOEngqAE86nsjQ=
-32,18,p92hSs5pgPgbupEd2VlLa78E4e4=,HZvU6lfssjIfcaOEngqAE86nsjQ=
-19,18,p92hSs5pgPgbupEd2VlLa78E4e4=,IJE2lpJqA0hX7OPzBEOWDZqZ1k8=
-21,16,p92hSs5pgPgbupEd2VlLa78E4e4=,IJE2lpJqA0hX7OPzBEOWDZqZ1k8=
-31,19,p92hSs5pgPgbupEd2VlLa78E4e4=,HZvU6lfssjIfcaOEngqAE86nsjQ=
-22,16,p92hSs5pgPgbupEd2VlLa78E4e4=,IJE2lpJqA0hX7OPzBEOWDZqZ1k8=
-23,16,p92hSs5pgPgbupEd2VlLa78E4e4=,IJE2lpJqA0hX7OPzBEOWDZqZ1k8=
-27,18,p92hSs5pgPgbupEd2VlLa78E4e4=,HZvU6lfssjIfcaOEngqAE86nsjQ=
-27,17,p92hSs5pgPgbupEd2VlLa78E4e4=,HZvU6lfssjIfcaOEngqAE86nsjQ=
-28,17,p92hSs5pgPgbupEd2VlLa78E4e4=,HZvU6lfssjIfcaOEngqAE86nsjQ=
-24,19,p92hSs5pgPgbupEd2VlLa78E4e4=,IJE2lpJqA0hX7OPzBEOWDZqZ1k8=
-29,17,p92hSs5pgPgbupEd2VlLa78E4e4=,HZvU6lfssjIfcaOEngqAE86nsjQ=
-28,18,lPwHIiuiXVsNSSXukOR94aC0HpM=,HZvU6lfssjIfcaOEngqAE86nsjQ=
-26,18,lPwHIiuiXVsNSSXukOR94aC0HpM=,HZvU6lfssjIfcaOEngqAE86nsjQ=
-25,19,lPwHIiuiXVsNSSXukOR94aC0HpM=,HZvU6lfssjIfcaOEngqAE86nsjQ=
-24,18,lPwHIiuiXVsNSSXukOR94aC0HpM=,IJE2lpJqA0hX7OPzBEOWDZqZ1k8=
-30,17,lPwHIiuiXVsNSSXukOR94aC0HpM=,HZvU6lfssjIfcaOEngqAE86nsjQ=
-24,17,lPwHIiuiXVsNSSXukOR94aC0HpM=,IJE2lpJqA0hX7OPzBEOWDZqZ1k8=
-31,17,lPwHIiuiXVsNSSXukOR94aC0HpM=,HZvU6lfssjIfcaOEngqAE86nsjQ=
-26,19,lPwHIiuiXVsNSSXukOR94aC0HpM=,HZvU6lfssjIfcaOEngqAE86nsjQ=
-29,18,lPwHIiuiXVsNSSXukOR94aC0HpM=,HZvU6lfssjIfcaOEngqAE86nsjQ=
-31,18,lPwHIiuiXVsNSSXukOR94aC0HpM=,HZvU6lfssjIfcaOEngqAE86nsjQ=
-30,18,lPwHIiuiXVsNSSXukOR94aC0HpM=,HZvU6lfssjIfcaOEngqAE86nsjQ=
-27,19,ApbC+/v70CjPLV+AHAnsNyYUs3A=,HZvU6lfssjIfcaOEngqAE86nsjQ=
-28,19,ApbC+/v70CjPLV+AHAnsNyYUs3A=,HZvU6lfssjIfcaOEngqAE86nsjQ=
-29,19,ApbC+/v70CjPLV+AHAnsNyYUs3A=,HZvU6lfssjIfcaOEngqAE86nsjQ=
-25,17,ApbC+/v70CjPLV+AHAnsNyYUs3A=,HZvU6lfssjIfcaOEngqAE86nsjQ=
-26,17,ApbC+/v70CjPLV+AHAnsNyYUs3A=,HZvU6lfssjIfcaOEngqAE86nsjQ=
-30,19,ApbC+/v70CjPLV+AHAnsNyYUs3A=,HZvU6lfssjIfcaOEngqAE86nsjQ=
-23,19,ApbC+/v70CjPLV+AHAnsNyYUs3A=,IJE2lpJqA0hX7OPzBEOWDZqZ1k8=
-21,19,ApbC+/v70CjPLV+AHAnsNyYUs3A=,IJE2lpJqA0hX7OPzBEOWDZqZ1k8=
-22,18,TZUw5HYEWlCNijeJiWqvciqlKv0=,IJE2lpJqA0hX7OPzBEOWDZqZ1k8=
-21,18,TZUw5HYEWlCNijeJiWqvciqlKv0=,IJE2lpJqA0hX7OPzBEOWDZqZ1k8=
-22,19,TZUw5HYEWlCNijeJiWqvciqlKv0=,IJE2lpJqA0hX7OPzBEOWDZqZ1k8=
-23,18,TZUw5HYEWlCNijeJiWqvciqlKv0=,IJE2lpJqA0hX7OPzBEOWDZqZ1k8=
-21,17,TZUw5HYEWlCNijeJiWqvciqlKv0=,IJE2lpJqA0hX7OPzBEOWDZqZ1k8=
-22,17,TZUw5HYEWlCNijeJiWqvciqlKv0=,IJE2lpJqA0hX7OPzBEOWDZqZ1k8=
-23,17,TZUw5HYEWlCNijeJiWqvciqlKv0=,IJE2lpJqA0hX7OPzBEOWDZqZ1k8=
-31,16,TZUw5HYEWlCNijeJiWqvciqlKv0=,HZvU6lfssjIfcaOEngqAE86nsjQ=
-25,18,TZUw5HYEWlCNijeJiWqvciqlKv0=,HZvU6lfssjIfcaOEngqAE86nsjQ=
-29,16,TZUw5HYEWlCNijeJiWqvciqlKv0=,HZvU6lfssjIfcaOEngqAE86nsjQ=
-11,21,PE6iaQ3mKnzMRrRhc7CrOmHzeqw=,l34VWDykUX/KaTCQj/kFliA5KXA=
-11,20,PE6iaQ3mKnzMRrRhc7CrOmHzeqw=,l34VWDykUX/KaTCQj/kFliA5KXA=
-12,21,PE6iaQ3mKnzMRrRhc7CrOmHzeqw=,l34VWDykUX/KaTCQj/kFliA5KXA=
-12,20,dUyDl8GcRWcG4Mr5YZcAGdRBVmw=,l34VWDykUX/KaTCQj/kFliA5KXA=
-11,22,dUyDl8GcRWcG4Mr5YZcAGdRBVmw=,l34VWDykUX/KaTCQj/kFliA5KXA=
-12,22,dUyDl8GcRWcG4Mr5YZcAGdRBVmw=,l34VWDykUX/KaTCQj/kFliA5KXA=
-9,23,nLEX6ItEgptnWqYjkM17Q5PNGe0=,l34VWDykUX/KaTCQj/kFliA5KXA=
-10,23,nLEX6ItEgptnWqYjkM17Q5PNGe0=,l34VWDykUX/KaTCQj/kFliA5KXA=
-5,23,nLEX6ItEgptnWqYjkM17Q5PNGe0=,44PCxf706Feyqta+Xg0veIC9A2E=
-11,23,nLEX6ItEgptnWqYjkM17Q5PNGe0=,l34VWDykUX/KaTCQj/kFliA5KXA=
-12,23,nLEX6ItEgptnWqYjkM17Q5PNGe0=,l34VWDykUX/KaTCQj/kFliA5KXA=
-6,23,nLEX6ItEgptnWqYjkM17Q5PNGe0=,44PCxf706Feyqta+Xg0veIC9A2E=
-7,23,hM4zt7UHC3ZViW+jhT3/037JDOA=,44PCxf706Feyqta+Xg0veIC9A2E=
-9,20,hM4zt7UHC3ZViW+jhT3/037JDOA=,l34VWDykUX/KaTCQj/kFliA5KXA=
-8,23,hM4zt7UHC3ZViW+jhT3/037JDOA=,44PCxf706Feyqta+Xg0veIC9A2E=
-9,21,hM4zt7UHC3ZViW+jhT3/037JDOA=,l34VWDykUX/KaTCQj/kFliA5KXA=
-10,20,JX+WUFAlyb8b1HU6HSvvWMmHt30=,l34VWDykUX/KaTCQj/kFliA5KXA=
-10,22,JX+WUFAlyb8b1HU6HSvvWMmHt30=,l34VWDykUX/KaTCQj/kFliA5KXA=
-8,22,JX+WUFAlyb8b1HU6HSvvWMmHt30=,44PCxf706Feyqta+Xg0veIC9A2E=
-9,22,JX+WUFAlyb8b1HU6HSvvWMmHt30=,l34VWDykUX/KaTCQj/kFliA5KXA=
-10,21,JX+WUFAlyb8b1HU6HSvvWMmHt30=,l34VWDykUX/KaTCQj/kFliA5KXA=
-8,25,JX+WUFAlyb8b1HU6HSvvWMmHt30=,FE/W3vIa7EXuXawbdZRXwoMqseg=
-8,21,RWddtCHZbcW036/o2RYLoIN8YGo=,44PCxf706Feyqta+Xg0veIC9A2E=
-7,25,RWddtCHZbcW036/o2RYLoIN8YGo=,FE/W3vIa7EXuXawbdZRXwoMqseg=
-6,25,RWddtCHZbcW036/o2RYLoIN8YGo=,FE/W3vIa7EXuXawbdZRXwoMqseg=
-8,20,RWddtCHZbcW036/o2RYLoIN8YGo=,44PCxf706Feyqta+Xg0veIC9A2E=
-5,25,RWddtCHZbcW036/o2RYLoIN8YGo=,FE/W3vIa7EXuXawbdZRXwoMqseg=
-9,24,RWddtCHZbcW036/o2RYLoIN8YGo=,lve06lKR96eqb/8oqTQwfVW3abU=
-5,22,RWddtCHZbcW036/o2RYLoIN8YGo=,44PCxf706Feyqta+Xg0veIC9A2E=
-5,24,PKFR+Btpmsr2zjlOlWFMx3+fioI=,FE/W3vIa7EXuXawbdZRXwoMqseg=
-6,24,PKFR+Btpmsr2zjlOlWFMx3+fioI=,FE/W3vIa7EXuXawbdZRXwoMqseg=
-6,22,PKFR+Btpmsr2zjlOlWFMx3+fioI=,44PCxf706Feyqta+Xg0veIC9A2E=
-7,24,PKFR+Btpmsr2zjlOlWFMx3+fioI=,FE/W3vIa7EXuXawbdZRXwoMqseg=
-8,24,PKFR+Btpmsr2zjlOlWFMx3+fioI=,FE/W3vIa7EXuXawbdZRXwoMqseg=
-7,22,6ChJi4goW0KAlGkih1Y28whhoSQ=,44PCxf706Feyqta+Xg0veIC9A2E=
-5,27,6ChJi4goW0KAlGkih1Y28whhoSQ=,FE/W3vIa7EXuXawbdZRXwoMqseg=
-6,27,6ChJi4goW0KAlGkih1Y28whhoSQ=,FE/W3vIa7EXuXawbdZRXwoMqseg=
-5,21,6ChJi4goW0KAlGkih1Y28whhoSQ=,44PCxf706Feyqta+Xg0veIC9A2E=
-7,27,6ChJi4goW0KAlGkih1Y28whhoSQ=,FE/W3vIa7EXuXawbdZRXwoMqseg=
-6,21,6ChJi4goW0KAlGkih1Y28whhoSQ=,44PCxf706Feyqta+Xg0veIC9A2E=
-9,27,x2wYoL64/z+RRrDDdR4ToReR3lY=,lve06lKR96eqb/8oqTQwfVW3abU=
-8,27,x2wYoL64/z+RRrDDdR4ToReR3lY=,FE/W3vIa7EXuXawbdZRXwoMqseg=
-7,21,x2wYoL64/z+RRrDDdR4ToReR3lY=,44PCxf706Feyqta+Xg0veIC9A2E=
-5,26,x2wYoL64/z+RRrDDdR4ToReR3lY=,FE/W3vIa7EXuXawbdZRXwoMqseg=
-5,20,x2wYoL64/z+RRrDDdR4ToReR3lY=,44PCxf706Feyqta+Xg0veIC9A2E=
-9,26,x2wYoL64/z+RRrDDdR4ToReR3lY=,lve06lKR96eqb/8oqTQwfVW3abU=
-6,20,JnnJ8hmBIhGyyavkSvvl2jkyoi8=,44PCxf706Feyqta+Xg0veIC9A2E=
-6,26,JnnJ8hmBIhGyyavkSvvl2jkyoi8=,FE/W3vIa7EXuXawbdZRXwoMqseg=
-7,20,JnnJ8hmBIhGyyavkSvvl2jkyoi8=,44PCxf706Feyqta+Xg0veIC9A2E=
-7,26,JnnJ8hmBIhGyyavkSvvl2jkyoi8=,FE/W3vIa7EXuXawbdZRXwoMqseg=
-12,25,JnnJ8hmBIhGyyavkSvvl2jkyoi8=,lve06lKR96eqb/8oqTQwfVW3abU=
-8,26,JnnJ8hmBIhGyyavkSvvl2jkyoi8=,FE/W3vIa7EXuXawbdZRXwoMqseg=
-9,25,JnnJ8hmBIhGyyavkSvvl2jkyoi8=,lve06lKR96eqb/8oqTQwfVW3abU=
-1,23,JnnJ8hmBIhGyyavkSvvl2jkyoi8=,44PCxf706Feyqta+Xg0veIC9A2E=
-10,24,jM4ZwIkB+2v1LGNd8ce4E1YdKy0=,lve06lKR96eqb/8oqTQwfVW3abU=
-11,24,jM4ZwIkB+2v1LGNd8ce4E1YdKy0=,lve06lKR96eqb/8oqTQwfVW3abU=
-12,24,jM4ZwIkB+2v1LGNd8ce4E1YdKy0=,lve06lKR96eqb/8oqTQwfVW3abU=
-2,23,jM4ZwIkB+2v1LGNd8ce4E1YdKy0=,44PCxf706Feyqta+Xg0veIC9A2E=
-10,27,jM4ZwIkB+2v1LGNd8ce4E1YdKy0=,lve06lKR96eqb/8oqTQwfVW3abU=
-3,23,4Le5698kvmbZvRcgURHLeNzIMzU=,44PCxf706Feyqta+Xg0veIC9A2E=
-11,27,4Le5698kvmbZvRcgURHLeNzIMzU=,lve06lKR96eqb/8oqTQwfVW3abU=
-12,27,4Le5698kvmbZvRcgURHLeNzIMzU=,lve06lKR96eqb/8oqTQwfVW3abU=
-4,23,4Le5698kvmbZvRcgURHLeNzIMzU=,44PCxf706Feyqta+Xg0veIC9A2E=
-10,26,4Le5698kvmbZvRcgURHLeNzIMzU=,lve06lKR96eqb/8oqTQwfVW3abU=
-11,26,4Le5698kvmbZvRcgURHLeNzIMzU=,lve06lKR96eqb/8oqTQwfVW3abU=
-1,21,4Le5698kvmbZvRcgURHLeNzIMzU=,44PCxf706Feyqta+Xg0veIC9A2E=
-12,26,4Le5698kvmbZvRcgURHLeNzIMzU=,lve06lKR96eqb/8oqTQwfVW3abU=
-10,25,HGRHgI086Lv+VKDJBvhUtMOLqNc=,lve06lKR96eqb/8oqTQwfVW3abU=
-11,25,HGRHgI086Lv+VKDJBvhUtMOLqNc=,lve06lKR96eqb/8oqTQwfVW3abU=
-2,21,HGRHgI086Lv+VKDJBvhUtMOLqNc=,44PCxf706Feyqta+Xg0veIC9A2E=
-1,24,6ImhlzQx9wGjU5U1QfQzmmPzioU=,FE/W3vIa7EXuXawbdZRXwoMqseg=
-1,27,6ImhlzQx9wGjU5U1QfQzmmPzioU=,FE/W3vIa7EXuXawbdZRXwoMqseg=
-3,21,6ImhlzQx9wGjU5U1QfQzmmPzioU=,44PCxf706Feyqta+Xg0veIC9A2E=
-1,26,6ImhlzQx9wGjU5U1QfQzmmPzioU=,FE/W3vIa7EXuXawbdZRXwoMqseg=
-1,25,6ImhlzQx9wGjU5U1QfQzmmPzioU=,FE/W3vIa7EXuXawbdZRXwoMqseg=
-4,21,6ImhlzQx9wGjU5U1QfQzmmPzioU=,44PCxf706Feyqta+Xg0veIC9A2E=
-1,20,8qsI2HBb7B7Dql6/V/nyP7S+WJU=,44PCxf706Feyqta+Xg0veIC9A2E=
-2,24,8qsI2HBb7B7Dql6/V/nyP7S+WJU=,FE/W3vIa7EXuXawbdZRXwoMqseg=
-3,24,8qsI2HBb7B7Dql6/V/nyP7S+WJU=,FE/W3vIa7EXuXawbdZRXwoMqseg=
-2,20,8qsI2HBb7B7Dql6/V/nyP7S+WJU=,44PCxf706Feyqta+Xg0veIC9A2E=
-4,24,8qsI2HBb7B7Dql6/V/nyP7S+WJU=,FE/W3vIa7EXuXawbdZRXwoMqseg=
-3,20,8qsI2HBb7B7Dql6/V/nyP7S+WJU=,44PCxf706Feyqta+Xg0veIC9A2E=
-2,27,TZVEqtz2X4HPNEwQMoVBNqj0zb8=,FE/W3vIa7EXuXawbdZRXwoMqseg=
-4,20,TZVEqtz2X4HPNEwQMoVBNqj0zb8=,44PCxf706Feyqta+Xg0veIC9A2E=
-3,27,TZVEqtz2X4HPNEwQMoVBNqj0zb8=,FE/W3vIa7EXuXawbdZRXwoMqseg=
-4,27,TZVEqtz2X4HPNEwQMoVBNqj0zb8=,FE/W3vIa7EXuXawbdZRXwoMqseg=
-2,26,wO9kkFdrAeQZRT2YBzGWSXHmhkg=,FE/W3vIa7EXuXawbdZRXwoMqseg=
-4,22,wO9kkFdrAeQZRT2YBzGWSXHmhkg=,44PCxf706Feyqta+Xg0veIC9A2E=
-3,26,wO9kkFdrAeQZRT2YBzGWSXHmhkg=,FE/W3vIa7EXuXawbdZRXwoMqseg=
-1,22,wO9kkFdrAeQZRT2YBzGWSXHmhkg=,44PCxf706Feyqta+Xg0veIC9A2E=
-2,22,wO9kkFdrAeQZRT2YBzGWSXHmhkg=,44PCxf706Feyqta+Xg0veIC9A2E=
-4,26,LdwtgC3bX19Y5Mr1vvtJoe9PNCM=,FE/W3vIa7EXuXawbdZRXwoMqseg=
-3,22,LdwtgC3bX19Y5Mr1vvtJoe9PNCM=,44PCxf706Feyqta+Xg0veIC9A2E=
-3,25,LdwtgC3bX19Y5Mr1vvtJoe9PNCM=,FE/W3vIa7EXuXawbdZRXwoMqseg=
-4,25,LdwtgC3bX19Y5Mr1vvtJoe9PNCM=,FE/W3vIa7EXuXawbdZRXwoMqseg=
-2,25,LdwtgC3bX19Y5Mr1vvtJoe9PNCM=,FE/W3vIa7EXuXawbdZRXwoMqseg=
-7,17,ImD11WS2HOcuRNtDPl4omQYPWGI=,44PCxf706Feyqta+Xg0veIC9A2E=
-12,16,ImD11WS2HOcuRNtDPl4omQYPWGI=,l34VWDykUX/KaTCQj/kFliA5KXA=
-5,17,ImD11WS2HOcuRNtDPl4omQYPWGI=,44PCxf706Feyqta+Xg0veIC9A2E=
-11,16,ImD11WS2HOcuRNtDPl4omQYPWGI=,l34VWDykUX/KaTCQj/kFliA5KXA=
-6,17,ImD11WS2HOcuRNtDPl4omQYPWGI=,44PCxf706Feyqta+Xg0veIC9A2E=
-9,16,ImD11WS2HOcuRNtDPl4omQYPWGI=,l34VWDykUX/KaTCQj/kFliA5KXA=
-10,16,ImD11WS2HOcuRNtDPl4omQYPWGI=,l34VWDykUX/KaTCQj/kFliA5KXA=
-4,28,JYN8bucG1/yis9xmz20X5QjtjH4=,FE/W3vIa7EXuXawbdZRXwoMqseg=
-3,28,JYN8bucG1/yis9xmz20X5QjtjH4=,FE/W3vIa7EXuXawbdZRXwoMqseg=
-2,31,JYN8bucG1/yis9xmz20X5QjtjH4=,FE/W3vIa7EXuXawbdZRXwoMqseg=
-1,31,JYN8bucG1/yis9xmz20X5QjtjH4=,FE/W3vIa7EXuXawbdZRXwoMqseg=
-1,29,JYN8bucG1/yis9xmz20X5QjtjH4=,FE/W3vIa7EXuXawbdZRXwoMqseg=
-1,28,JYN8bucG1/yis9xmz20X5QjtjH4=,FE/W3vIa7EXuXawbdZRXwoMqseg=
-1,30,JYN8bucG1/yis9xmz20X5QjtjH4=,FE/W3vIa7EXuXawbdZRXwoMqseg=
-2,30,wyQ2STSvk3x2CS773LUICMZBf18=,FE/W3vIa7EXuXawbdZRXwoMqseg=
-3,31,wyQ2STSvk3x2CS773LUICMZBf18=,FE/W3vIa7EXuXawbdZRXwoMqseg=
-4,31,wyQ2STSvk3x2CS773LUICMZBf18=,FE/W3vIa7EXuXawbdZRXwoMqseg=
-2,29,wyQ2STSvk3x2CS773LUICMZBf18=,FE/W3vIa7EXuXawbdZRXwoMqseg=
-8,16,wyQ2STSvk3x2CS773LUICMZBf18=,44PCxf706Feyqta+Xg0veIC9A2E=
-5,16,QxwJbMN0ZDfd8Xt1KK4tVB8fYzU=,44PCxf706Feyqta+Xg0veIC9A2E=
-3,30,QxwJbMN0ZDfd8Xt1KK4tVB8fYzU=,FE/W3vIa7EXuXawbdZRXwoMqseg=
-4,29,QxwJbMN0ZDfd8Xt1KK4tVB8fYzU=,FE/W3vIa7EXuXawbdZRXwoMqseg=
-2,28,QxwJbMN0ZDfd8Xt1KK4tVB8fYzU=,FE/W3vIa7EXuXawbdZRXwoMqseg=
-4,30,QxwJbMN0ZDfd8Xt1KK4tVB8fYzU=,FE/W3vIa7EXuXawbdZRXwoMqseg=
-6,16,QxwJbMN0ZDfd8Xt1KK4tVB8fYzU=,44PCxf706Feyqta+Xg0veIC9A2E=
-7,16,QxwJbMN0ZDfd8Xt1KK4tVB8fYzU=,44PCxf706Feyqta+Xg0veIC9A2E=
-9,17,QxwJbMN0ZDfd8Xt1KK4tVB8fYzU=,l34VWDykUX/KaTCQj/kFliA5KXA=
-10,17,QxwJbMN0ZDfd8Xt1KK4tVB8fYzU=,l34VWDykUX/KaTCQj/kFliA5KXA=
-3,29,QxwJbMN0ZDfd8Xt1KK4tVB8fYzU=,FE/W3vIa7EXuXawbdZRXwoMqseg=
-11,17,QxwJbMN0ZDfd8Xt1KK4tVB8fYzU=,l34VWDykUX/KaTCQj/kFliA5KXA=
-10,18,QxwJbMN0ZDfd8Xt1KK4tVB8fYzU=,l34VWDykUX/KaTCQj/kFliA5KXA=
-12,18,QxwJbMN0ZDfd8Xt1KK4tVB8fYzU=,l34VWDykUX/KaTCQj/kFliA5KXA=
-9,18,QxwJbMN0ZDfd8Xt1KK4tVB8fYzU=,l34VWDykUX/KaTCQj/kFliA5KXA=
-12,17,QxwJbMN0ZDfd8Xt1KK4tVB8fYzU=,l34VWDykUX/KaTCQj/kFliA5KXA=
-8,18,QxwJbMN0ZDfd8Xt1KK4tVB8fYzU=,44PCxf706Feyqta+Xg0veIC9A2E=
-8,19,QxwJbMN0ZDfd8Xt1KK4tVB8fYzU=,44PCxf706Feyqta+Xg0veIC9A2E=
-8,17,QxwJbMN0ZDfd8Xt1KK4tVB8fYzU=,44PCxf706Feyqta+Xg0veIC9A2E=
-11,18,QxwJbMN0ZDfd8Xt1KK4tVB8fYzU=,l34VWDykUX/KaTCQj/kFliA5KXA=
-9,19,kCRkGXTCuCtc5mIeDhRNjEERkB8=,l34VWDykUX/KaTCQj/kFliA5KXA=
-10,19,kCRkGXTCuCtc5mIeDhRNjEERkB8=,l34VWDykUX/KaTCQj/kFliA5KXA=
-7,19,kCRkGXTCuCtc5mIeDhRNjEERkB8=,44PCxf706Feyqta+Xg0veIC9A2E=
-5,18,kCRkGXTCuCtc5mIeDhRNjEERkB8=,44PCxf706Feyqta+Xg0veIC9A2E=
-6,18,kCRkGXTCuCtc5mIeDhRNjEERkB8=,44PCxf706Feyqta+Xg0veIC9A2E=
-7,18,kCRkGXTCuCtc5mIeDhRNjEERkB8=,44PCxf706Feyqta+Xg0veIC9A2E=
-12,19,kCRkGXTCuCtc5mIeDhRNjEERkB8=,l34VWDykUX/KaTCQj/kFliA5KXA=
-11,19,kCRkGXTCuCtc5mIeDhRNjEERkB8=,l34VWDykUX/KaTCQj/kFliA5KXA=
-6,19,kCRkGXTCuCtc5mIeDhRNjEERkB8=,44PCxf706Feyqta+Xg0veIC9A2E=
-5,19,kCRkGXTCuCtc5mIeDhRNjEERkB8=,44PCxf706Feyqta+Xg0veIC9A2E=
-12,28,aQ/XwX7xAS2L/0lL0dv10Pn+P2A=,lve06lKR96eqb/8oqTQwfVW3abU=
-11,28,aQ/XwX7xAS2L/0lL0dv10Pn+P2A=,lve06lKR96eqb/8oqTQwfVW3abU=
-9,31,aQ/XwX7xAS2L/0lL0dv10Pn+P2A=,lve06lKR96eqb/8oqTQwfVW3abU=
-10,31,XXR1Rx6tAzI1feur96IcdMxTh68=,lve06lKR96eqb/8oqTQwfVW3abU=
-8,31,XXR1Rx6tAzI1feur96IcdMxTh68=,FE/W3vIa7EXuXawbdZRXwoMqseg=
-11,31,XXR1Rx6tAzI1feur96IcdMxTh68=,lve06lKR96eqb/8oqTQwfVW3abU=
-12,31,XXR1Rx6tAzI1feur96IcdMxTh68=,lve06lKR96eqb/8oqTQwfVW3abU=
-5,31,ld87IUGoYxnAmgTBZeD8DHUbVsc=,FE/W3vIa7EXuXawbdZRXwoMqseg=
-6,31,ld87IUGoYxnAmgTBZeD8DHUbVsc=,FE/W3vIa7EXuXawbdZRXwoMqseg=
-5,30,ld87IUGoYxnAmgTBZeD8DHUbVsc=,FE/W3vIa7EXuXawbdZRXwoMqseg=
-7,31,ld87IUGoYxnAmgTBZeD8DHUbVsc=,FE/W3vIa7EXuXawbdZRXwoMqseg=
-6,30,ZG/BJFaaDGsdxzpNLM2JoDXC+jU=,FE/W3vIa7EXuXawbdZRXwoMqseg=
-7,30,ZG/BJFaaDGsdxzpNLM2JoDXC+jU=,FE/W3vIa7EXuXawbdZRXwoMqseg=
-8,30,ZG/BJFaaDGsdxzpNLM2JoDXC+jU=,FE/W3vIa7EXuXawbdZRXwoMqseg=
-5,29,ZG/BJFaaDGsdxzpNLM2JoDXC+jU=,FE/W3vIa7EXuXawbdZRXwoMqseg=
-7,29,ZG/BJFaaDGsdxzpNLM2JoDXC+jU=,FE/W3vIa7EXuXawbdZRXwoMqseg=
-6,29,ZG/BJFaaDGsdxzpNLM2JoDXC+jU=,FE/W3vIa7EXuXawbdZRXwoMqseg=
-5,28,RxD50OvI7D+zwY2TaAyjsI2Y4T4=,FE/W3vIa7EXuXawbdZRXwoMqseg=
-6,28,RxD50OvI7D+zwY2TaAyjsI2Y4T4=,FE/W3vIa7EXuXawbdZRXwoMqseg=
-9,29,RxD50OvI7D+zwY2TaAyjsI2Y4T4=,lve06lKR96eqb/8oqTQwfVW3abU=
-9,30,RxD50OvI7D+zwY2TaAyjsI2Y4T4=,lve06lKR96eqb/8oqTQwfVW3abU=
-7,28,RxD50OvI7D+zwY2TaAyjsI2Y4T4=,FE/W3vIa7EXuXawbdZRXwoMqseg=
-8,28,2FWaU02jgQzXYT6dHrpXI4O+ucY=,FE/W3vIa7EXuXawbdZRXwoMqseg=
-9,28,2FWaU02jgQzXYT6dHrpXI4O+ucY=,lve06lKR96eqb/8oqTQwfVW3abU=
-10,30,2FWaU02jgQzXYT6dHrpXI4O+ucY=,lve06lKR96eqb/8oqTQwfVW3abU=
-12,30,2FWaU02jgQzXYT6dHrpXI4O+ucY=,lve06lKR96eqb/8oqTQwfVW3abU=
-11,29,2FWaU02jgQzXYT6dHrpXI4O+ucY=,lve06lKR96eqb/8oqTQwfVW3abU=
-10,29,2FWaU02jgQzXYT6dHrpXI4O+ucY=,lve06lKR96eqb/8oqTQwfVW3abU=
-12,29,7ZxwWgPWX1PExIihHA3ly2+wxPY=,lve06lKR96eqb/8oqTQwfVW3abU=
-10,28,7ZxwWgPWX1PExIihHA3ly2+wxPY=,lve06lKR96eqb/8oqTQwfVW3abU=
-8,29,7ZxwWgPWX1PExIihHA3ly2+wxPY=,FE/W3vIa7EXuXawbdZRXwoMqseg=
-11,30,7ZxwWgPWX1PExIihHA3ly2+wxPY=,lve06lKR96eqb/8oqTQwfVW3abU=
-16,16,3iye2yZ5mdX3agE9jnze7C3Ktxc=,l34VWDykUX/KaTCQj/kFliA5KXA=
-16,18,3iye2yZ5mdX3agE9jnze7C3Ktxc=,l34VWDykUX/KaTCQj/kFliA5KXA=
-16,23,3iye2yZ5mdX3agE9jnze7C3Ktxc=,l34VWDykUX/KaTCQj/kFliA5KXA=
-16,19,Rk4z9g9VpRAqplf+b64zU0q1C/E=,l34VWDykUX/KaTCQj/kFliA5KXA=
-16,21,Rk4z9g9VpRAqplf+b64zU0q1C/E=,l34VWDykUX/KaTCQj/kFliA5KXA=
-16,17,Rk4z9g9VpRAqplf+b64zU0q1C/E=,l34VWDykUX/KaTCQj/kFliA5KXA=
-15,16,Rk4z9g9VpRAqplf+b64zU0q1C/E=,l34VWDykUX/KaTCQj/kFliA5KXA=
-16,22,Rk4z9g9VpRAqplf+b64zU0q1C/E=,l34VWDykUX/KaTCQj/kFliA5KXA=
-13,16,Rk4z9g9VpRAqplf+b64zU0q1C/E=,l34VWDykUX/KaTCQj/kFliA5KXA=
-16,20,Rk4z9g9VpRAqplf+b64zU0q1C/E=,l34VWDykUX/KaTCQj/kFliA5KXA=
-14,16,Rk4z9g9VpRAqplf+b64zU0q1C/E=,l34VWDykUX/KaTCQj/kFliA5KXA=
-16,31,z9BHfsUHfH5oZIdStBi4g7dMWDY=,lve06lKR96eqb/8oqTQwfVW3abU=
-13,21,z9BHfsUHfH5oZIdStBi4g7dMWDY=,l34VWDykUX/KaTCQj/kFliA5KXA=
-15,23,z9BHfsUHfH5oZIdStBi4g7dMWDY=,l34VWDykUX/KaTCQj/kFliA5KXA=
-15,18,z9BHfsUHfH5oZIdStBi4g7dMWDY=,l34VWDykUX/KaTCQj/kFliA5KXA=
-13,19,z9BHfsUHfH5oZIdStBi4g7dMWDY=,l34VWDykUX/KaTCQj/kFliA5KXA=
-16,30,z9BHfsUHfH5oZIdStBi4g7dMWDY=,lve06lKR96eqb/8oqTQwfVW3abU=
-14,21,z9BHfsUHfH5oZIdStBi4g7dMWDY=,l34VWDykUX/KaTCQj/kFliA5KXA=
-15,20,z9BHfsUHfH5oZIdStBi4g7dMWDY=,l34VWDykUX/KaTCQj/kFliA5KXA=
-14,19,z9BHfsUHfH5oZIdStBi4g7dMWDY=,l34VWDykUX/KaTCQj/kFliA5KXA=
-16,29,z9BHfsUHfH5oZIdStBi4g7dMWDY=,lve06lKR96eqb/8oqTQwfVW3abU=
-15,19,apUPRIdfYt4GZoQHfpLdDTbYYD0=,l34VWDykUX/KaTCQj/kFliA5KXA=
-13,20,apUPRIdfYt4GZoQHfpLdDTbYYD0=,l34VWDykUX/KaTCQj/kFliA5KXA=
-15,22,apUPRIdfYt4GZoQHfpLdDTbYYD0=,l34VWDykUX/KaTCQj/kFliA5KXA=
-13,18,apUPRIdfYt4GZoQHfpLdDTbYYD0=,l34VWDykUX/KaTCQj/kFliA5KXA=
-15,21,apUPRIdfYt4GZoQHfpLdDTbYYD0=,l34VWDykUX/KaTCQj/kFliA5KXA=
-14,18,apUPRIdfYt4GZoQHfpLdDTbYYD0=,l34VWDykUX/KaTCQj/kFliA5KXA=
-13,17,apUPRIdfYt4GZoQHfpLdDTbYYD0=,l34VWDykUX/KaTCQj/kFliA5KXA=
-13,23,apUPRIdfYt4GZoQHfpLdDTbYYD0=,l34VWDykUX/KaTCQj/kFliA5KXA=
-14,17,apUPRIdfYt4GZoQHfpLdDTbYYD0=,l34VWDykUX/KaTCQj/kFliA5KXA=
-14,23,apUPRIdfYt4GZoQHfpLdDTbYYD0=,l34VWDykUX/KaTCQj/kFliA5KXA=
-15,17,WyxzibY9PVLBEWDNsLFMAlukhDQ=,l34VWDykUX/KaTCQj/kFliA5KXA=
-16,28,WyxzibY9PVLBEWDNsLFMAlukhDQ=,lve06lKR96eqb/8oqTQwfVW3abU=
-13,22,WyxzibY9PVLBEWDNsLFMAlukhDQ=,l34VWDykUX/KaTCQj/kFliA5KXA=
-16,24,WyxzibY9PVLBEWDNsLFMAlukhDQ=,lve06lKR96eqb/8oqTQwfVW3abU=
-14,20,WyxzibY9PVLBEWDNsLFMAlukhDQ=,l34VWDykUX/KaTCQj/kFliA5KXA=
-16,26,WyxzibY9PVLBEWDNsLFMAlukhDQ=,lve06lKR96eqb/8oqTQwfVW3abU=
-16,27,WyxzibY9PVLBEWDNsLFMAlukhDQ=,lve06lKR96eqb/8oqTQwfVW3abU=
-16,25,WyxzibY9PVLBEWDNsLFMAlukhDQ=,lve06lKR96eqb/8oqTQwfVW3abU=
-13,31,WyxzibY9PVLBEWDNsLFMAlukhDQ=,lve06lKR96eqb/8oqTQwfVW3abU=
-14,31,gbJwFIei8yKdPD1XUX7FBJssrIE=,lve06lKR96eqb/8oqTQwfVW3abU=
-15,31,gbJwFIei8yKdPD1XUX7FBJssrIE=,lve06lKR96eqb/8oqTQwfVW3abU=
-13,24,gbJwFIei8yKdPD1XUX7FBJssrIE=,lve06lKR96eqb/8oqTQwfVW3abU=
-15,24,gbJwFIei8yKdPD1XUX7FBJssrIE=,lve06lKR96eqb/8oqTQwfVW3abU=
-13,30,gbJwFIei8yKdPD1XUX7FBJssrIE=,lve06lKR96eqb/8oqTQwfVW3abU=
-14,24,gbJwFIei8yKdPD1XUX7FBJssrIE=,lve06lKR96eqb/8oqTQwfVW3abU=
-14,30,go4r7fVs0nW6TE8U7/6FloMRlUY=,lve06lKR96eqb/8oqTQwfVW3abU=
-15,30,go4r7fVs0nW6TE8U7/6FloMRlUY=,lve06lKR96eqb/8oqTQwfVW3abU=
-14,29,go4r7fVs0nW6TE8U7/6FloMRlUY=,lve06lKR96eqb/8oqTQwfVW3abU=
-13,29,go4r7fVs0nW6TE8U7/6FloMRlUY=,lve06lKR96eqb/8oqTQwfVW3abU=
-15,29,go4r7fVs0nW6TE8U7/6FloMRlUY=,lve06lKR96eqb/8oqTQwfVW3abU=
-13,28,go4r7fVs0nW6TE8U7/6FloMRlUY=,lve06lKR96eqb/8oqTQwfVW3abU=
-14,28,go4r7fVs0nW6TE8U7/6FloMRlUY=,lve06lKR96eqb/8oqTQwfVW3abU=
-13,27,go4r7fVs0nW6TE8U7/6FloMRlUY=,lve06lKR96eqb/8oqTQwfVW3abU=
-15,28,go4r7fVs0nW6TE8U7/6FloMRlUY=,lve06lKR96eqb/8oqTQwfVW3abU=
-14,27,go4r7fVs0nW6TE8U7/6FloMRlUY=,lve06lKR96eqb/8oqTQwfVW3abU=
-15,27,/b+zeDZUWwg/3ySakvCTpJ/0Z8o=,lve06lKR96eqb/8oqTQwfVW3abU=
-15,26,/b+zeDZUWwg/3ySakvCTpJ/0Z8o=,lve06lKR96eqb/8oqTQwfVW3abU=
-14,26,/b+zeDZUWwg/3ySakvCTpJ/0Z8o=,lve06lKR96eqb/8oqTQwfVW3abU=
-15,25,/b+zeDZUWwg/3ySakvCTpJ/0Z8o=,lve06lKR96eqb/8oqTQwfVW3abU=
-14,22,/b+zeDZUWwg/3ySakvCTpJ/0Z8o=,l34VWDykUX/KaTCQj/kFliA5KXA=
-13,26,blGJKykD75NXHnrZNjunE3Kms9c=,lve06lKR96eqb/8oqTQwfVW3abU=
-14,25,blGJKykD75NXHnrZNjunE3Kms9c=,lve06lKR96eqb/8oqTQwfVW3abU=
-13,25,blGJKykD75NXHnrZNjunE3Kms9c=,lve06lKR96eqb/8oqTQwfVW3abU=
-1,16,blGJKykD75NXHnrZNjunE3Kms9c=,44PCxf706Feyqta+Xg0veIC9A2E=
-2,16,blGJKykD75NXHnrZNjunE3Kms9c=,44PCxf706Feyqta+Xg0veIC9A2E=
-4,17,blGJKykD75NXHnrZNjunE3Kms9c=,44PCxf706Feyqta+Xg0veIC9A2E=
-3,16,blGJKykD75NXHnrZNjunE3Kms9c=,44PCxf706Feyqta+Xg0veIC9A2E=
-3,17,blGJKykD75NXHnrZNjunE3Kms9c=,44PCxf706Feyqta+Xg0veIC9A2E=
-4,16,blGJKykD75NXHnrZNjunE3Kms9c=,44PCxf706Feyqta+Xg0veIC9A2E=
-2,17,blGJKykD75NXHnrZNjunE3Kms9c=,44PCxf706Feyqta+Xg0veIC9A2E=
-1,19,blGJKykD75NXHnrZNjunE3Kms9c=,44PCxf706Feyqta+Xg0veIC9A2E=
-1,17,blGJKykD75NXHnrZNjunE3Kms9c=,44PCxf706Feyqta+Xg0veIC9A2E=
-2,19,blGJKykD75NXHnrZNjunE3Kms9c=,44PCxf706Feyqta+Xg0veIC9A2E=
-4,18,ZWi4zd6u7tCYrJ38poqSfb7zkv4=,44PCxf706Feyqta+Xg0veIC9A2E=
-3,19,ZWi4zd6u7tCYrJ38poqSfb7zkv4=,44PCxf706Feyqta+Xg0veIC9A2E=
-3,18,ZWi4zd6u7tCYrJ38poqSfb7zkv4=,44PCxf706Feyqta+Xg0veIC9A2E=
-4,19,ZWi4zd6u7tCYrJ38poqSfb7zkv4=,44PCxf706Feyqta+Xg0veIC9A2E=
-2,18,ZWi4zd6u7tCYrJ38poqSfb7zkv4=,44PCxf706Feyqta+Xg0veIC9A2E=
-1,18,ZWi4zd6u7tCYrJ38poqSfb7zkv4=,44PCxf706Feyqta+Xg0veIC9A2E=
-10,7,wryZzEfTI51Hvp5LZ3AksGwqCK4=,6j96A/2mpkLJ1UvgjyF1cUauTPE=
-9,7,wryZzEfTI51Hvp5LZ3AksGwqCK4=,6j96A/2mpkLJ1UvgjyF1cUauTPE=
-8,7,wryZzEfTI51Hvp5LZ3AksGwqCK4=,4CuykinHGTfqfqpLyc9z5stQkyM=
-5,7,wryZzEfTI51Hvp5LZ3AksGwqCK4=,4CuykinHGTfqfqpLyc9z5stQkyM=
-6,7,wryZzEfTI51Hvp5LZ3AksGwqCK4=,4CuykinHGTfqfqpLyc9z5stQkyM=
-11,6,wryZzEfTI51Hvp5LZ3AksGwqCK4=,6j96A/2mpkLJ1UvgjyF1cUauTPE=
-11,5,wryZzEfTI51Hvp5LZ3AksGwqCK4=,6j96A/2mpkLJ1UvgjyF1cUauTPE=
-7,7,wryZzEfTI51Hvp5LZ3AksGwqCK4=,4CuykinHGTfqfqpLyc9z5stQkyM=
-12,6,wryZzEfTI51Hvp5LZ3AksGwqCK4=,6j96A/2mpkLJ1UvgjyF1cUauTPE=
-8,6,FLGnj4Fe6OUiXV4dRhF/aausW4k=,4CuykinHGTfqfqpLyc9z5stQkyM=
-12,5,FLGnj4Fe6OUiXV4dRhF/aausW4k=,6j96A/2mpkLJ1UvgjyF1cUauTPE=
-9,5,FLGnj4Fe6OUiXV4dRhF/aausW4k=,6j96A/2mpkLJ1UvgjyF1cUauTPE=
-10,5,FLGnj4Fe6OUiXV4dRhF/aausW4k=,6j96A/2mpkLJ1UvgjyF1cUauTPE=
-8,5,FLGnj4Fe6OUiXV4dRhF/aausW4k=,4CuykinHGTfqfqpLyc9z5stQkyM=
-8,4,FLGnj4Fe6OUiXV4dRhF/aausW4k=,4CuykinHGTfqfqpLyc9z5stQkyM=
-9,4,FLGnj4Fe6OUiXV4dRhF/aausW4k=,6j96A/2mpkLJ1UvgjyF1cUauTPE=
-10,4,FLGnj4Fe6OUiXV4dRhF/aausW4k=,6j96A/2mpkLJ1UvgjyF1cUauTPE=
-9,6,ybHNwp9es5tNqgMyuZZLAGn2388=,6j96A/2mpkLJ1UvgjyF1cUauTPE=
-11,4,ybHNwp9es5tNqgMyuZZLAGn2388=,6j96A/2mpkLJ1UvgjyF1cUauTPE=
-10,6,ybHNwp9es5tNqgMyuZZLAGn2388=,6j96A/2mpkLJ1UvgjyF1cUauTPE=
-12,4,ybHNwp9es5tNqgMyuZZLAGn2388=,6j96A/2mpkLJ1UvgjyF1cUauTPE=
-5,6,ybHNwp9es5tNqgMyuZZLAGn2388=,4CuykinHGTfqfqpLyc9z5stQkyM=
-6,6,ybHNwp9es5tNqgMyuZZLAGn2388=,4CuykinHGTfqfqpLyc9z5stQkyM=
-7,6,ybHNwp9es5tNqgMyuZZLAGn2388=,4CuykinHGTfqfqpLyc9z5stQkyM=
-6,5,ybHNwp9es5tNqgMyuZZLAGn2388=,4CuykinHGTfqfqpLyc9z5stQkyM=
-7,5,ybHNwp9es5tNqgMyuZZLAGn2388=,4CuykinHGTfqfqpLyc9z5stQkyM=
-5,4,ybHNwp9es5tNqgMyuZZLAGn2388=,4CuykinHGTfqfqpLyc9z5stQkyM=
-6,4,ybHNwp9es5tNqgMyuZZLAGn2388=,4CuykinHGTfqfqpLyc9z5stQkyM=
-7,4,PfKg6RpSfguJvZv63CZprjJA4Xc=,4CuykinHGTfqfqpLyc9z5stQkyM=
-8,9,PfKg6RpSfguJvZv63CZprjJA4Xc=,jaxUN+a4qLrj+jwWqbWd4UblWJ0=
-10,8,PfKg6RpSfguJvZv63CZprjJA4Xc=,zXf5LmAjgAHTxP1umQ4pRmgEZBI=
-8,8,PfKg6RpSfguJvZv63CZprjJA4Xc=,jaxUN+a4qLrj+jwWqbWd4UblWJ0=
-9,8,PfKg6RpSfguJvZv63CZprjJA4Xc=,zXf5LmAjgAHTxP1umQ4pRmgEZBI=
-12,7,PfKg6RpSfguJvZv63CZprjJA4Xc=,6j96A/2mpkLJ1UvgjyF1cUauTPE=
-11,7,PfKg6RpSfguJvZv63CZprjJA4Xc=,6j96A/2mpkLJ1UvgjyF1cUauTPE=
-5,5,PfKg6RpSfguJvZv63CZprjJA4Xc=,4CuykinHGTfqfqpLyc9z5stQkyM=
-9,11,PfKg6RpSfguJvZv63CZprjJA4Xc=,zXf5LmAjgAHTxP1umQ4pRmgEZBI=
-10,11,1kINELL/M91DsJCgmCXO4xPVYdw=,zXf5LmAjgAHTxP1umQ4pRmgEZBI=
-7,10,1kINELL/M91DsJCgmCXO4xPVYdw=,jaxUN+a4qLrj+jwWqbWd4UblWJ0=
-6,10,1kINELL/M91DsJCgmCXO4xPVYdw=,jaxUN+a4qLrj+jwWqbWd4UblWJ0=
-11,11,1kINELL/M91DsJCgmCXO4xPVYdw=,zXf5LmAjgAHTxP1umQ4pRmgEZBI=
-12,11,1kINELL/M91DsJCgmCXO4xPVYdw=,zXf5LmAjgAHTxP1umQ4pRmgEZBI=
-9,10,5T35f7irGzpVIzV4iKWOeVSEjhQ=,zXf5LmAjgAHTxP1umQ4pRmgEZBI=
-11,10,5T35f7irGzpVIzV4iKWOeVSEjhQ=,zXf5LmAjgAHTxP1umQ4pRmgEZBI=
-12,10,5T35f7irGzpVIzV4iKWOeVSEjhQ=,zXf5LmAjgAHTxP1umQ4pRmgEZBI=
-10,10,5T35f7irGzpVIzV4iKWOeVSEjhQ=,zXf5LmAjgAHTxP1umQ4pRmgEZBI=
-8,11,5T35f7irGzpVIzV4iKWOeVSEjhQ=,jaxUN+a4qLrj+jwWqbWd4UblWJ0=
-11,8,uignWBmKmLU5n3v+ImVVUb+Nx28=,zXf5LmAjgAHTxP1umQ4pRmgEZBI=
-12,8,uignWBmKmLU5n3v+ImVVUb+Nx28=,zXf5LmAjgAHTxP1umQ4pRmgEZBI=
-9,9,uignWBmKmLU5n3v+ImVVUb+Nx28=,zXf5LmAjgAHTxP1umQ4pRmgEZBI=
-10,9,uignWBmKmLU5n3v+ImVVUb+Nx28=,zXf5LmAjgAHTxP1umQ4pRmgEZBI=
-11,9,uignWBmKmLU5n3v+ImVVUb+Nx28=,zXf5LmAjgAHTxP1umQ4pRmgEZBI=
-12,9,uignWBmKmLU5n3v+ImVVUb+Nx28=,zXf5LmAjgAHTxP1umQ4pRmgEZBI=
-8,10,uignWBmKmLU5n3v+ImVVUb+Nx28=,jaxUN+a4qLrj+jwWqbWd4UblWJ0=
-6,9,uignWBmKmLU5n3v+ImVVUb+Nx28=,jaxUN+a4qLrj+jwWqbWd4UblWJ0=
-5,9,XHwGNnwx3h9mPQE3J6smcZvwv98=,jaxUN+a4qLrj+jwWqbWd4UblWJ0=
-5,8,XHwGNnwx3h9mPQE3J6smcZvwv98=,jaxUN+a4qLrj+jwWqbWd4UblWJ0=
-7,9,XHwGNnwx3h9mPQE3J6smcZvwv98=,jaxUN+a4qLrj+jwWqbWd4UblWJ0=
-6,8,XHwGNnwx3h9mPQE3J6smcZvwv98=,jaxUN+a4qLrj+jwWqbWd4UblWJ0=
-5,11,XHwGNnwx3h9mPQE3J6smcZvwv98=,jaxUN+a4qLrj+jwWqbWd4UblWJ0=
-7,11,XHwGNnwx3h9mPQE3J6smcZvwv98=,jaxUN+a4qLrj+jwWqbWd4UblWJ0=
-6,11,XHwGNnwx3h9mPQE3J6smcZvwv98=,jaxUN+a4qLrj+jwWqbWd4UblWJ0=
-7,8,XHwGNnwx3h9mPQE3J6smcZvwv98=,jaxUN+a4qLrj+jwWqbWd4UblWJ0=
-5,10,XHwGNnwx3h9mPQE3J6smcZvwv98=,jaxUN+a4qLrj+jwWqbWd4UblWJ0=
-1,7,OCs4meoY5kECPpTNZUyn+mvFIxE=,4CuykinHGTfqfqpLyc9z5stQkyM=
-2,7,OCs4meoY5kECPpTNZUyn+mvFIxE=,4CuykinHGTfqfqpLyc9z5stQkyM=
-3,7,OCs4meoY5kECPpTNZUyn+mvFIxE=,4CuykinHGTfqfqpLyc9z5stQkyM=
-4,7,OCs4meoY5kECPpTNZUyn+mvFIxE=,4CuykinHGTfqfqpLyc9z5stQkyM=
-1,5,YIPGmqn6q62zdfSCnDtBuUasTkc=,4CuykinHGTfqfqpLyc9z5stQkyM=
-2,5,YIPGmqn6q62zdfSCnDtBuUasTkc=,4CuykinHGTfqfqpLyc9z5stQkyM=
-3,5,YIPGmqn6q62zdfSCnDtBuUasTkc=,4CuykinHGTfqfqpLyc9z5stQkyM=
-4,5,YIPGmqn6q62zdfSCnDtBuUasTkc=,4CuykinHGTfqfqpLyc9z5stQkyM=
-1,4,YIPGmqn6q62zdfSCnDtBuUasTkc=,4CuykinHGTfqfqpLyc9z5stQkyM=
-2,4,YIPGmqn6q62zdfSCnDtBuUasTkc=,4CuykinHGTfqfqpLyc9z5stQkyM=
-3,4,YIPGmqn6q62zdfSCnDtBuUasTkc=,4CuykinHGTfqfqpLyc9z5stQkyM=
-4,4,YIPGmqn6q62zdfSCnDtBuUasTkc=,4CuykinHGTfqfqpLyc9z5stQkyM=
-1,6,1T+iNCYZMGgz33S8bzk6cBV0c8Y=,4CuykinHGTfqfqpLyc9z5stQkyM=
-3,6,1T+iNCYZMGgz33S8bzk6cBV0c8Y=,4CuykinHGTfqfqpLyc9z5stQkyM=
-2,6,1T+iNCYZMGgz33S8bzk6cBV0c8Y=,4CuykinHGTfqfqpLyc9z5stQkyM=
-4,6,1T+iNCYZMGgz33S8bzk6cBV0c8Y=,4CuykinHGTfqfqpLyc9z5stQkyM=
-1,8,1T+iNCYZMGgz33S8bzk6cBV0c8Y=,jaxUN+a4qLrj+jwWqbWd4UblWJ0=
-1,11,1T+iNCYZMGgz33S8bzk6cBV0c8Y=,jaxUN+a4qLrj+jwWqbWd4UblWJ0=
-1,10,1T+iNCYZMGgz33S8bzk6cBV0c8Y=,jaxUN+a4qLrj+jwWqbWd4UblWJ0=
-1,9,bHpNK1fxdjy689GMLtUs8PmL++g=,jaxUN+a4qLrj+jwWqbWd4UblWJ0=
-3,9,bHpNK1fxdjy689GMLtUs8PmL++g=,jaxUN+a4qLrj+jwWqbWd4UblWJ0=
-4,9,bHpNK1fxdjy689GMLtUs8PmL++g=,jaxUN+a4qLrj+jwWqbWd4UblWJ0=
-2,8,bHpNK1fxdjy689GMLtUs8PmL++g=,jaxUN+a4qLrj+jwWqbWd4UblWJ0=
-4,8,fm3IcVMOTjuECdVxORcU+yO9G8g=,jaxUN+a4qLrj+jwWqbWd4UblWJ0=
-3,8,fm3IcVMOTjuECdVxORcU+yO9G8g=,jaxUN+a4qLrj+jwWqbWd4UblWJ0=
-4,11,fm3IcVMOTjuECdVxORcU+yO9G8g=,jaxUN+a4qLrj+jwWqbWd4UblWJ0=
-3,11,fm3IcVMOTjuECdVxORcU+yO9G8g=,jaxUN+a4qLrj+jwWqbWd4UblWJ0=
-2,10,fm3IcVMOTjuECdVxORcU+yO9G8g=,jaxUN+a4qLrj+jwWqbWd4UblWJ0=
-2,11,fm3IcVMOTjuECdVxORcU+yO9G8g=,jaxUN+a4qLrj+jwWqbWd4UblWJ0=
-4,10,bbAj7h3B9LZzxL8yQVTYsouWYvc=,jaxUN+a4qLrj+jwWqbWd4UblWJ0=
-2,9,bbAj7h3B9LZzxL8yQVTYsouWYvc=,jaxUN+a4qLrj+jwWqbWd4UblWJ0=
-3,10,bbAj7h3B9LZzxL8yQVTYsouWYvc=,jaxUN+a4qLrj+jwWqbWd4UblWJ0=
-16,7,NsuBlMBljsUfjqdrsni1lbx3fvw=,6j96A/2mpkLJ1UvgjyF1cUauTPE=
-16,11,t+LhZZbx31X77BteodVeleXGaCE=,zXf5LmAjgAHTxP1umQ4pRmgEZBI=
-15,9,t+LhZZbx31X77BteodVeleXGaCE=,zXf5LmAjgAHTxP1umQ4pRmgEZBI=
-13,7,t+LhZZbx31X77BteodVeleXGaCE=,6j96A/2mpkLJ1UvgjyF1cUauTPE=
-16,10,t+LhZZbx31X77BteodVeleXGaCE=,zXf5LmAjgAHTxP1umQ4pRmgEZBI=
-15,7,t+LhZZbx31X77BteodVeleXGaCE=,6j96A/2mpkLJ1UvgjyF1cUauTPE=
-14,7,t+LhZZbx31X77BteodVeleXGaCE=,6j96A/2mpkLJ1UvgjyF1cUauTPE=
-16,6,t+LhZZbx31X77BteodVeleXGaCE=,6j96A/2mpkLJ1UvgjyF1cUauTPE=
-16,8,iQuxEtfDmdsD1BapAn7PGBbKyME=,zXf5LmAjgAHTxP1umQ4pRmgEZBI=
-16,4,iQuxEtfDmdsD1BapAn7PGBbKyME=,6j96A/2mpkLJ1UvgjyF1cUauTPE=
-16,5,iQuxEtfDmdsD1BapAn7PGBbKyME=,6j96A/2mpkLJ1UvgjyF1cUauTPE=
-13,6,iQuxEtfDmdsD1BapAn7PGBbKyME=,6j96A/2mpkLJ1UvgjyF1cUauTPE=
-16,9,iQuxEtfDmdsD1BapAn7PGBbKyME=,zXf5LmAjgAHTxP1umQ4pRmgEZBI=
-14,6,iQuxEtfDmdsD1BapAn7PGBbKyME=,6j96A/2mpkLJ1UvgjyF1cUauTPE=
-13,11,iQuxEtfDmdsD1BapAn7PGBbKyME=,zXf5LmAjgAHTxP1umQ4pRmgEZBI=
-14,4,iQuxEtfDmdsD1BapAn7PGBbKyME=,6j96A/2mpkLJ1UvgjyF1cUauTPE=
-14,11,iQuxEtfDmdsD1BapAn7PGBbKyME=,zXf5LmAjgAHTxP1umQ4pRmgEZBI=
-13,5,JFHN/qTnrqgpNcKsObmFb8WYxiY=,6j96A/2mpkLJ1UvgjyF1cUauTPE=
-15,11,JFHN/qTnrqgpNcKsObmFb8WYxiY=,zXf5LmAjgAHTxP1umQ4pRmgEZBI=
-15,4,JFHN/qTnrqgpNcKsObmFb8WYxiY=,6j96A/2mpkLJ1UvgjyF1cUauTPE=
-13,10,JFHN/qTnrqgpNcKsObmFb8WYxiY=,zXf5LmAjgAHTxP1umQ4pRmgEZBI=
-14,5,JFHN/qTnrqgpNcKsObmFb8WYxiY=,6j96A/2mpkLJ1UvgjyF1cUauTPE=
-15,6,JFHN/qTnrqgpNcKsObmFb8WYxiY=,6j96A/2mpkLJ1UvgjyF1cUauTPE=
-13,4,JFHN/qTnrqgpNcKsObmFb8WYxiY=,6j96A/2mpkLJ1UvgjyF1cUauTPE=
-14,10,JFHN/qTnrqgpNcKsObmFb8WYxiY=,zXf5LmAjgAHTxP1umQ4pRmgEZBI=
-15,5,JFHN/qTnrqgpNcKsObmFb8WYxiY=,6j96A/2mpkLJ1UvgjyF1cUauTPE=
-15,10,JFHN/qTnrqgpNcKsObmFb8WYxiY=,zXf5LmAjgAHTxP1umQ4pRmgEZBI=
-13,8,0vHyMUvhy230DqZHYY3/WPYU/fU=,zXf5LmAjgAHTxP1umQ4pRmgEZBI=
-14,8,0vHyMUvhy230DqZHYY3/WPYU/fU=,zXf5LmAjgAHTxP1umQ4pRmgEZBI=
-10,15,0vHyMUvhy230DqZHYY3/WPYU/fU=,zXf5LmAjgAHTxP1umQ4pRmgEZBI=
-14,9,0vHyMUvhy230DqZHYY3/WPYU/fU=,zXf5LmAjgAHTxP1umQ4pRmgEZBI=
-15,8,0vHyMUvhy230DqZHYY3/WPYU/fU=,zXf5LmAjgAHTxP1umQ4pRmgEZBI=
-13,9,50fR7mAbneaJCpS0lX2HZoUmbhQ=,zXf5LmAjgAHTxP1umQ4pRmgEZBI=
-11,15,50fR7mAbneaJCpS0lX2HZoUmbhQ=,zXf5LmAjgAHTxP1umQ4pRmgEZBI=
-16,13,50fR7mAbneaJCpS0lX2HZoUmbhQ=,zXf5LmAjgAHTxP1umQ4pRmgEZBI=
-16,14,IW73Afb4TH+uAcdeC8cm4YPlvUE=,zXf5LmAjgAHTxP1umQ4pRmgEZBI=
-12,15,IW73Afb4TH+uAcdeC8cm4YPlvUE=,zXf5LmAjgAHTxP1umQ4pRmgEZBI=
-16,12,IW73Afb4TH+uAcdeC8cm4YPlvUE=,zXf5LmAjgAHTxP1umQ4pRmgEZBI=
-13,15,IW73Afb4TH+uAcdeC8cm4YPlvUE=,zXf5LmAjgAHTxP1umQ4pRmgEZBI=
-9,14,IW73Afb4TH+uAcdeC8cm4YPlvUE=,zXf5LmAjgAHTxP1umQ4pRmgEZBI=
-14,15,IW73Afb4TH+uAcdeC8cm4YPlvUE=,zXf5LmAjgAHTxP1umQ4pRmgEZBI=
-3,15,Fio4ZD8mq5bYpHOwmBMve0MjuaQ=,jaxUN+a4qLrj+jwWqbWd4UblWJ0=
-10,14,Fio4ZD8mq5bYpHOwmBMve0MjuaQ=,zXf5LmAjgAHTxP1umQ4pRmgEZBI=
-15,15,Fio4ZD8mq5bYpHOwmBMve0MjuaQ=,zXf5LmAjgAHTxP1umQ4pRmgEZBI=
-4,15,Fio4ZD8mq5bYpHOwmBMve0MjuaQ=,jaxUN+a4qLrj+jwWqbWd4UblWJ0=
-13,14,Fio4ZD8mq5bYpHOwmBMve0MjuaQ=,zXf5LmAjgAHTxP1umQ4pRmgEZBI=
-5,15,Fio4ZD8mq5bYpHOwmBMve0MjuaQ=,jaxUN+a4qLrj+jwWqbWd4UblWJ0=
-11,14,a63z+6WukT6hmhwKWq8FCbLoa3M=,zXf5LmAjgAHTxP1umQ4pRmgEZBI=
-14,14,a63z+6WukT6hmhwKWq8FCbLoa3M=,zXf5LmAjgAHTxP1umQ4pRmgEZBI=
-6,15,a63z+6WukT6hmhwKWq8FCbLoa3M=,jaxUN+a4qLrj+jwWqbWd4UblWJ0=
-12,14,a63z+6WukT6hmhwKWq8FCbLoa3M=,zXf5LmAjgAHTxP1umQ4pRmgEZBI=
-8,15,a63z+6WukT6hmhwKWq8FCbLoa3M=,jaxUN+a4qLrj+jwWqbWd4UblWJ0=
-1,14,MW+bOUT8Lfbmw4JOMjc+r79S2WM=,jaxUN+a4qLrj+jwWqbWd4UblWJ0=
-9,13,MW+bOUT8Lfbmw4JOMjc+r79S2WM=,zXf5LmAjgAHTxP1umQ4pRmgEZBI=
-1,13,MW+bOUT8Lfbmw4JOMjc+r79S2WM=,jaxUN+a4qLrj+jwWqbWd4UblWJ0=
-1,12,MW+bOUT8Lfbmw4JOMjc+r79S2WM=,jaxUN+a4qLrj+jwWqbWd4UblWJ0=
-10,13,MW+bOUT8Lfbmw4JOMjc+r79S2WM=,zXf5LmAjgAHTxP1umQ4pRmgEZBI=
-8,14,LtUW5fcRHc9RBEW9kmnJQLjJTWE=,jaxUN+a4qLrj+jwWqbWd4UblWJ0=
-11,13,LtUW5fcRHc9RBEW9kmnJQLjJTWE=,zXf5LmAjgAHTxP1umQ4pRmgEZBI=
-8,13,LtUW5fcRHc9RBEW9kmnJQLjJTWE=,jaxUN+a4qLrj+jwWqbWd4UblWJ0=
-8,12,LtUW5fcRHc9RBEW9kmnJQLjJTWE=,jaxUN+a4qLrj+jwWqbWd4UblWJ0=
-2,14,LtUW5fcRHc9RBEW9kmnJQLjJTWE=,jaxUN+a4qLrj+jwWqbWd4UblWJ0=
-3,14,Z+xRNXtOC4FlrXsot89YxEiq4mc=,jaxUN+a4qLrj+jwWqbWd4UblWJ0=
-4,14,Z+xRNXtOC4FlrXsot89YxEiq4mc=,jaxUN+a4qLrj+jwWqbWd4UblWJ0=
-5,14,Z+xRNXtOC4FlrXsot89YxEiq4mc=,jaxUN+a4qLrj+jwWqbWd4UblWJ0=
-12,13,Z+xRNXtOC4FlrXsot89YxEiq4mc=,zXf5LmAjgAHTxP1umQ4pRmgEZBI=
-6,14,Z+xRNXtOC4FlrXsot89YxEiq4mc=,jaxUN+a4qLrj+jwWqbWd4UblWJ0=
-7,14,Z+xRNXtOC4FlrXsot89YxEiq4mc=,jaxUN+a4qLrj+jwWqbWd4UblWJ0=
-2,13,Z+xRNXtOC4FlrXsot89YxEiq4mc=,jaxUN+a4qLrj+jwWqbWd4UblWJ0=
-4,13,Z+xRNXtOC4FlrXsot89YxEiq4mc=,jaxUN+a4qLrj+jwWqbWd4UblWJ0=
-3,13,Z+xRNXtOC4FlrXsot89YxEiq4mc=,jaxUN+a4qLrj+jwWqbWd4UblWJ0=
-9,12,sAZRi1rQQByU0+qROwO4PigBTx8=,zXf5LmAjgAHTxP1umQ4pRmgEZBI=
-5,13,sAZRi1rQQByU0+qROwO4PigBTx8=,jaxUN+a4qLrj+jwWqbWd4UblWJ0=
-6,13,sAZRi1rQQByU0+qROwO4PigBTx8=,jaxUN+a4qLrj+jwWqbWd4UblWJ0=
-7,13,sAZRi1rQQByU0+qROwO4PigBTx8=,jaxUN+a4qLrj+jwWqbWd4UblWJ0=
-3,12,sAZRi1rQQByU0+qROwO4PigBTx8=,jaxUN+a4qLrj+jwWqbWd4UblWJ0=
-10,12,sAZRi1rQQByU0+qROwO4PigBTx8=,zXf5LmAjgAHTxP1umQ4pRmgEZBI=
-5,12,dp4MsHg+7f24QPPj4o5piCp2Hrs=,jaxUN+a4qLrj+jwWqbWd4UblWJ0=
-11,12,dp4MsHg+7f24QPPj4o5piCp2Hrs=,zXf5LmAjgAHTxP1umQ4pRmgEZBI=
-6,12,dp4MsHg+7f24QPPj4o5piCp2Hrs=,jaxUN+a4qLrj+jwWqbWd4UblWJ0=
-12,12,dp4MsHg+7f24QPPj4o5piCp2Hrs=,zXf5LmAjgAHTxP1umQ4pRmgEZBI=
-7,12,dp4MsHg+7f24QPPj4o5piCp2Hrs=,jaxUN+a4qLrj+jwWqbWd4UblWJ0=
-7,15,dp4MsHg+7f24QPPj4o5piCp2Hrs=,jaxUN+a4qLrj+jwWqbWd4UblWJ0=
-15,14,dp4MsHg+7f24QPPj4o5piCp2Hrs=,zXf5LmAjgAHTxP1umQ4pRmgEZBI=
-13,13,dp4MsHg+7f24QPPj4o5piCp2Hrs=,zXf5LmAjgAHTxP1umQ4pRmgEZBI=
-14,13,dp4MsHg+7f24QPPj4o5piCp2Hrs=,zXf5LmAjgAHTxP1umQ4pRmgEZBI=
-15,13,dp4MsHg+7f24QPPj4o5piCp2Hrs=,zXf5LmAjgAHTxP1umQ4pRmgEZBI=
-9,15,wRmuR+MepY62fj0Nlw0VUBCBIdA=,zXf5LmAjgAHTxP1umQ4pRmgEZBI=
-14,12,wRmuR+MepY62fj0Nlw0VUBCBIdA=,zXf5LmAjgAHTxP1umQ4pRmgEZBI=
-13,12,wRmuR+MepY62fj0Nlw0VUBCBIdA=,zXf5LmAjgAHTxP1umQ4pRmgEZBI=
-4,12,wRmuR+MepY62fj0Nlw0VUBCBIdA=,jaxUN+a4qLrj+jwWqbWd4UblWJ0=
-2,12,wRmuR+MepY62fj0Nlw0VUBCBIdA=,jaxUN+a4qLrj+jwWqbWd4UblWJ0=
-2,15,wRmuR+MepY62fj0Nlw0VUBCBIdA=,jaxUN+a4qLrj+jwWqbWd4UblWJ0=
-1,15,wRmuR+MepY62fj0Nlw0VUBCBIdA=,jaxUN+a4qLrj+jwWqbWd4UblWJ0=
-16,15,wRmuR+MepY62fj0Nlw0VUBCBIdA=,zXf5LmAjgAHTxP1umQ4pRmgEZBI=
-15,12,wRmuR+MepY62fj0Nlw0VUBCBIdA=,zXf5LmAjgAHTxP1umQ4pRmgEZBI=
-1,0,otX0L6TZ/aEfi+V5rpT2RHm2Mnw=,4CuykinHGTfqfqpLyc9z5stQkyM=
-4,1,otX0L6TZ/aEfi+V5rpT2RHm2Mnw=,4CuykinHGTfqfqpLyc9z5stQkyM=
-2,0,otX0L6TZ/aEfi+V5rpT2RHm2Mnw=,4CuykinHGTfqfqpLyc9z5stQkyM=
-3,1,otX0L6TZ/aEfi+V5rpT2RHm2Mnw=,4CuykinHGTfqfqpLyc9z5stQkyM=
-3,0,otX0L6TZ/aEfi+V5rpT2RHm2Mnw=,4CuykinHGTfqfqpLyc9z5stQkyM=
-4,0,otX0L6TZ/aEfi+V5rpT2RHm2Mnw=,4CuykinHGTfqfqpLyc9z5stQkyM=
-2,1,otX0L6TZ/aEfi+V5rpT2RHm2Mnw=,4CuykinHGTfqfqpLyc9z5stQkyM=
-1,1,otX0L6TZ/aEfi+V5rpT2RHm2Mnw=,4CuykinHGTfqfqpLyc9z5stQkyM=
-1,3,otX0L6TZ/aEfi+V5rpT2RHm2Mnw=,4CuykinHGTfqfqpLyc9z5stQkyM=
-4,2,CZv9RTlEOgasAhKKs7duHU6jq0M=,4CuykinHGTfqfqpLyc9z5stQkyM=
-2,3,CZv9RTlEOgasAhKKs7duHU6jq0M=,4CuykinHGTfqfqpLyc9z5stQkyM=
-3,3,CZv9RTlEOgasAhKKs7duHU6jq0M=,4CuykinHGTfqfqpLyc9z5stQkyM=
-4,3,CZv9RTlEOgasAhKKs7duHU6jq0M=,4CuykinHGTfqfqpLyc9z5stQkyM=
-1,2,CZv9RTlEOgasAhKKs7duHU6jq0M=,4CuykinHGTfqfqpLyc9z5stQkyM=
-2,2,CZv9RTlEOgasAhKKs7duHU6jq0M=,4CuykinHGTfqfqpLyc9z5stQkyM=
-3,2,CZv9RTlEOgasAhKKs7duHU6jq0M=,4CuykinHGTfqfqpLyc9z5stQkyM=
-7,1,OelLVKwjKEZAkxkRoDmFhmHbBqg=,4CuykinHGTfqfqpLyc9z5stQkyM=
-6,1,OelLVKwjKEZAkxkRoDmFhmHbBqg=,4CuykinHGTfqfqpLyc9z5stQkyM=
-5,1,OelLVKwjKEZAkxkRoDmFhmHbBqg=,4CuykinHGTfqfqpLyc9z5stQkyM=
-12,0,OelLVKwjKEZAkxkRoDmFhmHbBqg=,6j96A/2mpkLJ1UvgjyF1cUauTPE=
-13,0,OelLVKwjKEZAkxkRoDmFhmHbBqg=,6j96A/2mpkLJ1UvgjyF1cUauTPE=
-14,0,OelLVKwjKEZAkxkRoDmFhmHbBqg=,6j96A/2mpkLJ1UvgjyF1cUauTPE=
-11,0,OelLVKwjKEZAkxkRoDmFhmHbBqg=,6j96A/2mpkLJ1UvgjyF1cUauTPE=
-16,0,OelLVKwjKEZAkxkRoDmFhmHbBqg=,6j96A/2mpkLJ1UvgjyF1cUauTPE=
-15,0,OelLVKwjKEZAkxkRoDmFhmHbBqg=,6j96A/2mpkLJ1UvgjyF1cUauTPE=
-9,0,OelLVKwjKEZAkxkRoDmFhmHbBqg=,6j96A/2mpkLJ1UvgjyF1cUauTPE=
-10,0,OelLVKwjKEZAkxkRoDmFhmHbBqg=,6j96A/2mpkLJ1UvgjyF1cUauTPE=
-8,0,OelLVKwjKEZAkxkRoDmFhmHbBqg=,4CuykinHGTfqfqpLyc9z5stQkyM=
-16,3,OelLVKwjKEZAkxkRoDmFhmHbBqg=,6j96A/2mpkLJ1UvgjyF1cUauTPE=
-16,2,OelLVKwjKEZAkxkRoDmFhmHbBqg=,6j96A/2mpkLJ1UvgjyF1cUauTPE=
-5,0,OelLVKwjKEZAkxkRoDmFhmHbBqg=,4CuykinHGTfqfqpLyc9z5stQkyM=
-16,1,OelLVKwjKEZAkxkRoDmFhmHbBqg=,6j96A/2mpkLJ1UvgjyF1cUauTPE=
-6,0,OelLVKwjKEZAkxkRoDmFhmHbBqg=,4CuykinHGTfqfqpLyc9z5stQkyM=
-7,0,OelLVKwjKEZAkxkRoDmFhmHbBqg=,4CuykinHGTfqfqpLyc9z5stQkyM=
-15,3,OelLVKwjKEZAkxkRoDmFhmHbBqg=,6j96A/2mpkLJ1UvgjyF1cUauTPE=
-9,2,OelLVKwjKEZAkxkRoDmFhmHbBqg=,6j96A/2mpkLJ1UvgjyF1cUauTPE=
-9,1,OelLVKwjKEZAkxkRoDmFhmHbBqg=,6j96A/2mpkLJ1UvgjyF1cUauTPE=
-10,2,OelLVKwjKEZAkxkRoDmFhmHbBqg=,6j96A/2mpkLJ1UvgjyF1cUauTPE=
-10,1,OelLVKwjKEZAkxkRoDmFhmHbBqg=,6j96A/2mpkLJ1UvgjyF1cUauTPE=
-9,3,OelLVKwjKEZAkxkRoDmFhmHbBqg=,6j96A/2mpkLJ1UvgjyF1cUauTPE=
-8,3,OelLVKwjKEZAkxkRoDmFhmHbBqg=,4CuykinHGTfqfqpLyc9z5stQkyM=
-12,2,GaXp/pAbOySv5hCDzPtCv6t3D7A=,6j96A/2mpkLJ1UvgjyF1cUauTPE=
-11,3,GaXp/pAbOySv5hCDzPtCv6t3D7A=,6j96A/2mpkLJ1UvgjyF1cUauTPE=
-13,2,GaXp/pAbOySv5hCDzPtCv6t3D7A=,6j96A/2mpkLJ1UvgjyF1cUauTPE=
-12,3,GaXp/pAbOySv5hCDzPtCv6t3D7A=,6j96A/2mpkLJ1UvgjyF1cUauTPE=
-13,3,GaXp/pAbOySv5hCDzPtCv6t3D7A=,6j96A/2mpkLJ1UvgjyF1cUauTPE=
-14,3,GaXp/pAbOySv5hCDzPtCv6t3D7A=,6j96A/2mpkLJ1UvgjyF1cUauTPE=
-8,2,GaXp/pAbOySv5hCDzPtCv6t3D7A=,4CuykinHGTfqfqpLyc9z5stQkyM=
-11,1,GaXp/pAbOySv5hCDzPtCv6t3D7A=,6j96A/2mpkLJ1UvgjyF1cUauTPE=
-14,2,GaXp/pAbOySv5hCDzPtCv6t3D7A=,6j96A/2mpkLJ1UvgjyF1cUauTPE=
-15,2,GaXp/pAbOySv5hCDzPtCv6t3D7A=,6j96A/2mpkLJ1UvgjyF1cUauTPE=
-12,1,GaXp/pAbOySv5hCDzPtCv6t3D7A=,6j96A/2mpkLJ1UvgjyF1cUauTPE=
-13,1,GaXp/pAbOySv5hCDzPtCv6t3D7A=,6j96A/2mpkLJ1UvgjyF1cUauTPE=
-8,1,GaXp/pAbOySv5hCDzPtCv6t3D7A=,4CuykinHGTfqfqpLyc9z5stQkyM=
-14,1,GaXp/pAbOySv5hCDzPtCv6t3D7A=,6j96A/2mpkLJ1UvgjyF1cUauTPE=
-15,1,GaXp/pAbOySv5hCDzPtCv6t3D7A=,6j96A/2mpkLJ1UvgjyF1cUauTPE=
-5,3,GaXp/pAbOySv5hCDzPtCv6t3D7A=,4CuykinHGTfqfqpLyc9z5stQkyM=
-6,3,GaXp/pAbOySv5hCDzPtCv6t3D7A=,4CuykinHGTfqfqpLyc9z5stQkyM=
-7,3,GaXp/pAbOySv5hCDzPtCv6t3D7A=,4CuykinHGTfqfqpLyc9z5stQkyM=
-5,2,GaXp/pAbOySv5hCDzPtCv6t3D7A=,4CuykinHGTfqfqpLyc9z5stQkyM=
-10,3,GaXp/pAbOySv5hCDzPtCv6t3D7A=,6j96A/2mpkLJ1UvgjyF1cUauTPE=
-11,2,GaXp/pAbOySv5hCDzPtCv6t3D7A=,6j96A/2mpkLJ1UvgjyF1cUauTPE=
-6,2,GaXp/pAbOySv5hCDzPtCv6t3D7A=,4CuykinHGTfqfqpLyc9z5stQkyM=
-7,2,GaXp/pAbOySv5hCDzPtCv6t3D7A=,4CuykinHGTfqfqpLyc9z5stQkyM=
