-5,-7,CdQ63LyXa73zczyk9bTkJctpZs4=,A49/3+wEts2Zq9CuVODaB5AtH2A=
-4,-6,CdQ63LyXa73zczyk9bTkJctpZs4=,A49/3+wEts2Zq9CuVODaB5AtH2A=
-7,-5,CdQ63LyXa73zczyk9bTkJctpZs4=,A49/3+wEts2Zq9CuVODaB5AtH2A=
-3,-6,CdQ63LyXa73zczyk9bTkJctpZs4=,A49/3+wEts2Zq9CuVODaB5AtH2A=
-6,-7,CdQ63LyXa73zczyk9bTkJctpZs4=,A49/3+wEts2Zq9CuVODaB5AtH2A=
-2,-6,CdQ63LyXa73zczyk9bTkJctpZs4=,A49/3+wEts2Zq9CuVODaB5AtH2A=
-7,-7,CdQ63LyXa73zczyk9bTkJctpZs4=,A49/3+wEts2Zq9CuVODaB5AtH2A=
-4,-7,CdQ63LyXa73zczyk9bTkJctpZs4=,A49/3+wEts2Zq9CuVODaB5AtH2A=
-7,-4,CdQ63LyXa73zczyk9bTkJctpZs4=,A49/3+wEts2Zq9CuVODaB5AtH2A=
-12,-5,CdQ63LyXa73zczyk9bTkJctpZs4=,PPFJnFQxhF3eNcgfzq87E8I09rg=
-11,-5,CdQ63LyXa73zczyk9bTkJctpZs4=,PPFJnFQxhF3eNcgfzq87E8I09rg=
-4,-9,CdQ63LyXa73zczyk9bTkJctpZs4=,eR8w0w8WWUUdprFqRBaO8dvF/Y8=
-3,-9,CdQ63LyXa73zczyk9bTkJctpZs4=,eR8w0w8WWUUdprFqRBaO8dvF/Y8=
-2,-9,CdQ63LyXa73zczyk9bTkJctpZs4=,eR8w0w8WWUUdprFqRBaO8dvF/Y8=
-10,-5,CdQ63LyXa73zczyk9bTkJctpZs4=,PPFJnFQxhF3eNcgfzq87E8I09rg=
-4,-8,CdQ63LyXa73zczyk9bTkJctpZs4=,A49/3+wEts2Zq9CuVODaB5AtH2A=
-9,-5,CdQ63LyXa73zczyk9bTkJctpZs4=,PPFJnFQxhF3eNcgfzq87E8I09rg=
-15,-4,CdQ63LyXa73zczyk9bTkJctpZs4=,PPFJnFQxhF3eNcgfzq87E8I09rg=
-7,-15,CdQ63LyXa73zczyk9bTkJctpZs4=,eR8w0w8WWUUdprFqRBaO8dvF/Y8=
-12,-11,CdQ63LyXa73zczyk9bTkJctpZs4=,7bVKHTtq56f2cnY+d6P4RIMP4wc=
-11,-11,CdQ63LyXa73zczyk9bTkJctpZs4=,7bVKHTtq56f2cnY+d6P4RIMP4wc=
-14,-4,CdQ63LyXa73zczyk9bTkJctpZs4=,PPFJnFQxhF3eNcgfzq87E8I09rg=
-6,-15,CdQ63LyXa73zczyk9bTkJctpZs4=,eR8w0w8WWUUdprFqRBaO8dvF/Y8=
-5,-15,CdQ63LyXa73zczyk9bTkJctpZs4=,eR8w0w8WWUUdprFqRBaO8dvF/Y8=
-13,-4,CdQ63LyXa73zczyk9bTkJctpZs4=,PPFJnFQxhF3eNcgfzq87E8I09rg=
-10,-11,CdQ63LyXa73zczyk9bTkJctpZs4=,7bVKHTtq56f2cnY+d6P4RIMP4wc=
-12,-4,CdQ63LyXa73zczyk9bTkJctpZs4=,PPFJnFQxhF3eNcgfzq87E8I09rg=
-8,-15,CdQ63LyXa73zczyk9bTkJctpZs4=,eR8w0w8WWUUdprFqRBaO8dvF/Y8=
-4,-15,CdQ63LyXa73zczyk9bTkJctpZs4=,eR8w0w8WWUUdprFqRBaO8dvF/Y8=
-9,-11,CdQ63LyXa73zczyk9bTkJctpZs4=,7bVKHTtq56f2cnY+d6P4RIMP4wc=
-11,-4,CdQ63LyXa73zczyk9bTkJctpZs4=,PPFJnFQxhF3eNcgfzq87E8I09rg=
-3,-15,CdQ63LyXa73zczyk9bTkJctpZs4=,eR8w0w8WWUUdprFqRBaO8dvF/Y8=
-8,-14,CdQ63LyXa73zczyk9bTkJctpZs4=,eR8w0w8WWUUdprFqRBaO8dvF/Y8=
-2,-15,CdQ63LyXa73zczyk9bTkJctpZs4=,eR8w0w8WWUUdprFqRBaO8dvF/Y8=
-15,-15,CdQ63LyXa73zczyk9bTkJctpZs4=,7bVKHTtq56f2cnY+d6P4RIMP4wc=
-10,-4,CdQ63LyXa73zczyk9bTkJctpZs4=,PPFJnFQxhF3eNcgfzq87E8I09rg=
-9,-4,CdQ63LyXa73zczyk9bTkJctpZs4=,PPFJnFQxhF3eNcgfzq87E8I09rg=
-7,-14,CdQ63LyXa73zczyk9bTkJctpZs4=,eR8w0w8WWUUdprFqRBaO8dvF/Y8=
-14,-15,CdQ63LyXa73zczyk9bTkJctpZs4=,7bVKHTtq56f2cnY+d6P4RIMP4wc=
-15,-10,CdQ63LyXa73zczyk9bTkJctpZs4=,7bVKHTtq56f2cnY+d6P4RIMP4wc=
-6,-14,CdQ63LyXa73zczyk9bTkJctpZs4=,eR8w0w8WWUUdprFqRBaO8dvF/Y8=
-13,-15,CdQ63LyXa73zczyk9bTkJctpZs4=,7bVKHTtq56f2cnY+d6P4RIMP4wc=
-15,-3,CdQ63LyXa73zczyk9bTkJctpZs4=,PPFJnFQxhF3eNcgfzq87E8I09rg=
-3,-8,CdQ63LyXa73zczyk9bTkJctpZs4=,A49/3+wEts2Zq9CuVODaB5AtH2A=
-14,-3,CdQ63LyXa73zczyk9bTkJctpZs4=,PPFJnFQxhF3eNcgfzq87E8I09rg=
-13,-3,CdQ63LyXa73zczyk9bTkJctpZs4=,PPFJnFQxhF3eNcgfzq87E8I09rg=
-2,-8,CdQ63LyXa73zczyk9bTkJctpZs4=,A49/3+wEts2Zq9CuVODaB5AtH2A=
-12,-3,CdQ63LyXa73zczyk9bTkJctpZs4=,PPFJnFQxhF3eNcgfzq87E8I09rg=
-12,-15,CdQ63LyXa73zczyk9bTkJctpZs4=,7bVKHTtq56f2cnY+d6P4RIMP4wc=
-5,-14,CdQ63LyXa73zczyk9bTkJctpZs4=,eR8w0w8WWUUdprFqRBaO8dvF/Y8=
-11,-3,CdQ63LyXa73zczyk9bTkJctpZs4=,PPFJnFQxhF3eNcgfzq87E8I09rg=
-11,-15,CdQ63LyXa73zczyk9bTkJctpZs4=,7bVKHTtq56f2cnY+d6P4RIMP4wc=
-4,-14,CdQ63LyXa73zczyk9bTkJctpZs4=,eR8w0w8WWUUdprFqRBaO8dvF/Y8=
-14,-10,I59ASJbQk4pMq/xovDLbr3tCYsk=,7bVKHTtq56f2cnY+d6P4RIMP4wc=
-8,-3,I59ASJbQk4pMq/xovDLbr3tCYsk=,A49/3+wEts2Zq9CuVODaB5AtH2A=
-3,-14,I59ASJbQk4pMq/xovDLbr3tCYsk=,eR8w0w8WWUUdprFqRBaO8dvF/Y8=
-10,-3,I59ASJbQk4pMq/xovDLbr3tCYsk=,PPFJnFQxhF3eNcgfzq87E8I09rg=
-2,-14,I59ASJbQk4pMq/xovDLbr3tCYsk=,eR8w0w8WWUUdprFqRBaO8dvF/Y8=
-8,-6,I59ASJbQk4pMq/xovDLbr3tCYsk=,A49/3+wEts2Zq9CuVODaB5AtH2A=
-9,-3,I59ASJbQk4pMq/xovDLbr3tCYsk=,PPFJnFQxhF3eNcgfzq87E8I09rg=
-15,-2,I59ASJbQk4pMq/xovDLbr3tCYsk=,PPFJnFQxhF3eNcgfzq87E8I09rg=
-7,-13,I59ASJbQk4pMq/xovDLbr3tCYsk=,eR8w0w8WWUUdprFqRBaO8dvF/Y8=
-14,-2,I59ASJbQk4pMq/xovDLbr3tCYsk=,PPFJnFQxhF3eNcgfzq87E8I09rg=
-6,-13,I59ASJbQk4pMq/xovDLbr3tCYsk=,eR8w0w8WWUUdprFqRBaO8dvF/Y8=
-13,-2,I59ASJbQk4pMq/xovDLbr3tCYsk=,PPFJnFQxhF3eNcgfzq87E8I09rg=
-12,-2,I59ASJbQk4pMq/xovDLbr3tCYsk=,PPFJnFQxhF3eNcgfzq87E8I09rg=
-5,-13,I59ASJbQk4pMq/xovDLbr3tCYsk=,eR8w0w8WWUUdprFqRBaO8dvF/Y8=
-8,-7,I59ASJbQk4pMq/xovDLbr3tCYsk=,A49/3+wEts2Zq9CuVODaB5AtH2A=
-11,-2,I59ASJbQk4pMq/xovDLbr3tCYsk=,PPFJnFQxhF3eNcgfzq87E8I09rg=
-10,-2,I59ASJbQk4pMq/xovDLbr3tCYsk=,PPFJnFQxhF3eNcgfzq87E8I09rg=
-4,-13,I59ASJbQk4pMq/xovDLbr3tCYsk=,eR8w0w8WWUUdprFqRBaO8dvF/Y8=
-8,-2,I59ASJbQk4pMq/xovDLbr3tCYsk=,A49/3+wEts2Zq9CuVODaB5AtH2A=
-3,-13,I59ASJbQk4pMq/xovDLbr3tCYsk=,eR8w0w8WWUUdprFqRBaO8dvF/Y8=
-9,-2,I59ASJbQk4pMq/xovDLbr3tCYsk=,PPFJnFQxhF3eNcgfzq87E8I09rg=
-8,-4,I59ASJbQk4pMq/xovDLbr3tCYsk=,A49/3+wEts2Zq9CuVODaB5AtH2A=
-2,-13,I59ASJbQk4pMq/xovDLbr3tCYsk=,eR8w0w8WWUUdprFqRBaO8dvF/Y8=
-15,-7,I59ASJbQk4pMq/xovDLbr3tCYsk=,PPFJnFQxhF3eNcgfzq87E8I09rg=
-14,-7,I59ASJbQk4pMq/xovDLbr3tCYsk=,PPFJnFQxhF3eNcgfzq87E8I09rg=
-13,-7,I59ASJbQk4pMq/xovDLbr3tCYsk=,PPFJnFQxhF3eNcgfzq87E8I09rg=
-6,-8,I59ASJbQk4pMq/xovDLbr3tCYsk=,A49/3+wEts2Zq9CuVODaB5AtH2A=
-12,-7,I59ASJbQk4pMq/xovDLbr3tCYsk=,PPFJnFQxhF3eNcgfzq87E8I09rg=
-10,-15,I59ASJbQk4pMq/xovDLbr3tCYsk=,7bVKHTtq56f2cnY+d6P4RIMP4wc=
-8,-13,I59ASJbQk4pMq/xovDLbr3tCYsk=,eR8w0w8WWUUdprFqRBaO8dvF/Y8=
-7,-12,I59ASJbQk4pMq/xovDLbr3tCYsk=,eR8w0w8WWUUdprFqRBaO8dvF/Y8=
-9,-15,I59ASJbQk4pMq/xovDLbr3tCYsk=,7bVKHTtq56f2cnY+d6P4RIMP4wc=
-6,-12,I59ASJbQk4pMq/xovDLbr3tCYsk=,eR8w0w8WWUUdprFqRBaO8dvF/Y8=
-11,-7,I59ASJbQk4pMq/xovDLbr3tCYsk=,PPFJnFQxhF3eNcgfzq87E8I09rg=
-10,-7,I59ASJbQk4pMq/xovDLbr3tCYsk=,PPFJnFQxhF3eNcgfzq87E8I09rg=
-13,-10,I59ASJbQk4pMq/xovDLbr3tCYsk=,7bVKHTtq56f2cnY+d6P4RIMP4wc=
-9,-7,I59ASJbQk4pMq/xovDLbr3tCYsk=,PPFJnFQxhF3eNcgfzq87E8I09rg=
-5,-12,I59ASJbQk4pMq/xovDLbr3tCYsk=,eR8w0w8WWUUdprFqRBaO8dvF/Y8=
-12,-10,I59ASJbQk4pMq/xovDLbr3tCYsk=,7bVKHTtq56f2cnY+d6P4RIMP4wc=
-4,-12,I59ASJbQk4pMq/xovDLbr3tCYsk=,eR8w0w8WWUUdprFqRBaO8dvF/Y8=
-15,-14,I59ASJbQk4pMq/xovDLbr3tCYsk=,7bVKHTtq56f2cnY+d6P4RIMP4wc=
-15,-6,I59ASJbQk4pMq/xovDLbr3tCYsk=,PPFJnFQxhF3eNcgfzq87E8I09rg=
-14,-14,I59ASJbQk4pMq/xovDLbr3tCYsk=,7bVKHTtq56f2cnY+d6P4RIMP4wc=
-3,-12,I59ASJbQk4pMq/xovDLbr3tCYsk=,eR8w0w8WWUUdprFqRBaO8dvF/Y8=
-14,-6,I59ASJbQk4pMq/xovDLbr3tCYsk=,PPFJnFQxhF3eNcgfzq87E8I09rg=
-2,-12,I59ASJbQk4pMq/xovDLbr3tCYsk=,eR8w0w8WWUUdprFqRBaO8dvF/Y8=
-13,-6,I59ASJbQk4pMq/xovDLbr3tCYsk=,PPFJnFQxhF3eNcgfzq87E8I09rg=
-13,-14,I59ASJbQk4pMq/xovDLbr3tCYsk=,7bVKHTtq56f2cnY+d6P4RIMP4wc=
-12,-6,I59ASJbQk4pMq/xovDLbr3tCYsk=,PPFJnFQxhF3eNcgfzq87E8I09rg=
-7,-11,I59ASJbQk4pMq/xovDLbr3tCYsk=,eR8w0w8WWUUdprFqRBaO8dvF/Y8=
-12,-14,I59ASJbQk4pMq/xovDLbr3tCYsk=,7bVKHTtq56f2cnY+d6P4RIMP4wc=
-6,-11,I59ASJbQk4pMq/xovDLbr3tCYsk=,eR8w0w8WWUUdprFqRBaO8dvF/Y8=
-8,-12,I59ASJbQk4pMq/xovDLbr3tCYsk=,eR8w0w8WWUUdprFqRBaO8dvF/Y8=
-11,-6,I59ASJbQk4pMq/xovDLbr3tCYsk=,PPFJnFQxhF3eNcgfzq87E8I09rg=
-7,-8,I59ASJbQk4pMq/xovDLbr3tCYsk=,A49/3+wEts2Zq9CuVODaB5AtH2A=
-10,-6,I59ASJbQk4pMq/xovDLbr3tCYsk=,PPFJnFQxhF3eNcgfzq87E8I09rg=
-9,-6,I59ASJbQk4pMq/xovDLbr3tCYsk=,PPFJnFQxhF3eNcgfzq87E8I09rg=
-5,-11,I59ASJbQk4pMq/xovDLbr3tCYsk=,eR8w0w8WWUUdprFqRBaO8dvF/Y8=
-11,-14,I59ASJbQk4pMq/xovDLbr3tCYsk=,7bVKHTtq56f2cnY+d6P4RIMP4wc=
-10,-14,I59ASJbQk4pMq/xovDLbr3tCYsk=,7bVKHTtq56f2cnY+d6P4RIMP4wc=
-8,-5,I59ASJbQk4pMq/xovDLbr3tCYsk=,A49/3+wEts2Zq9CuVODaB5AtH2A=
-4,-11,I59ASJbQk4pMq/xovDLbr3tCYsk=,eR8w0w8WWUUdprFqRBaO8dvF/Y8=
-11,-10,I59ASJbQk4pMq/xovDLbr3tCYsk=,7bVKHTtq56f2cnY+d6P4RIMP4wc=
-3,-11,I59ASJbQk4pMq/xovDLbr3tCYsk=,eR8w0w8WWUUdprFqRBaO8dvF/Y8=
-15,-5,I59ASJbQk4pMq/xovDLbr3tCYsk=,PPFJnFQxhF3eNcgfzq87E8I09rg=
-10,-10,I59ASJbQk4pMq/xovDLbr3tCYsk=,7bVKHTtq56f2cnY+d6P4RIMP4wc=
-14,-5,I59ASJbQk4pMq/xovDLbr3tCYsk=,PPFJnFQxhF3eNcgfzq87E8I09rg=
-2,-11,I59ASJbQk4pMq/xovDLbr3tCYsk=,eR8w0w8WWUUdprFqRBaO8dvF/Y8=
-9,-10,I59ASJbQk4pMq/xovDLbr3tCYsk=,7bVKHTtq56f2cnY+d6P4RIMP4wc=
-7,-10,I59ASJbQk4pMq/xovDLbr3tCYsk=,eR8w0w8WWUUdprFqRBaO8dvF/Y8=
-8,-8,I59ASJbQk4pMq/xovDLbr3tCYsk=,A49/3+wEts2Zq9CuVODaB5AtH2A=
-13,-5,I59ASJbQk4pMq/xovDLbr3tCYsk=,PPFJnFQxhF3eNcgfzq87E8I09rg=
-15,-9,I59ASJbQk4pMq/xovDLbr3tCYsk=,7bVKHTtq56f2cnY+d6P4RIMP4wc=
-6,-10,I59ASJbQk4pMq/xovDLbr3tCYsk=,eR8w0w8WWUUdprFqRBaO8dvF/Y8=
-9,-14,I59ASJbQk4pMq/xovDLbr3tCYsk=,7bVKHTtq56f2cnY+d6P4RIMP4wc=
-8,-11,I59ASJbQk4pMq/xovDLbr3tCYsk=,eR8w0w8WWUUdprFqRBaO8dvF/Y8=
-5,-10,I59ASJbQk4pMq/xovDLbr3tCYsk=,eR8w0w8WWUUdprFqRBaO8dvF/Y8=
-15,-13,I59ASJbQk4pMq/xovDLbr3tCYsk=,7bVKHTtq56f2cnY+d6P4RIMP4wc=
-14,-9,I59ASJbQk4pMq/xovDLbr3tCYsk=,7bVKHTtq56f2cnY+d6P4RIMP4wc=
-4,-10,I59ASJbQk4pMq/xovDLbr3tCYsk=,eR8w0w8WWUUdprFqRBaO8dvF/Y8=
-14,-13,I59ASJbQk4pMq/xovDLbr3tCYsk=,7bVKHTtq56f2cnY+d6P4RIMP4wc=
-13,-9,I59ASJbQk4pMq/xovDLbr3tCYsk=,7bVKHTtq56f2cnY+d6P4RIMP4wc=
-3,-10,I59ASJbQk4pMq/xovDLbr3tCYsk=,eR8w0w8WWUUdprFqRBaO8dvF/Y8=
-13,-13,I59ASJbQk4pMq/xovDLbr3tCYsk=,7bVKHTtq56f2cnY+d6P4RIMP4wc=
-12,-9,I59ASJbQk4pMq/xovDLbr3tCYsk=,7bVKHTtq56f2cnY+d6P4RIMP4wc=
-2,-10,I59ASJbQk4pMq/xovDLbr3tCYsk=,eR8w0w8WWUUdprFqRBaO8dvF/Y8=
-11,-9,I59ASJbQk4pMq/xovDLbr3tCYsk=,7bVKHTtq56f2cnY+d6P4RIMP4wc=
-12,-13,I59ASJbQk4pMq/xovDLbr3tCYsk=,7bVKHTtq56f2cnY+d6P4RIMP4wc=
-5,-8,I59ASJbQk4pMq/xovDLbr3tCYsk=,A49/3+wEts2Zq9CuVODaB5AtH2A=
-10,-9,I59ASJbQk4pMq/xovDLbr3tCYsk=,7bVKHTtq56f2cnY+d6P4RIMP4wc=
-9,-9,I59ASJbQk4pMq/xovDLbr3tCYsk=,7bVKHTtq56f2cnY+d6P4RIMP4wc=
-7,-9,I59ASJbQk4pMq/xovDLbr3tCYsk=,eR8w0w8WWUUdprFqRBaO8dvF/Y8=
-14,-8,I59ASJbQk4pMq/xovDLbr3tCYsk=,PPFJnFQxhF3eNcgfzq87E8I09rg=
-6,-9,I59ASJbQk4pMq/xovDLbr3tCYsk=,eR8w0w8WWUUdprFqRBaO8dvF/Y8=
-15,-8,I59ASJbQk4pMq/xovDLbr3tCYsk=,PPFJnFQxhF3eNcgfzq87E8I09rg=
-12,-8,I59ASJbQk4pMq/xovDLbr3tCYsk=,PPFJnFQxhF3eNcgfzq87E8I09rg=
-5,-9,I59ASJbQk4pMq/xovDLbr3tCYsk=,eR8w0w8WWUUdprFqRBaO8dvF/Y8=
-11,-8,I59ASJbQk4pMq/xovDLbr3tCYsk=,PPFJnFQxhF3eNcgfzq87E8I09rg=
-13,-8,I59ASJbQk4pMq/xovDLbr3tCYsk=,PPFJnFQxhF3eNcgfzq87E8I09rg=
-9,-8,I59ASJbQk4pMq/xovDLbr3tCYsk=,PPFJnFQxhF3eNcgfzq87E8I09rg=
-8,-10,I59ASJbQk4pMq/xovDLbr3tCYsk=,eR8w0w8WWUUdprFqRBaO8dvF/Y8=
-11,-13,I59ASJbQk4pMq/xovDLbr3tCYsk=,7bVKHTtq56f2cnY+d6P4RIMP4wc=
-10,-13,I59ASJbQk4pMq/xovDLbr3tCYsk=,7bVKHTtq56f2cnY+d6P4RIMP4wc=
-9,-13,I59ASJbQk4pMq/xovDLbr3tCYsk=,7bVKHTtq56f2cnY+d6P4RIMP4wc=
-15,-12,I59ASJbQk4pMq/xovDLbr3tCYsk=,7bVKHTtq56f2cnY+d6P4RIMP4wc=
-8,-9,I59ASJbQk4pMq/xovDLbr3tCYsk=,eR8w0w8WWUUdprFqRBaO8dvF/Y8=
-14,-12,I59ASJbQk4pMq/xovDLbr3tCYsk=,7bVKHTtq56f2cnY+d6P4RIMP4wc=
-12,-12,I59ASJbQk4pMq/xovDLbr3tCYsk=,7bVKHTtq56f2cnY+d6P4RIMP4wc=
-13,-12,I59ASJbQk4pMq/xovDLbr3tCYsk=,7bVKHTtq56f2cnY+d6P4RIMP4wc=
-11,-12,I59ASJbQk4pMq/xovDLbr3tCYsk=,7bVKHTtq56f2cnY+d6P4RIMP4wc=
-10,-12,I59ASJbQk4pMq/xovDLbr3tCYsk=,7bVKHTtq56f2cnY+d6P4RIMP4wc=
-9,-12,I59ASJbQk4pMq/xovDLbr3tCYsk=,7bVKHTtq56f2cnY+d6P4RIMP4wc=
-15,-11,I59ASJbQk4pMq/xovDLbr3tCYsk=,7bVKHTtq56f2cnY+d6P4RIMP4wc=
-14,-11,I59ASJbQk4pMq/xovDLbr3tCYsk=,7bVKHTtq56f2cnY+d6P4RIMP4wc=
-13,-11,I59ASJbQk4pMq/xovDLbr3tCYsk=,7bVKHTtq56f2cnY+d6P4RIMP4wc=
-10,-8,I59ASJbQk4pMq/xovDLbr3tCYsk=,PPFJnFQxhF3eNcgfzq87E8I09rg=
-2,-3,I59ASJbQk4pMq/xovDLbr3tCYsk=,A49/3+wEts2Zq9CuVODaB5AtH2A=
-3,-3,I59ASJbQk4pMq/xovDLbr3tCYsk=,A49/3+wEts2Zq9CuVODaB5AtH2A=
-4,-3,I59ASJbQk4pMq/xovDLbr3tCYsk=,A49/3+wEts2Zq9CuVODaB5AtH2A=
-6,-5,I59ASJbQk4pMq/xovDLbr3tCYsk=,A49/3+wEts2Zq9CuVODaB5AtH2A=
-6,-4,I59ASJbQk4pMq/xovDLbr3tCYsk=,A49/3+wEts2Zq9CuVODaB5AtH2A=
-2,-2,I59ASJbQk4pMq/xovDLbr3tCYsk=,A49/3+wEts2Zq9CuVODaB5AtH2A=
-5,-5,I59ASJbQk4pMq/xovDLbr3tCYsk=,A49/3+wEts2Zq9CuVODaB5AtH2A=
-3,-2,I59ASJbQk4pMq/xovDLbr3tCYsk=,A49/3+wEts2Zq9CuVODaB5AtH2A=
-5,-4,I59ASJbQk4pMq/xovDLbr3tCYsk=,A49/3+wEts2Zq9CuVODaB5AtH2A=
-4,-5,I59ASJbQk4pMq/xovDLbr3tCYsk=,A49/3+wEts2Zq9CuVODaB5AtH2A=
-4,-1,I59ASJbQk4pMq/xovDLbr3tCYsk=,A49/3+wEts2Zq9CuVODaB5AtH2A=
-15,-1,I59ASJbQk4pMq/xovDLbr3tCYsk=,PPFJnFQxhF3eNcgfzq87E8I09rg=
-16,-4,I59ASJbQk4pMq/xovDLbr3tCYsk=,PPFJnFQxhF3eNcgfzq87E8I09rg=
-3,-7,I59ASJbQk4pMq/xovDLbr3tCYsk=,A49/3+wEts2Zq9CuVODaB5AtH2A=
-3,-1,I59ASJbQk4pMq/xovDLbr3tCYsk=,A49/3+wEts2Zq9CuVODaB5AtH2A=
-14,-1,I59ASJbQk4pMq/xovDLbr3tCYsk=,PPFJnFQxhF3eNcgfzq87E8I09rg=
-2,-1,I59ASJbQk4pMq/xovDLbr3tCYsk=,A49/3+wEts2Zq9CuVODaB5AtH2A=
-8,-1,I59ASJbQk4pMq/xovDLbr3tCYsk=,A49/3+wEts2Zq9CuVODaB5AtH2A=
-16,-3,I59ASJbQk4pMq/xovDLbr3tCYsk=,PPFJnFQxhF3eNcgfzq87E8I09rg=
-7,-1,I59ASJbQk4pMq/xovDLbr3tCYsk=,A49/3+wEts2Zq9CuVODaB5AtH2A=
-13,-1,I59ASJbQk4pMq/xovDLbr3tCYsk=,PPFJnFQxhF3eNcgfzq87E8I09rg=
-16,-2,I59ASJbQk4pMq/xovDLbr3tCYsk=,PPFJnFQxhF3eNcgfzq87E8I09rg=
-6,-1,I59ASJbQk4pMq/xovDLbr3tCYsk=,A49/3+wEts2Zq9CuVODaB5AtH2A=
-16,-7,I59ASJbQk4pMq/xovDLbr3tCYsk=,PPFJnFQxhF3eNcgfzq87E8I09rg=
-12,-1,I59ASJbQk4pMq/xovDLbr3tCYsk=,PPFJnFQxhF3eNcgfzq87E8I09rg=
-16,-6,I59ASJbQk4pMq/xovDLbr3tCYsk=,PPFJnFQxhF3eNcgfzq87E8I09rg=
-11,-1,I59ASJbQk4pMq/xovDLbr3tCYsk=,PPFJnFQxhF3eNcgfzq87E8I09rg=
-5,-1,I59ASJbQk4pMq/xovDLbr3tCYsk=,A49/3+wEts2Zq9CuVODaB5AtH2A=
-16,-5,I59ASJbQk4pMq/xovDLbr3tCYsk=,PPFJnFQxhF3eNcgfzq87E8I09rg=
-10,-1,I59ASJbQk4pMq/xovDLbr3tCYsk=,PPFJnFQxhF3eNcgfzq87E8I09rg=
-9,-1,I59ASJbQk4pMq/xovDLbr3tCYsk=,PPFJnFQxhF3eNcgfzq87E8I09rg=
-2,-7,I59ASJbQk4pMq/xovDLbr3tCYsk=,A49/3+wEts2Zq9CuVODaB5AtH2A=
-4,-2,I59ASJbQk4pMq/xovDLbr3tCYsk=,A49/3+wEts2Zq9CuVODaB5AtH2A=
-4,-4,I59ASJbQk4pMq/xovDLbr3tCYsk=,A49/3+wEts2Zq9CuVODaB5AtH2A=
-3,-4,I59ASJbQk4pMq/xovDLbr3tCYsk=,A49/3+wEts2Zq9CuVODaB5AtH2A=
-5,-2,I59ASJbQk4pMq/xovDLbr3tCYsk=,A49/3+wEts2Zq9CuVODaB5AtH2A=
-3,-5,I59ASJbQk4pMq/xovDLbr3tCYsk=,A49/3+wEts2Zq9CuVODaB5AtH2A=
-7,-3,I59ASJbQk4pMq/xovDLbr3tCYsk=,A49/3+wEts2Zq9CuVODaB5AtH2A=
-7,-6,I59ASJbQk4pMq/xovDLbr3tCYsk=,A49/3+wEts2Zq9CuVODaB5AtH2A=
-6,-6,I59ASJbQk4pMq/xovDLbr3tCYsk=,A49/3+wEts2Zq9CuVODaB5AtH2A=
-5,-6,I59ASJbQk4pMq/xovDLbr3tCYsk=,A49/3+wEts2Zq9CuVODaB5AtH2A=
-16,-10,I59ASJbQk4pMq/xovDLbr3tCYsk=,7bVKHTtq56f2cnY+d6P4RIMP4wc=
-2,-5,I59ASJbQk4pMq/xovDLbr3tCYsk=,A49/3+wEts2Zq9CuVODaB5AtH2A=
-6,-3,I59ASJbQk4pMq/xovDLbr3tCYsk=,A49/3+wEts2Zq9CuVODaB5AtH2A=
-2,-4,I59ASJbQk4pMq/xovDLbr3tCYsk=,A49/3+wEts2Zq9CuVODaB5AtH2A=
-5,-3,I59ASJbQk4pMq/xovDLbr3tCYsk=,A49/3+wEts2Zq9CuVODaB5AtH2A=
-7,-2,I59ASJbQk4pMq/xovDLbr3tCYsk=,A49/3+wEts2Zq9CuVODaB5AtH2A=
-16,-15,I59ASJbQk4pMq/xovDLbr3tCYsk=,7bVKHTtq56f2cnY+d6P4RIMP4wc=
-16,-14,I59ASJbQk4pMq/xovDLbr3tCYsk=,7bVKHTtq56f2cnY+d6P4RIMP4wc=
-6,-2,I59ASJbQk4pMq/xovDLbr3tCYsk=,A49/3+wEts2Zq9CuVODaB5AtH2A=
-15,-16,I59ASJbQk4pMq/xovDLbr3tCYsk=,7bVKHTtq56f2cnY+d6P4RIMP4wc=
-14,-16,I59ASJbQk4pMq/xovDLbr3tCYsk=,7bVKHTtq56f2cnY+d6P4RIMP4wc=
-13,-16,I59ASJbQk4pMq/xovDLbr3tCYsk=,7bVKHTtq56f2cnY+d6P4RIMP4wc=
-8,-16,I59ASJbQk4pMq/xovDLbr3tCYsk=,eR8w0w8WWUUdprFqRBaO8dvF/Y8=
-12,-16,I59ASJbQk4pMq/xovDLbr3tCYsk=,7bVKHTtq56f2cnY+d6P4RIMP4wc=
-7,-16,I59ASJbQk4pMq/xovDLbr3tCYsk=,eR8w0w8WWUUdprFqRBaO8dvF/Y8=
-11,-16,I59ASJbQk4pMq/xovDLbr3tCYsk=,7bVKHTtq56f2cnY+d6P4RIMP4wc=
-10,-16,I59ASJbQk4pMq/xovDLbr3tCYsk=,7bVKHTtq56f2cnY+d6P4RIMP4wc=
-6,-16,I59ASJbQk4pMq/xovDLbr3tCYsk=,eR8w0w8WWUUdprFqRBaO8dvF/Y8=
-5,-16,I59ASJbQk4pMq/xovDLbr3tCYsk=,eR8w0w8WWUUdprFqRBaO8dvF/Y8=
-16,-9,I59ASJbQk4pMq/xovDLbr3tCYsk=,7bVKHTtq56f2cnY+d6P4RIMP4wc=
-4,-16,I59ASJbQk4pMq/xovDLbr3tCYsk=,eR8w0w8WWUUdprFqRBaO8dvF/Y8=
-16,-13,I59ASJbQk4pMq/xovDLbr3tCYsk=,7bVKHTtq56f2cnY+d6P4RIMP4wc=
-16,-11,I59ASJbQk4pMq/xovDLbr3tCYsk=,7bVKHTtq56f2cnY+d6P4RIMP4wc=
-16,-8,I59ASJbQk4pMq/xovDLbr3tCYsk=,PPFJnFQxhF3eNcgfzq87E8I09rg=
-9,-16,I59ASJbQk4pMq/xovDLbr3tCYsk=,7bVKHTtq56f2cnY+d6P4RIMP4wc=
-16,-12,I59ASJbQk4pMq/xovDLbr3tCYsk=,7bVKHTtq56f2cnY+d6P4RIMP4wc=
-3,-16,I59ASJbQk4pMq/xovDLbr3tCYsk=,eR8w0w8WWUUdprFqRBaO8dvF/Y8=
-2,-16,I59ASJbQk4pMq/xovDLbr3tCYsk=,eR8w0w8WWUUdprFqRBaO8dvF/Y8=
-16,-1,I59ASJbQk4pMq/xovDLbr3tCYsk=,PPFJnFQxhF3eNcgfzq87E8I09rg=
-16,-16,I59ASJbQk4pMq/xovDLbr3tCYsk=,7bVKHTtq56f2cnY+d6P4RIMP4wc=
-1,-10,I59ASJbQk4pMq/xovDLbr3tCYsk=,eR8w0w8WWUUdprFqRBaO8dvF/Y8=
-1,-16,I59ASJbQk4pMq/xovDLbr3tCYsk=,eR8w0w8WWUUdprFqRBaO8dvF/Y8=
-1,-11,I59ASJbQk4pMq/xovDLbr3tCYsk=,eR8w0w8WWUUdprFqRBaO8dvF/Y8=
-1,-15,I59ASJbQk4pMq/xovDLbr3tCYsk=,eR8w0w8WWUUdprFqRBaO8dvF/Y8=
-1,-1,I59ASJbQk4pMq/xovDLbr3tCYsk=,A49/3+wEts2Zq9CuVODaB5AtH2A=
-1,-14,I59ASJbQk4pMq/xovDLbr3tCYsk=,eR8w0w8WWUUdprFqRBaO8dvF/Y8=
-1,-9,I59ASJbQk4pMq/xovDLbr3tCYsk=,eR8w0w8WWUUdprFqRBaO8dvF/Y8=
-1,-13,I59ASJbQk4pMq/xovDLbr3tCYsk=,eR8w0w8WWUUdprFqRBaO8dvF/Y8=
-1,-6,I59ASJbQk4pMq/xovDLbr3tCYsk=,A49/3+wEts2Zq9CuVODaB5AtH2A=
-1,-7,I59ASJbQk4pMq/xovDLbr3tCYsk=,A49/3+wEts2Zq9CuVODaB5AtH2A=
-1,-12,I59ASJbQk4pMq/xovDLbr3tCYsk=,eR8w0w8WWUUdprFqRBaO8dvF/Y8=
-1,-8,I59ASJbQk4pMq/xovDLbr3tCYsk=,A49/3+wEts2Zq9CuVODaB5AtH2A=
-1,-4,I59ASJbQk4pMq/xovDLbr3tCYsk=,A49/3+wEts2Zq9CuVODaB5AtH2A=
-1,-2,I59ASJbQk4pMq/xovDLbr3tCYsk=,A49/3+wEts2Zq9CuVODaB5AtH2A=
-1,-5,I59ASJbQk4pMq/xovDLbr3tCYsk=,A49/3+wEts2Zq9CuVODaB5AtH2A=
-1,-3,I59ASJbQk4pMq/xovDLbr3tCYsk=,A49/3+wEts2Zq9CuVODaB5AtH2A=
-2,-19,s2I9kiGt8/lWCSsybbt1bV/SqWQ=,MMflq1qkH+9VLiTd/uuiJhMoj44=
-3,-18,s2I9kiGt8/lWCSsybbt1bV/SqWQ=,MMflq1qkH+9VLiTd/uuiJhMoj44=
-6,-22,s2I9kiGt8/lWCSsybbt1bV/SqWQ=,MMflq1qkH+9VLiTd/uuiJhMoj44=
-4,-25,s2I9kiGt8/lWCSsybbt1bV/SqWQ=,09FFm4OLSxOJ+6FP7qs1MBpengE=
-5,-22,s2I9kiGt8/lWCSsybbt1bV/SqWQ=,MMflq1qkH+9VLiTd/uuiJhMoj44=
-3,-25,s2I9kiGt8/lWCSsybbt1bV/SqWQ=,09FFm4OLSxOJ+6FP7qs1MBpengE=
-3,-19,s2I9kiGt8/lWCSsybbt1bV/SqWQ=,MMflq1qkH+9VLiTd/uuiJhMoj44=
-4,-22,s2I9kiGt8/lWCSsybbt1bV/SqWQ=,MMflq1qkH+9VLiTd/uuiJhMoj44=
-3,-22,s2I9kiGt8/lWCSsybbt1bV/SqWQ=,MMflq1qkH+9VLiTd/uuiJhMoj44=
-5,-23,s2I9kiGt8/lWCSsybbt1bV/SqWQ=,MMflq1qkH+9VLiTd/uuiJhMoj44=
-2,-25,s2I9kiGt8/lWCSsybbt1bV/SqWQ=,09FFm4OLSxOJ+6FP7qs1MBpengE=
-6,-24,s2I9kiGt8/lWCSsybbt1bV/SqWQ=,MMflq1qkH+9VLiTd/uuiJhMoj44=
-2,-22,s2I9kiGt8/lWCSsybbt1bV/SqWQ=,MMflq1qkH+9VLiTd/uuiJhMoj44=
-4,-18,s2I9kiGt8/lWCSsybbt1bV/SqWQ=,MMflq1qkH+9VLiTd/uuiJhMoj44=
-5,-18,s2I9kiGt8/lWCSsybbt1bV/SqWQ=,MMflq1qkH+9VLiTd/uuiJhMoj44=
-4,-24,s2I9kiGt8/lWCSsybbt1bV/SqWQ=,MMflq1qkH+9VLiTd/uuiJhMoj44=
-5,-24,s2I9kiGt8/lWCSsybbt1bV/SqWQ=,MMflq1qkH+9VLiTd/uuiJhMoj44=
-4,-19,s2I9kiGt8/lWCSsybbt1bV/SqWQ=,MMflq1qkH+9VLiTd/uuiJhMoj44=
-7,-31,s2I9kiGt8/lWCSsybbt1bV/SqWQ=,09FFm4OLSxOJ+6FP7qs1MBpengE=
-7,-22,s2I9kiGt8/lWCSsybbt1bV/SqWQ=,MMflq1qkH+9VLiTd/uuiJhMoj44=
-6,-31,s2I9kiGt8/lWCSsybbt1bV/SqWQ=,09FFm4OLSxOJ+6FP7qs1MBpengE=
-2,-20,s2I9kiGt8/lWCSsybbt1bV/SqWQ=,MMflq1qkH+9VLiTd/uuiJhMoj44=
-5,-31,s2I9kiGt8/lWCSsybbt1bV/SqWQ=,09FFm4OLSxOJ+6FP7qs1MBpengE=
-6,-18,s2I9kiGt8/lWCSsybbt1bV/SqWQ=,MMflq1qkH+9VLiTd/uuiJhMoj44=
-4,-31,s2I9kiGt8/lWCSsybbt1bV/SqWQ=,09FFm4OLSxOJ+6FP7qs1MBpengE=
-3,-31,s2I9kiGt8/lWCSsybbt1bV/SqWQ=,09FFm4OLSxOJ+6FP7qs1MBpengE=
-7,-18,s2I9kiGt8/lWCSsybbt1bV/SqWQ=,MMflq1qkH+9VLiTd/uuiJhMoj44=
-2,-31,s2I9kiGt8/lWCSsybbt1bV/SqWQ=,09FFm4OLSxOJ+6FP7qs1MBpengE=
-5,-19,s2I9kiGt8/lWCSsybbt1bV/SqWQ=,MMflq1qkH+9VLiTd/uuiJhMoj44=
-6,-23,s2I9kiGt8/lWCSsybbt1bV/SqWQ=,MMflq1qkH+9VLiTd/uuiJhMoj44=
-3,-24,s2I9kiGt8/lWCSsybbt1bV/SqWQ=,MMflq1qkH+9VLiTd/uuiJhMoj44=
-12,-27,s2I9kiGt8/lWCSsybbt1bV/SqWQ=,5FSMDCxDB3OEq3GcqMj1/uTTkK8=
-7,-30,s2I9kiGt8/lWCSsybbt1bV/SqWQ=,09FFm4OLSxOJ+6FP7qs1MBpengE=
-11,-27,s2I9kiGt8/lWCSsybbt1bV/SqWQ=,5FSMDCxDB3OEq3GcqMj1/uTTkK8=
-6,-30,s2I9kiGt8/lWCSsybbt1bV/SqWQ=,09FFm4OLSxOJ+6FP7qs1MBpengE=
-2,-18,s2I9kiGt8/lWCSsybbt1bV/SqWQ=,MMflq1qkH+9VLiTd/uuiJhMoj44=
-2,-24,s2I9kiGt8/lWCSsybbt1bV/SqWQ=,MMflq1qkH+9VLiTd/uuiJhMoj44=
-10,-27,s2I9kiGt8/lWCSsybbt1bV/SqWQ=,5FSMDCxDB3OEq3GcqMj1/uTTkK8=
-13,-27,s2I9kiGt8/lWCSsybbt1bV/SqWQ=,5FSMDCxDB3OEq3GcqMj1/uTTkK8=
-5,-30,s2I9kiGt8/lWCSsybbt1bV/SqWQ=,09FFm4OLSxOJ+6FP7qs1MBpengE=
-14,-27,s2I9kiGt8/lWCSsybbt1bV/SqWQ=,5FSMDCxDB3OEq3GcqMj1/uTTkK8=
-9,-27,s2I9kiGt8/lWCSsybbt1bV/SqWQ=,5FSMDCxDB3OEq3GcqMj1/uTTkK8=
-15,-27,s2I9kiGt8/lWCSsybbt1bV/SqWQ=,5FSMDCxDB3OEq3GcqMj1/uTTkK8=
-4,-30,s2I9kiGt8/lWCSsybbt1bV/SqWQ=,09FFm4OLSxOJ+6FP7qs1MBpengE=
-3,-30,s2I9kiGt8/lWCSsybbt1bV/SqWQ=,09FFm4OLSxOJ+6FP7qs1MBpengE=
-15,-26,s2I9kiGt8/lWCSsybbt1bV/SqWQ=,5FSMDCxDB3OEq3GcqMj1/uTTkK8=
-14,-26,s2I9kiGt8/lWCSsybbt1bV/SqWQ=,5FSMDCxDB3OEq3GcqMj1/uTTkK8=
-2,-30,s2I9kiGt8/lWCSsybbt1bV/SqWQ=,09FFm4OLSxOJ+6FP7qs1MBpengE=
-8,-18,s2I9kiGt8/lWCSsybbt1bV/SqWQ=,MMflq1qkH+9VLiTd/uuiJhMoj44=
-3,-20,s2I9kiGt8/lWCSsybbt1bV/SqWQ=,MMflq1qkH+9VLiTd/uuiJhMoj44=
-7,-29,s2I9kiGt8/lWCSsybbt1bV/SqWQ=,09FFm4OLSxOJ+6FP7qs1MBpengE=
-7,-23,s2I9kiGt8/lWCSsybbt1bV/SqWQ=,MMflq1qkH+9VLiTd/uuiJhMoj44=
-13,-26,s2I9kiGt8/lWCSsybbt1bV/SqWQ=,5FSMDCxDB3OEq3GcqMj1/uTTkK8=
-6,-29,s2I9kiGt8/lWCSsybbt1bV/SqWQ=,09FFm4OLSxOJ+6FP7qs1MBpengE=
-12,-21,s2I9kiGt8/lWCSsybbt1bV/SqWQ=,eDSMy3vae5gGaOPKNSIBRYGP66E=
-11,-21,s2I9kiGt8/lWCSsybbt1bV/SqWQ=,eDSMy3vae5gGaOPKNSIBRYGP66E=
-9,-28,s2I9kiGt8/lWCSsybbt1bV/SqWQ=,5FSMDCxDB3OEq3GcqMj1/uTTkK8=
-5,-29,s2I9kiGt8/lWCSsybbt1bV/SqWQ=,09FFm4OLSxOJ+6FP7qs1MBpengE=
-4,-29,s2I9kiGt8/lWCSsybbt1bV/SqWQ=,09FFm4OLSxOJ+6FP7qs1MBpengE=
-12,-26,s2I9kiGt8/lWCSsybbt1bV/SqWQ=,5FSMDCxDB3OEq3GcqMj1/uTTkK8=
-10,-21,s2I9kiGt8/lWCSsybbt1bV/SqWQ=,eDSMy3vae5gGaOPKNSIBRYGP66E=
-3,-29,s2I9kiGt8/lWCSsybbt1bV/SqWQ=,09FFm4OLSxOJ+6FP7qs1MBpengE=
-10,-28,s2I9kiGt8/lWCSsybbt1bV/SqWQ=,5FSMDCxDB3OEq3GcqMj1/uTTkK8=
-8,-19,s2I9kiGt8/lWCSsybbt1bV/SqWQ=,MMflq1qkH+9VLiTd/uuiJhMoj44=
-5,-25,9iUX6P9WEqXYciN9DtOKD0FiySI=,09FFm4OLSxOJ+6FP7qs1MBpengE=
-11,-26,9iUX6P9WEqXYciN9DtOKD0FiySI=,5FSMDCxDB3OEq3GcqMj1/uTTkK8=
-9,-21,9iUX6P9WEqXYciN9DtOKD0FiySI=,eDSMy3vae5gGaOPKNSIBRYGP66E=
-2,-29,9iUX6P9WEqXYciN9DtOKD0FiySI=,09FFm4OLSxOJ+6FP7qs1MBpengE=
-10,-26,9iUX6P9WEqXYciN9DtOKD0FiySI=,5FSMDCxDB3OEq3GcqMj1/uTTkK8=
-7,-28,9iUX6P9WEqXYciN9DtOKD0FiySI=,09FFm4OLSxOJ+6FP7qs1MBpengE=
-8,-21,9iUX6P9WEqXYciN9DtOKD0FiySI=,MMflq1qkH+9VLiTd/uuiJhMoj44=
-13,-21,9iUX6P9WEqXYciN9DtOKD0FiySI=,eDSMy3vae5gGaOPKNSIBRYGP66E=
-9,-26,9iUX6P9WEqXYciN9DtOKD0FiySI=,5FSMDCxDB3OEq3GcqMj1/uTTkK8=
-15,-20,9iUX6P9WEqXYciN9DtOKD0FiySI=,eDSMy3vae5gGaOPKNSIBRYGP66E=
-8,-24,9iUX6P9WEqXYciN9DtOKD0FiySI=,MMflq1qkH+9VLiTd/uuiJhMoj44=
-6,-28,9iUX6P9WEqXYciN9DtOKD0FiySI=,09FFm4OLSxOJ+6FP7qs1MBpengE=
-14,-20,9iUX6P9WEqXYciN9DtOKD0FiySI=,eDSMy3vae5gGaOPKNSIBRYGP66E=
-14,-21,9iUX6P9WEqXYciN9DtOKD0FiySI=,eDSMy3vae5gGaOPKNSIBRYGP66E=
-13,-20,9iUX6P9WEqXYciN9DtOKD0FiySI=,eDSMy3vae5gGaOPKNSIBRYGP66E=
-12,-20,9iUX6P9WEqXYciN9DtOKD0FiySI=,eDSMy3vae5gGaOPKNSIBRYGP66E=
-8,-31,9iUX6P9WEqXYciN9DtOKD0FiySI=,09FFm4OLSxOJ+6FP7qs1MBpengE=
-8,-20,9iUX6P9WEqXYciN9DtOKD0FiySI=,MMflq1qkH+9VLiTd/uuiJhMoj44=
-8,-30,9iUX6P9WEqXYciN9DtOKD0FiySI=,09FFm4OLSxOJ+6FP7qs1MBpengE=
-5,-28,9iUX6P9WEqXYciN9DtOKD0FiySI=,09FFm4OLSxOJ+6FP7qs1MBpengE=
-11,-20,9iUX6P9WEqXYciN9DtOKD0FiySI=,eDSMy3vae5gGaOPKNSIBRYGP66E=
-4,-28,9iUX6P9WEqXYciN9DtOKD0FiySI=,09FFm4OLSxOJ+6FP7qs1MBpengE=
-10,-20,9iUX6P9WEqXYciN9DtOKD0FiySI=,eDSMy3vae5gGaOPKNSIBRYGP66E=
-15,-25,9iUX6P9WEqXYciN9DtOKD0FiySI=,5FSMDCxDB3OEq3GcqMj1/uTTkK8=
-3,-28,9iUX6P9WEqXYciN9DtOKD0FiySI=,09FFm4OLSxOJ+6FP7qs1MBpengE=
-15,-31,9iUX6P9WEqXYciN9DtOKD0FiySI=,5FSMDCxDB3OEq3GcqMj1/uTTkK8=
-15,-19,9iUX6P9WEqXYciN9DtOKD0FiySI=,eDSMy3vae5gGaOPKNSIBRYGP66E=
-14,-31,9iUX6P9WEqXYciN9DtOKD0FiySI=,5FSMDCxDB3OEq3GcqMj1/uTTkK8=
-9,-20,9iUX6P9WEqXYciN9DtOKD0FiySI=,eDSMy3vae5gGaOPKNSIBRYGP66E=
-14,-25,9iUX6P9WEqXYciN9DtOKD0FiySI=,5FSMDCxDB3OEq3GcqMj1/uTTkK8=
-13,-25,9iUX6P9WEqXYciN9DtOKD0FiySI=,5FSMDCxDB3OEq3GcqMj1/uTTkK8=
-13,-31,9iUX6P9WEqXYciN9DtOKD0FiySI=,5FSMDCxDB3OEq3GcqMj1/uTTkK8=
-2,-28,9iUX6P9WEqXYciN9DtOKD0FiySI=,09FFm4OLSxOJ+6FP7qs1MBpengE=
-14,-19,9iUX6P9WEqXYciN9DtOKD0FiySI=,eDSMy3vae5gGaOPKNSIBRYGP66E=
-12,-31,9iUX6P9WEqXYciN9DtOKD0FiySI=,5FSMDCxDB3OEq3GcqMj1/uTTkK8=
-8,-29,9iUX6P9WEqXYciN9DtOKD0FiySI=,09FFm4OLSxOJ+6FP7qs1MBpengE=
-7,-27,9iUX6P9WEqXYciN9DtOKD0FiySI=,09FFm4OLSxOJ+6FP7qs1MBpengE=
-6,-27,9iUX6P9WEqXYciN9DtOKD0FiySI=,09FFm4OLSxOJ+6FP7qs1MBpengE=
-12,-25,9iUX6P9WEqXYciN9DtOKD0FiySI=,5FSMDCxDB3OEq3GcqMj1/uTTkK8=
-4,-27,9iUX6P9WEqXYciN9DtOKD0FiySI=,09FFm4OLSxOJ+6FP7qs1MBpengE=
-11,-25,9iUX6P9WEqXYciN9DtOKD0FiySI=,5FSMDCxDB3OEq3GcqMj1/uTTkK8=
-5,-27,9iUX6P9WEqXYciN9DtOKD0FiySI=,09FFm4OLSxOJ+6FP7qs1MBpengE=
-11,-31,9iUX6P9WEqXYciN9DtOKD0FiySI=,5FSMDCxDB3OEq3GcqMj1/uTTkK8=
-10,-25,9iUX6P9WEqXYciN9DtOKD0FiySI=,5FSMDCxDB3OEq3GcqMj1/uTTkK8=
-10,-31,9iUX6P9WEqXYciN9DtOKD0FiySI=,5FSMDCxDB3OEq3GcqMj1/uTTkK8=
-7,-24,9iUX6P9WEqXYciN9DtOKD0FiySI=,MMflq1qkH+9VLiTd/uuiJhMoj44=
-3,-27,9iUX6P9WEqXYciN9DtOKD0FiySI=,09FFm4OLSxOJ+6FP7qs1MBpengE=
-9,-31,9iUX6P9WEqXYciN9DtOKD0FiySI=,5FSMDCxDB3OEq3GcqMj1/uTTkK8=
-7,-26,9iUX6P9WEqXYciN9DtOKD0FiySI=,09FFm4OLSxOJ+6FP7qs1MBpengE=
-2,-27,9iUX6P9WEqXYciN9DtOKD0FiySI=,09FFm4OLSxOJ+6FP7qs1MBpengE=
-8,-28,9iUX6P9WEqXYciN9DtOKD0FiySI=,09FFm4OLSxOJ+6FP7qs1MBpengE=
-5,-26,9iUX6P9WEqXYciN9DtOKD0FiySI=,09FFm4OLSxOJ+6FP7qs1MBpengE=
-9,-25,9iUX6P9WEqXYciN9DtOKD0FiySI=,5FSMDCxDB3OEq3GcqMj1/uTTkK8=
-15,-24,9iUX6P9WEqXYciN9DtOKD0FiySI=,eDSMy3vae5gGaOPKNSIBRYGP66E=
-6,-26,9iUX6P9WEqXYciN9DtOKD0FiySI=,09FFm4OLSxOJ+6FP7qs1MBpengE=
-15,-30,9iUX6P9WEqXYciN9DtOKD0FiySI=,5FSMDCxDB3OEq3GcqMj1/uTTkK8=
-14,-30,9iUX6P9WEqXYciN9DtOKD0FiySI=,5FSMDCxDB3OEq3GcqMj1/uTTkK8=
-4,-26,9iUX6P9WEqXYciN9DtOKD0FiySI=,09FFm4OLSxOJ+6FP7qs1MBpengE=
-14,-24,9iUX6P9WEqXYciN9DtOKD0FiySI=,eDSMy3vae5gGaOPKNSIBRYGP66E=
-13,-30,9iUX6P9WEqXYciN9DtOKD0FiySI=,5FSMDCxDB3OEq3GcqMj1/uTTkK8=
-3,-26,9iUX6P9WEqXYciN9DtOKD0FiySI=,09FFm4OLSxOJ+6FP7qs1MBpengE=
-7,-25,9iUX6P9WEqXYciN9DtOKD0FiySI=,09FFm4OLSxOJ+6FP7qs1MBpengE=
-13,-19,9iUX6P9WEqXYciN9DtOKD0FiySI=,eDSMy3vae5gGaOPKNSIBRYGP66E=
-12,-30,9iUX6P9WEqXYciN9DtOKD0FiySI=,5FSMDCxDB3OEq3GcqMj1/uTTkK8=
-2,-26,9iUX6P9WEqXYciN9DtOKD0FiySI=,09FFm4OLSxOJ+6FP7qs1MBpengE=
-11,-30,9iUX6P9WEqXYciN9DtOKD0FiySI=,5FSMDCxDB3OEq3GcqMj1/uTTkK8=
-13,-24,9iUX6P9WEqXYciN9DtOKD0FiySI=,eDSMy3vae5gGaOPKNSIBRYGP66E=
-8,-27,9iUX6P9WEqXYciN9DtOKD0FiySI=,09FFm4OLSxOJ+6FP7qs1MBpengE=
-6,-25,9iUX6P9WEqXYciN9DtOKD0FiySI=,09FFm4OLSxOJ+6FP7qs1MBpengE=
-10,-30,9iUX6P9WEqXYciN9DtOKD0FiySI=,5FSMDCxDB3OEq3GcqMj1/uTTkK8=
-4,-20,9iUX6P9WEqXYciN9DtOKD0FiySI=,MMflq1qkH+9VLiTd/uuiJhMoj44=
-12,-24,9iUX6P9WEqXYciN9DtOKD0FiySI=,eDSMy3vae5gGaOPKNSIBRYGP66E=
-9,-30,9iUX6P9WEqXYciN9DtOKD0FiySI=,5FSMDCxDB3OEq3GcqMj1/uTTkK8=
-11,-24,9iUX6P9WEqXYciN9DtOKD0FiySI=,eDSMy3vae5gGaOPKNSIBRYGP66E=
-11,-28,9iUX6P9WEqXYciN9DtOKD0FiySI=,5FSMDCxDB3OEq3GcqMj1/uTTkK8=
-12,-19,9iUX6P9WEqXYciN9DtOKD0FiySI=,eDSMy3vae5gGaOPKNSIBRYGP66E=
-15,-29,9iUX6P9WEqXYciN9DtOKD0FiySI=,5FSMDCxDB3OEq3GcqMj1/uTTkK8=
-11,-19,9iUX6P9WEqXYciN9DtOKD0FiySI=,eDSMy3vae5gGaOPKNSIBRYGP66E=
-15,-21,9iUX6P9WEqXYciN9DtOKD0FiySI=,eDSMy3vae5gGaOPKNSIBRYGP66E=
-14,-29,9iUX6P9WEqXYciN9DtOKD0FiySI=,5FSMDCxDB3OEq3GcqMj1/uTTkK8=
-10,-19,9iUX6P9WEqXYciN9DtOKD0FiySI=,eDSMy3vae5gGaOPKNSIBRYGP66E=
-13,-29,9iUX6P9WEqXYciN9DtOKD0FiySI=,5FSMDCxDB3OEq3GcqMj1/uTTkK8=
-12,-29,9iUX6P9WEqXYciN9DtOKD0FiySI=,5FSMDCxDB3OEq3GcqMj1/uTTkK8=
-11,-29,9iUX6P9WEqXYciN9DtOKD0FiySI=,5FSMDCxDB3OEq3GcqMj1/uTTkK8=
-9,-22,9iUX6P9WEqXYciN9DtOKD0FiySI=,eDSMy3vae5gGaOPKNSIBRYGP66E=
-10,-24,9iUX6P9WEqXYciN9DtOKD0FiySI=,eDSMy3vae5gGaOPKNSIBRYGP66E=
-8,-25,9iUX6P9WEqXYciN9DtOKD0FiySI=,09FFm4OLSxOJ+6FP7qs1MBpengE=
-9,-24,9iUX6P9WEqXYciN9DtOKD0FiySI=,eDSMy3vae5gGaOPKNSIBRYGP66E=
-10,-29,9iUX6P9WEqXYciN9DtOKD0FiySI=,5FSMDCxDB3OEq3GcqMj1/uTTkK8=
-9,-29,9iUX6P9WEqXYciN9DtOKD0FiySI=,5FSMDCxDB3OEq3GcqMj1/uTTkK8=
-9,-19,9iUX6P9WEqXYciN9DtOKD0FiySI=,eDSMy3vae5gGaOPKNSIBRYGP66E=
-9,-18,9iUX6P9WEqXYciN9DtOKD0FiySI=,eDSMy3vae5gGaOPKNSIBRYGP66E=
-15,-23,9iUX6P9WEqXYciN9DtOKD0FiySI=,eDSMy3vae5gGaOPKNSIBRYGP66E=
-10,-22,9iUX6P9WEqXYciN9DtOKD0FiySI=,eDSMy3vae5gGaOPKNSIBRYGP66E=
-8,-26,9iUX6P9WEqXYciN9DtOKD0FiySI=,09FFm4OLSxOJ+6FP7qs1MBpengE=
-15,-28,9iUX6P9WEqXYciN9DtOKD0FiySI=,5FSMDCxDB3OEq3GcqMj1/uTTkK8=
-14,-23,9iUX6P9WEqXYciN9DtOKD0FiySI=,eDSMy3vae5gGaOPKNSIBRYGP66E=
-14,-28,9iUX6P9WEqXYciN9DtOKD0FiySI=,5FSMDCxDB3OEq3GcqMj1/uTTkK8=
-15,-17,9iUX6P9WEqXYciN9DtOKD0FiySI=,eDSMy3vae5gGaOPKNSIBRYGP66E=
-13,-23,9iUX6P9WEqXYciN9DtOKD0FiySI=,eDSMy3vae5gGaOPKNSIBRYGP66E=
-10,-18,9iUX6P9WEqXYciN9DtOKD0FiySI=,eDSMy3vae5gGaOPKNSIBRYGP66E=
-14,-17,9iUX6P9WEqXYciN9DtOKD0FiySI=,eDSMy3vae5gGaOPKNSIBRYGP66E=
-12,-23,9iUX6P9WEqXYciN9DtOKD0FiySI=,eDSMy3vae5gGaOPKNSIBRYGP66E=
-13,-17,9iUX6P9WEqXYciN9DtOKD0FiySI=,eDSMy3vae5gGaOPKNSIBRYGP66E=
-12,-17,9iUX6P9WEqXYciN9DtOKD0FiySI=,eDSMy3vae5gGaOPKNSIBRYGP66E=
-13,-28,9iUX6P9WEqXYciN9DtOKD0FiySI=,5FSMDCxDB3OEq3GcqMj1/uTTkK8=
-11,-17,9iUX6P9WEqXYciN9DtOKD0FiySI=,eDSMy3vae5gGaOPKNSIBRYGP66E=
-10,-17,9iUX6P9WEqXYciN9DtOKD0FiySI=,eDSMy3vae5gGaOPKNSIBRYGP66E=
-8,-23,9iUX6P9WEqXYciN9DtOKD0FiySI=,MMflq1qkH+9VLiTd/uuiJhMoj44=
-6,-21,9iUX6P9WEqXYciN9DtOKD0FiySI=,MMflq1qkH+9VLiTd/uuiJhMoj44=
-12,-28,9iUX6P9WEqXYciN9DtOKD0FiySI=,5FSMDCxDB3OEq3GcqMj1/uTTkK8=
-5,-21,9iUX6P9WEqXYciN9DtOKD0FiySI=,MMflq1qkH+9VLiTd/uuiJhMoj44=
-4,-21,9iUX6P9WEqXYciN9DtOKD0FiySI=,MMflq1qkH+9VLiTd/uuiJhMoj44=
-11,-23,9iUX6P9WEqXYciN9DtOKD0FiySI=,eDSMy3vae5gGaOPKNSIBRYGP66E=
-3,-21,9iUX6P9WEqXYciN9DtOKD0FiySI=,MMflq1qkH+9VLiTd/uuiJhMoj44=
-2,-21,9iUX6P9WEqXYciN9DtOKD0FiySI=,MMflq1qkH+9VLiTd/uuiJhMoj44=
-4,-23,9iUX6P9WEqXYciN9DtOKD0FiySI=,MMflq1qkH+9VLiTd/uuiJhMoj44=
-10,-23,9iUX6P9WEqXYciN9DtOKD0FiySI=,eDSMy3vae5gGaOPKNSIBRYGP66E=
-7,-21,9iUX6P9WEqXYciN9DtOKD0FiySI=,MMflq1qkH+9VLiTd/uuiJhMoj44=
-7,-19,9iUX6P9WEqXYciN9DtOKD0FiySI=,MMflq1qkH+9VLiTd/uuiJhMoj44=
-9,-23,9iUX6P9WEqXYciN9DtOKD0FiySI=,eDSMy3vae5gGaOPKNSIBRYGP66E=
-7,-20,9iUX6P9WEqXYciN9DtOKD0FiySI=,MMflq1qkH+9VLiTd/uuiJhMoj44=
-3,-23,9iUX6P9WEqXYciN9DtOKD0FiySI=,MMflq1qkH+9VLiTd/uuiJhMoj44=
-6,-19,9iUX6P9WEqXYciN9DtOKD0FiySI=,MMflq1qkH+9VLiTd/uuiJhMoj44=
-6,-20,9iUX6P9WEqXYciN9DtOKD0FiySI=,MMflq1qkH+9VLiTd/uuiJhMoj44=
-14,-22,9iUX6P9WEqXYciN9DtOKD0FiySI=,eDSMy3vae5gGaOPKNSIBRYGP66E=
-15,-22,9iUX6P9WEqXYciN9DtOKD0FiySI=,eDSMy3vae5gGaOPKNSIBRYGP66E=
-5,-20,9iUX6P9WEqXYciN9DtOKD0FiySI=,MMflq1qkH+9VLiTd/uuiJhMoj44=
-2,-23,9iUX6P9WEqXYciN9DtOKD0FiySI=,MMflq1qkH+9VLiTd/uuiJhMoj44=
-13,-22,9iUX6P9WEqXYciN9DtOKD0FiySI=,eDSMy3vae5gGaOPKNSIBRYGP66E=
-12,-22,9iUX6P9WEqXYciN9DtOKD0FiySI=,eDSMy3vae5gGaOPKNSIBRYGP66E=
-11,-22,9iUX6P9WEqXYciN9DtOKD0FiySI=,eDSMy3vae5gGaOPKNSIBRYGP66E=
-12,-18,9iUX6P9WEqXYciN9DtOKD0FiySI=,eDSMy3vae5gGaOPKNSIBRYGP66E=
-8,-22,9iUX6P9WEqXYciN9DtOKD0FiySI=,MMflq1qkH+9VLiTd/uuiJhMoj44=
-11,-18,9iUX6P9WEqXYciN9DtOKD0FiySI=,eDSMy3vae5gGaOPKNSIBRYGP66E=
-15,-18,9iUX6P9WEqXYciN9DtOKD0FiySI=,eDSMy3vae5gGaOPKNSIBRYGP66E=
-13,-18,9iUX6P9WEqXYciN9DtOKD0FiySI=,eDSMy3vae5gGaOPKNSIBRYGP66E=
-14,-18,9iUX6P9WEqXYciN9DtOKD0FiySI=,eDSMy3vae5gGaOPKNSIBRYGP66E=
-1,-31,9iUX6P9WEqXYciN9DtOKD0FiySI=,09FFm4OLSxOJ+6FP7qs1MBpengE=
-1,-26,9iUX6P9WEqXYciN9DtOKD0FiySI=,09FFm4OLSxOJ+6FP7qs1MBpengE=
-4,-17,9iUX6P9WEqXYciN9DtOKD0FiySI=,MMflq1qkH+9VLiTd/uuiJhMoj44=
-1,-30,9iUX6P9WEqXYciN9DtOKD0FiySI=,09FFm4OLSxOJ+6FP7qs1MBpengE=
-1,-19,9iUX6P9WEqXYciN9DtOKD0FiySI=,MMflq1qkH+9VLiTd/uuiJhMoj44=
-1,-29,9iUX6P9WEqXYciN9DtOKD0FiySI=,09FFm4OLSxOJ+6FP7qs1MBpengE=
-3,-17,9iUX6P9WEqXYciN9DtOKD0FiySI=,MMflq1qkH+9VLiTd/uuiJhMoj44=
-2,-17,9iUX6P9WEqXYciN9DtOKD0FiySI=,MMflq1qkH+9VLiTd/uuiJhMoj44=
-1,-22,9iUX6P9WEqXYciN9DtOKD0FiySI=,MMflq1qkH+9VLiTd/uuiJhMoj44=
-8,-17,9iUX6P9WEqXYciN9DtOKD0FiySI=,MMflq1qkH+9VLiTd/uuiJhMoj44=
-1,-21,9iUX6P9WEqXYciN9DtOKD0FiySI=,MMflq1qkH+9VLiTd/uuiJhMoj44=
-1,-28,9iUX6P9WEqXYciN9DtOKD0FiySI=,09FFm4OLSxOJ+6FP7qs1MBpengE=
-1,-27,9iUX6P9WEqXYciN9DtOKD0FiySI=,09FFm4OLSxOJ+6FP7qs1MBpengE=
-7,-17,9iUX6P9WEqXYciN9DtOKD0FiySI=,MMflq1qkH+9VLiTd/uuiJhMoj44=
-1,-25,9iUX6P9WEqXYciN9DtOKD0FiySI=,09FFm4OLSxOJ+6FP7qs1MBpengE=
-1,-23,9iUX6P9WEqXYciN9DtOKD0FiySI=,MMflq1qkH+9VLiTd/uuiJhMoj44=
-7,-32,9iUX6P9WEqXYciN9DtOKD0FiySI=,09FFm4OLSxOJ+6FP7qs1MBpengE=
-6,-17,9iUX6P9WEqXYciN9DtOKD0FiySI=,MMflq1qkH+9VLiTd/uuiJhMoj44=
-6,-32,9iUX6P9WEqXYciN9DtOKD0FiySI=,09FFm4OLSxOJ+6FP7qs1MBpengE=
-5,-17,9iUX6P9WEqXYciN9DtOKD0FiySI=,MMflq1qkH+9VLiTd/uuiJhMoj44=
-1,-24,9iUX6P9WEqXYciN9DtOKD0FiySI=,MMflq1qkH+9VLiTd/uuiJhMoj44=
-5,-32,9iUX6P9WEqXYciN9DtOKD0FiySI=,09FFm4OLSxOJ+6FP7qs1MBpengE=
-9,-17,9iUX6P9WEqXYciN9DtOKD0FiySI=,eDSMy3vae5gGaOPKNSIBRYGP66E=
-2,-32,9iUX6P9WEqXYciN9DtOKD0FiySI=,09FFm4OLSxOJ+6FP7qs1MBpengE=
-4,-32,9iUX6P9WEqXYciN9DtOKD0FiySI=,09FFm4OLSxOJ+6FP7qs1MBpengE=
-1,-20,9iUX6P9WEqXYciN9DtOKD0FiySI=,MMflq1qkH+9VLiTd/uuiJhMoj44=
-3,-32,9iUX6P9WEqXYciN9DtOKD0FiySI=,09FFm4OLSxOJ+6FP7qs1MBpengE=
-1,-18,9iUX6P9WEqXYciN9DtOKD0FiySI=,MMflq1qkH+9VLiTd/uuiJhMoj44=
-1,-32,9iUX6P9WEqXYciN9DtOKD0FiySI=,09FFm4OLSxOJ+6FP7qs1MBpengE=
-1,-17,9iUX6P9WEqXYciN9DtOKD0FiySI=,MMflq1qkH+9VLiTd/uuiJhMoj44=
-8,-32,9iUX6P9WEqXYciN9DtOKD0FiySI=,09FFm4OLSxOJ+6FP7qs1MBpengE=
-15,-32,9iUX6P9WEqXYciN9DtOKD0FiySI=,5FSMDCxDB3OEq3GcqMj1/uTTkK8=
-14,-32,9iUX6P9WEqXYciN9DtOKD0FiySI=,5FSMDCxDB3OEq3GcqMj1/uTTkK8=
-16,-20,9iUX6P9WEqXYciN9DtOKD0FiySI=,eDSMy3vae5gGaOPKNSIBRYGP66E=
-16,-26,9iUX6P9WEqXYciN9DtOKD0FiySI=,5FSMDCxDB3OEq3GcqMj1/uTTkK8=
-16,-19,9iUX6P9WEqXYciN9DtOKD0FiySI=,eDSMy3vae5gGaOPKNSIBRYGP66E=
-13,-32,9iUX6P9WEqXYciN9DtOKD0FiySI=,5FSMDCxDB3OEq3GcqMj1/uTTkK8=
-16,-32,9iUX6P9WEqXYciN9DtOKD0FiySI=,5FSMDCxDB3OEq3GcqMj1/uTTkK8=
-12,-32,9iUX6P9WEqXYciN9DtOKD0FiySI=,5FSMDCxDB3OEq3GcqMj1/uTTkK8=
-16,-18,9iUX6P9WEqXYciN9DtOKD0FiySI=,eDSMy3vae5gGaOPKNSIBRYGP66E=
-16,-25,9iUX6P9WEqXYciN9DtOKD0FiySI=,5FSMDCxDB3OEq3GcqMj1/uTTkK8=
-11,-32,9iUX6P9WEqXYciN9DtOKD0FiySI=,5FSMDCxDB3OEq3GcqMj1/uTTkK8=
-16,-23,9iUX6P9WEqXYciN9DtOKD0FiySI=,eDSMy3vae5gGaOPKNSIBRYGP66E=
-10,-32,9iUX6P9WEqXYciN9DtOKD0FiySI=,5FSMDCxDB3OEq3GcqMj1/uTTkK8=
-16,-24,9iUX6P9WEqXYciN9DtOKD0FiySI=,eDSMy3vae5gGaOPKNSIBRYGP66E=
-16,-22,9iUX6P9WEqXYciN9DtOKD0FiySI=,eDSMy3vae5gGaOPKNSIBRYGP66E=
-16,-31,9iUX6P9WEqXYciN9DtOKD0FiySI=,5FSMDCxDB3OEq3GcqMj1/uTTkK8=
-9,-32,9iUX6P9WEqXYciN9DtOKD0FiySI=,5FSMDCxDB3OEq3GcqMj1/uTTkK8=
-16,-21,9iUX6P9WEqXYciN9DtOKD0FiySI=,eDSMy3vae5gGaOPKNSIBRYGP66E=
-16,-30,9iUX6P9WEqXYciN9DtOKD0FiySI=,5FSMDCxDB3OEq3GcqMj1/uTTkK8=
-16,-17,9iUX6P9WEqXYciN9DtOKD0FiySI=,eDSMy3vae5gGaOPKNSIBRYGP66E=
-16,-29,9iUX6P9WEqXYciN9DtOKD0FiySI=,5FSMDCxDB3OEq3GcqMj1/uTTkK8=
-16,-28,9iUX6P9WEqXYciN9DtOKD0FiySI=,5FSMDCxDB3OEq3GcqMj1/uTTkK8=
-16,-27,9iUX6P9WEqXYciN9DtOKD0FiySI=,5FSMDCxDB3OEq3GcqMj1/uTTkK8=
-28,-21,OveqKouPy5st/JLLiKqQUsvlZ3Q=,rONPuKiku+O7Bh1L2gcMChgjviM=
-29,-21,OveqKouPy5st/JLLiKqQUsvlZ3Q=,rONPuKiku+O7Bh1L2gcMChgjviM=
-27,-21,OveqKouPy5st/JLLiKqQUsvlZ3Q=,rONPuKiku+O7Bh1L2gcMChgjviM=
-26,-21,OveqKouPy5st/JLLiKqQUsvlZ3Q=,rONPuKiku+O7Bh1L2gcMChgjviM=
-31,-20,OveqKouPy5st/JLLiKqQUsvlZ3Q=,rONPuKiku+O7Bh1L2gcMChgjviM=
-30,-20,OveqKouPy5st/JLLiKqQUsvlZ3Q=,rONPuKiku+O7Bh1L2gcMChgjviM=
-30,-21,OveqKouPy5st/JLLiKqQUsvlZ3Q=,rONPuKiku+O7Bh1L2gcMChgjviM=
-29,-20,OveqKouPy5st/JLLiKqQUsvlZ3Q=,rONPuKiku+O7Bh1L2gcMChgjviM=
-28,-20,OveqKouPy5st/JLLiKqQUsvlZ3Q=,rONPuKiku+O7Bh1L2gcMChgjviM=
-27,-20,OveqKouPy5st/JLLiKqQUsvlZ3Q=,rONPuKiku+O7Bh1L2gcMChgjviM=
-26,-20,OveqKouPy5st/JLLiKqQUsvlZ3Q=,rONPuKiku+O7Bh1L2gcMChgjviM=
-31,-19,OveqKouPy5st/JLLiKqQUsvlZ3Q=,rONPuKiku+O7Bh1L2gcMChgjviM=
-30,-19,OveqKouPy5st/JLLiKqQUsvlZ3Q=,rONPuKiku+O7Bh1L2gcMChgjviM=
-29,-19,OveqKouPy5st/JLLiKqQUsvlZ3Q=,rONPuKiku+O7Bh1L2gcMChgjviM=
-28,-19,OveqKouPy5st/JLLiKqQUsvlZ3Q=,rONPuKiku+O7Bh1L2gcMChgjviM=
-23,-31,OveqKouPy5st/JLLiKqQUsvlZ3Q=,6iN4vZkYshQTFQeMQWT8qLx/KeI=
-22,-31,OveqKouPy5st/JLLiKqQUsvlZ3Q=,6iN4vZkYshQTFQeMQWT8qLx/KeI=
-27,-19,OveqKouPy5st/JLLiKqQUsvlZ3Q=,rONPuKiku+O7Bh1L2gcMChgjviM=
-21,-31,OveqKouPy5st/JLLiKqQUsvlZ3Q=,6iN4vZkYshQTFQeMQWT8qLx/KeI=
-28,-27,OveqKouPy5st/JLLiKqQUsvlZ3Q=,Vw4xvh9CmpuTgw+ZraTvXTKwlDY=
-20,-31,OveqKouPy5st/JLLiKqQUsvlZ3Q=,6iN4vZkYshQTFQeMQWT8qLx/KeI=
-27,-27,OveqKouPy5st/JLLiKqQUsvlZ3Q=,Vw4xvh9CmpuTgw+ZraTvXTKwlDY=
-19,-31,OveqKouPy5st/JLLiKqQUsvlZ3Q=,6iN4vZkYshQTFQeMQWT8qLx/KeI=
-26,-27,OveqKouPy5st/JLLiKqQUsvlZ3Q=,Vw4xvh9CmpuTgw+ZraTvXTKwlDY=
-18,-31,OveqKouPy5st/JLLiKqQUsvlZ3Q=,6iN4vZkYshQTFQeMQWT8qLx/KeI=
-25,-27,OveqKouPy5st/JLLiKqQUsvlZ3Q=,Vw4xvh9CmpuTgw+ZraTvXTKwlDY=
-23,-30,OveqKouPy5st/JLLiKqQUsvlZ3Q=,6iN4vZkYshQTFQeMQWT8qLx/KeI=
-31,-26,OveqKouPy5st/JLLiKqQUsvlZ3Q=,Vw4xvh9CmpuTgw+ZraTvXTKwlDY=
-22,-30,OveqKouPy5st/JLLiKqQUsvlZ3Q=,6iN4vZkYshQTFQeMQWT8qLx/KeI=
-30,-26,OveqKouPy5st/JLLiKqQUsvlZ3Q=,Vw4xvh9CmpuTgw+ZraTvXTKwlDY=
-29,-26,OveqKouPy5st/JLLiKqQUsvlZ3Q=,Vw4xvh9CmpuTgw+ZraTvXTKwlDY=
-24,-31,OveqKouPy5st/JLLiKqQUsvlZ3Q=,6iN4vZkYshQTFQeMQWT8qLx/KeI=
-21,-30,OveqKouPy5st/JLLiKqQUsvlZ3Q=,6iN4vZkYshQTFQeMQWT8qLx/KeI=
-20,-30,OveqKouPy5st/JLLiKqQUsvlZ3Q=,6iN4vZkYshQTFQeMQWT8qLx/KeI=
-19,-30,OveqKouPy5st/JLLiKqQUsvlZ3Q=,6iN4vZkYshQTFQeMQWT8qLx/KeI=
-28,-26,OveqKouPy5st/JLLiKqQUsvlZ3Q=,Vw4xvh9CmpuTgw+ZraTvXTKwlDY=
-18,-30,OveqKouPy5st/JLLiKqQUsvlZ3Q=,6iN4vZkYshQTFQeMQWT8qLx/KeI=
-31,-31,OveqKouPy5st/JLLiKqQUsvlZ3Q=,Vw4xvh9CmpuTgw+ZraTvXTKwlDY=
-30,-31,OveqKouPy5st/JLLiKqQUsvlZ3Q=,Vw4xvh9CmpuTgw+ZraTvXTKwlDY=
-23,-29,OveqKouPy5st/JLLiKqQUsvlZ3Q=,6iN4vZkYshQTFQeMQWT8qLx/KeI=
-22,-29,OveqKouPy5st/JLLiKqQUsvlZ3Q=,6iN4vZkYshQTFQeMQWT8qLx/KeI=
-27,-26,OveqKouPy5st/JLLiKqQUsvlZ3Q=,Vw4xvh9CmpuTgw+ZraTvXTKwlDY=
-26,-26,OveqKouPy5st/JLLiKqQUsvlZ3Q=,Vw4xvh9CmpuTgw+ZraTvXTKwlDY=
-29,-31,OveqKouPy5st/JLLiKqQUsvlZ3Q=,Vw4xvh9CmpuTgw+ZraTvXTKwlDY=
-21,-29,OveqKouPy5st/JLLiKqQUsvlZ3Q=,6iN4vZkYshQTFQeMQWT8qLx/KeI=
-20,-29,OveqKouPy5st/JLLiKqQUsvlZ3Q=,6iN4vZkYshQTFQeMQWT8qLx/KeI=
-28,-31,OveqKouPy5st/JLLiKqQUsvlZ3Q=,Vw4xvh9CmpuTgw+ZraTvXTKwlDY=
-19,-29,OveqKouPy5st/JLLiKqQUsvlZ3Q=,6iN4vZkYshQTFQeMQWT8qLx/KeI=
-18,-29,OveqKouPy5st/JLLiKqQUsvlZ3Q=,6iN4vZkYshQTFQeMQWT8qLx/KeI=
-24,-30,OveqKouPy5st/JLLiKqQUsvlZ3Q=,6iN4vZkYshQTFQeMQWT8qLx/KeI=
-27,-31,OveqKouPy5st/JLLiKqQUsvlZ3Q=,Vw4xvh9CmpuTgw+ZraTvXTKwlDY=
-23,-28,OveqKouPy5st/JLLiKqQUsvlZ3Q=,6iN4vZkYshQTFQeMQWT8qLx/KeI=
-26,-31,OveqKouPy5st/JLLiKqQUsvlZ3Q=,Vw4xvh9CmpuTgw+ZraTvXTKwlDY=
-22,-28,OveqKouPy5st/JLLiKqQUsvlZ3Q=,6iN4vZkYshQTFQeMQWT8qLx/KeI=
-25,-31,OveqKouPy5st/JLLiKqQUsvlZ3Q=,Vw4xvh9CmpuTgw+ZraTvXTKwlDY=
-31,-30,OveqKouPy5st/JLLiKqQUsvlZ3Q=,Vw4xvh9CmpuTgw+ZraTvXTKwlDY=
-25,-26,OveqKouPy5st/JLLiKqQUsvlZ3Q=,Vw4xvh9CmpuTgw+ZraTvXTKwlDY=
-26,-19,OveqKouPy5st/JLLiKqQUsvlZ3Q=,rONPuKiku+O7Bh1L2gcMChgjviM=
-30,-30,OveqKouPy5st/JLLiKqQUsvlZ3Q=,Vw4xvh9CmpuTgw+ZraTvXTKwlDY=
-24,-20,OveqKouPy5st/JLLiKqQUsvlZ3Q=,byaYqf8uJ1ob/5COnqLSXEwstTw=
-24,-29,OveqKouPy5st/JLLiKqQUsvlZ3Q=,6iN4vZkYshQTFQeMQWT8qLx/KeI=
-31,-18,OveqKouPy5st/JLLiKqQUsvlZ3Q=,rONPuKiku+O7Bh1L2gcMChgjviM=
-23,-20,OveqKouPy5st/JLLiKqQUsvlZ3Q=,byaYqf8uJ1ob/5COnqLSXEwstTw=
-30,-18,OveqKouPy5st/JLLiKqQUsvlZ3Q=,rONPuKiku+O7Bh1L2gcMChgjviM=
-20,-25,OveqKouPy5st/JLLiKqQUsvlZ3Q=,6iN4vZkYshQTFQeMQWT8qLx/KeI=
-29,-18,OveqKouPy5st/JLLiKqQUsvlZ3Q=,rONPuKiku+O7Bh1L2gcMChgjviM=
-28,-18,OveqKouPy5st/JLLiKqQUsvlZ3Q=,rONPuKiku+O7Bh1L2gcMChgjviM=
-22,-20,OveqKouPy5st/JLLiKqQUsvlZ3Q=,byaYqf8uJ1ob/5COnqLSXEwstTw=
-27,-18,OveqKouPy5st/JLLiKqQUsvlZ3Q=,rONPuKiku+O7Bh1L2gcMChgjviM=
-26,-18,OveqKouPy5st/JLLiKqQUsvlZ3Q=,rONPuKiku+O7Bh1L2gcMChgjviM=
-31,-23,OveqKouPy5st/JLLiKqQUsvlZ3Q=,rONPuKiku+O7Bh1L2gcMChgjviM=
-21,-20,OveqKouPy5st/JLLiKqQUsvlZ3Q=,byaYqf8uJ1ob/5COnqLSXEwstTw=
-30,-23,OveqKouPy5st/JLLiKqQUsvlZ3Q=,rONPuKiku+O7Bh1L2gcMChgjviM=
-29,-23,OveqKouPy5st/JLLiKqQUsvlZ3Q=,rONPuKiku+O7Bh1L2gcMChgjviM=
-19,-25,OveqKouPy5st/JLLiKqQUsvlZ3Q=,6iN4vZkYshQTFQeMQWT8qLx/KeI=
-28,-23,OveqKouPy5st/JLLiKqQUsvlZ3Q=,rONPuKiku+O7Bh1L2gcMChgjviM=
-18,-18,OveqKouPy5st/JLLiKqQUsvlZ3Q=,byaYqf8uJ1ob/5COnqLSXEwstTw=
-27,-23,OveqKouPy5st/JLLiKqQUsvlZ3Q=,rONPuKiku+O7Bh1L2gcMChgjviM=
-26,-23,OveqKouPy5st/JLLiKqQUsvlZ3Q=,rONPuKiku+O7Bh1L2gcMChgjviM=
-25,-21,OveqKouPy5st/JLLiKqQUsvlZ3Q=,rONPuKiku+O7Bh1L2gcMChgjviM=
-31,-22,OveqKouPy5st/JLLiKqQUsvlZ3Q=,rONPuKiku+O7Bh1L2gcMChgjviM=
-30,-22,OveqKouPy5st/JLLiKqQUsvlZ3Q=,rONPuKiku+O7Bh1L2gcMChgjviM=
-22,-22,OveqKouPy5st/JLLiKqQUsvlZ3Q=,byaYqf8uJ1ob/5COnqLSXEwstTw=
-29,-22,OveqKouPy5st/JLLiKqQUsvlZ3Q=,rONPuKiku+O7Bh1L2gcMChgjviM=
-18,-25,OveqKouPy5st/JLLiKqQUsvlZ3Q=,6iN4vZkYshQTFQeMQWT8qLx/KeI=
-28,-22,OveqKouPy5st/JLLiKqQUsvlZ3Q=,rONPuKiku+O7Bh1L2gcMChgjviM=
-27,-22,OveqKouPy5st/JLLiKqQUsvlZ3Q=,rONPuKiku+O7Bh1L2gcMChgjviM=
-26,-22,OveqKouPy5st/JLLiKqQUsvlZ3Q=,rONPuKiku+O7Bh1L2gcMChgjviM=
-21,-22,OveqKouPy5st/JLLiKqQUsvlZ3Q=,byaYqf8uJ1ob/5COnqLSXEwstTw=
-31,-21,OveqKouPy5st/JLLiKqQUsvlZ3Q=,rONPuKiku+O7Bh1L2gcMChgjviM=
-21,-28,OveqKouPy5st/JLLiKqQUsvlZ3Q=,6iN4vZkYshQTFQeMQWT8qLx/KeI=
-23,-24,OveqKouPy5st/JLLiKqQUsvlZ3Q=,byaYqf8uJ1ob/5COnqLSXEwstTw=
-18,-19,OveqKouPy5st/JLLiKqQUsvlZ3Q=,byaYqf8uJ1ob/5COnqLSXEwstTw=
-20,-28,OveqKouPy5st/JLLiKqQUsvlZ3Q=,6iN4vZkYshQTFQeMQWT8qLx/KeI=
-22,-21,OveqKouPy5st/JLLiKqQUsvlZ3Q=,byaYqf8uJ1ob/5COnqLSXEwstTw=
-19,-28,OveqKouPy5st/JLLiKqQUsvlZ3Q=,6iN4vZkYshQTFQeMQWT8qLx/KeI=
-20,-20,OveqKouPy5st/JLLiKqQUsvlZ3Q=,byaYqf8uJ1ob/5COnqLSXEwstTw=
-18,-28,OveqKouPy5st/JLLiKqQUsvlZ3Q=,6iN4vZkYshQTFQeMQWT8qLx/KeI=
-25,-20,OveqKouPy5st/JLLiKqQUsvlZ3Q=,rONPuKiku+O7Bh1L2gcMChgjviM=
-24,-19,JzGWD1IQYccsRJ2JqjYOHO7oDeg=,byaYqf8uJ1ob/5COnqLSXEwstTw=
-23,-27,JzGWD1IQYccsRJ2JqjYOHO7oDeg=,6iN4vZkYshQTFQeMQWT8qLx/KeI=
-23,-19,JzGWD1IQYccsRJ2JqjYOHO7oDeg=,byaYqf8uJ1ob/5COnqLSXEwstTw=
-22,-27,JzGWD1IQYccsRJ2JqjYOHO7oDeg=,6iN4vZkYshQTFQeMQWT8qLx/KeI=
-21,-27,JzGWD1IQYccsRJ2JqjYOHO7oDeg=,6iN4vZkYshQTFQeMQWT8qLx/KeI=
-22,-19,JzGWD1IQYccsRJ2JqjYOHO7oDeg=,byaYqf8uJ1ob/5COnqLSXEwstTw=
-20,-27,JzGWD1IQYccsRJ2JqjYOHO7oDeg=,6iN4vZkYshQTFQeMQWT8qLx/KeI=
-21,-23,JzGWD1IQYccsRJ2JqjYOHO7oDeg=,byaYqf8uJ1ob/5COnqLSXEwstTw=
-19,-27,JzGWD1IQYccsRJ2JqjYOHO7oDeg=,6iN4vZkYshQTFQeMQWT8qLx/KeI=
-18,-27,JzGWD1IQYccsRJ2JqjYOHO7oDeg=,6iN4vZkYshQTFQeMQWT8qLx/KeI=
-21,-19,JzGWD1IQYccsRJ2JqjYOHO7oDeg=,byaYqf8uJ1ob/5COnqLSXEwstTw=
-22,-26,JzGWD1IQYccsRJ2JqjYOHO7oDeg=,6iN4vZkYshQTFQeMQWT8qLx/KeI=
-23,-26,JzGWD1IQYccsRJ2JqjYOHO7oDeg=,6iN4vZkYshQTFQeMQWT8qLx/KeI=
-20,-26,JzGWD1IQYccsRJ2JqjYOHO7oDeg=,6iN4vZkYshQTFQeMQWT8qLx/KeI=
-20,-19,JzGWD1IQYccsRJ2JqjYOHO7oDeg=,byaYqf8uJ1ob/5COnqLSXEwstTw=
-19,-19,JzGWD1IQYccsRJ2JqjYOHO7oDeg=,byaYqf8uJ1ob/5COnqLSXEwstTw=
-21,-26,JzGWD1IQYccsRJ2JqjYOHO7oDeg=,6iN4vZkYshQTFQeMQWT8qLx/KeI=
-19,-26,JzGWD1IQYccsRJ2JqjYOHO7oDeg=,6iN4vZkYshQTFQeMQWT8qLx/KeI=
-18,-26,JzGWD1IQYccsRJ2JqjYOHO7oDeg=,6iN4vZkYshQTFQeMQWT8qLx/KeI=
-29,-27,JzGWD1IQYccsRJ2JqjYOHO7oDeg=,Vw4xvh9CmpuTgw+ZraTvXTKwlDY=
-24,-18,JzGWD1IQYccsRJ2JqjYOHO7oDeg=,byaYqf8uJ1ob/5COnqLSXEwstTw=
-24,-24,JzGWD1IQYccsRJ2JqjYOHO7oDeg=,byaYqf8uJ1ob/5COnqLSXEwstTw=
-30,-27,JzGWD1IQYccsRJ2JqjYOHO7oDeg=,Vw4xvh9CmpuTgw+ZraTvXTKwlDY=
-21,-24,JzGWD1IQYccsRJ2JqjYOHO7oDeg=,byaYqf8uJ1ob/5COnqLSXEwstTw=
-31,-27,JzGWD1IQYccsRJ2JqjYOHO7oDeg=,Vw4xvh9CmpuTgw+ZraTvXTKwlDY=
-21,-21,JzGWD1IQYccsRJ2JqjYOHO7oDeg=,byaYqf8uJ1ob/5COnqLSXEwstTw=
-23,-18,JzGWD1IQYccsRJ2JqjYOHO7oDeg=,byaYqf8uJ1ob/5COnqLSXEwstTw=
-29,-30,JzGWD1IQYccsRJ2JqjYOHO7oDeg=,Vw4xvh9CmpuTgw+ZraTvXTKwlDY=
-20,-24,JzGWD1IQYccsRJ2JqjYOHO7oDeg=,byaYqf8uJ1ob/5COnqLSXEwstTw=
-25,-19,JzGWD1IQYccsRJ2JqjYOHO7oDeg=,rONPuKiku+O7Bh1L2gcMChgjviM=
-20,-21,JzGWD1IQYccsRJ2JqjYOHO7oDeg=,byaYqf8uJ1ob/5COnqLSXEwstTw=
-28,-30,JzGWD1IQYccsRJ2JqjYOHO7oDeg=,Vw4xvh9CmpuTgw+ZraTvXTKwlDY=
-19,-24,JzGWD1IQYccsRJ2JqjYOHO7oDeg=,byaYqf8uJ1ob/5COnqLSXEwstTw=
-18,-24,JzGWD1IQYccsRJ2JqjYOHO7oDeg=,byaYqf8uJ1ob/5COnqLSXEwstTw=
-22,-18,JzGWD1IQYccsRJ2JqjYOHO7oDeg=,byaYqf8uJ1ob/5COnqLSXEwstTw=
-20,-22,JzGWD1IQYccsRJ2JqjYOHO7oDeg=,byaYqf8uJ1ob/5COnqLSXEwstTw=
-19,-22,JzGWD1IQYccsRJ2JqjYOHO7oDeg=,byaYqf8uJ1ob/5COnqLSXEwstTw=
-24,-23,JzGWD1IQYccsRJ2JqjYOHO7oDeg=,byaYqf8uJ1ob/5COnqLSXEwstTw=
-23,-23,JzGWD1IQYccsRJ2JqjYOHO7oDeg=,byaYqf8uJ1ob/5COnqLSXEwstTw=
-20,-17,JzGWD1IQYccsRJ2JqjYOHO7oDeg=,byaYqf8uJ1ob/5COnqLSXEwstTw=
-19,-21,JzGWD1IQYccsRJ2JqjYOHO7oDeg=,byaYqf8uJ1ob/5COnqLSXEwstTw=
-19,-17,JzGWD1IQYccsRJ2JqjYOHO7oDeg=,byaYqf8uJ1ob/5COnqLSXEwstTw=
-18,-22,JzGWD1IQYccsRJ2JqjYOHO7oDeg=,byaYqf8uJ1ob/5COnqLSXEwstTw=
-18,-17,JzGWD1IQYccsRJ2JqjYOHO7oDeg=,byaYqf8uJ1ob/5COnqLSXEwstTw=
-20,-23,JzGWD1IQYccsRJ2JqjYOHO7oDeg=,byaYqf8uJ1ob/5COnqLSXEwstTw=
-24,-17,JzGWD1IQYccsRJ2JqjYOHO7oDeg=,byaYqf8uJ1ob/5COnqLSXEwstTw=
-23,-17,JzGWD1IQYccsRJ2JqjYOHO7oDeg=,byaYqf8uJ1ob/5COnqLSXEwstTw=
-31,-17,JzGWD1IQYccsRJ2JqjYOHO7oDeg=,rONPuKiku+O7Bh1L2gcMChgjviM=
-19,-23,JzGWD1IQYccsRJ2JqjYOHO7oDeg=,byaYqf8uJ1ob/5COnqLSXEwstTw=
-18,-23,JzGWD1IQYccsRJ2JqjYOHO7oDeg=,byaYqf8uJ1ob/5COnqLSXEwstTw=
-22,-17,JzGWD1IQYccsRJ2JqjYOHO7oDeg=,byaYqf8uJ1ob/5COnqLSXEwstTw=
-30,-17,JzGWD1IQYccsRJ2JqjYOHO7oDeg=,rONPuKiku+O7Bh1L2gcMChgjviM=
-21,-17,JzGWD1IQYccsRJ2JqjYOHO7oDeg=,byaYqf8uJ1ob/5COnqLSXEwstTw=
-22,-23,JzGWD1IQYccsRJ2JqjYOHO7oDeg=,byaYqf8uJ1ob/5COnqLSXEwstTw=
-29,-17,JzGWD1IQYccsRJ2JqjYOHO7oDeg=,rONPuKiku+O7Bh1L2gcMChgjviM=
-28,-17,JzGWD1IQYccsRJ2JqjYOHO7oDeg=,rONPuKiku+O7Bh1L2gcMChgjviM=
-25,-18,JzGWD1IQYccsRJ2JqjYOHO7oDeg=,rONPuKiku+O7Bh1L2gcMChgjviM=
-27,-17,JzGWD1IQYccsRJ2JqjYOHO7oDeg=,rONPuKiku+O7Bh1L2gcMChgjviM=
-26,-17,JzGWD1IQYccsRJ2JqjYOHO7oDeg=,rONPuKiku+O7Bh1L2gcMChgjviM=
-25,-25,JzGWD1IQYccsRJ2JqjYOHO7oDeg=,Vw4xvh9CmpuTgw+ZraTvXTKwlDY=
-24,-21,JzGWD1IQYccsRJ2JqjYOHO7oDeg=,byaYqf8uJ1ob/5COnqLSXEwstTw=
-22,-24,JzGWD1IQYccsRJ2JqjYOHO7oDeg=,byaYqf8uJ1ob/5COnqLSXEwstTw=
-25,-17,JzGWD1IQYccsRJ2JqjYOHO7oDeg=,rONPuKiku+O7Bh1L2gcMChgjviM=
-24,-22,JzGWD1IQYccsRJ2JqjYOHO7oDeg=,byaYqf8uJ1ob/5COnqLSXEwstTw=
-18,-21,JzGWD1IQYccsRJ2JqjYOHO7oDeg=,byaYqf8uJ1ob/5COnqLSXEwstTw=
-21,-18,JzGWD1IQYccsRJ2JqjYOHO7oDeg=,byaYqf8uJ1ob/5COnqLSXEwstTw=
-31,-25,JzGWD1IQYccsRJ2JqjYOHO7oDeg=,Vw4xvh9CmpuTgw+ZraTvXTKwlDY=
-25,-24,JzGWD1IQYccsRJ2JqjYOHO7oDeg=,rONPuKiku+O7Bh1L2gcMChgjviM=
-27,-30,JzGWD1IQYccsRJ2JqjYOHO7oDeg=,Vw4xvh9CmpuTgw+ZraTvXTKwlDY=
-26,-30,JzGWD1IQYccsRJ2JqjYOHO7oDeg=,Vw4xvh9CmpuTgw+ZraTvXTKwlDY=
-24,-25,JzGWD1IQYccsRJ2JqjYOHO7oDeg=,6iN4vZkYshQTFQeMQWT8qLx/KeI=
-23,-25,JzGWD1IQYccsRJ2JqjYOHO7oDeg=,6iN4vZkYshQTFQeMQWT8qLx/KeI=
-25,-30,JzGWD1IQYccsRJ2JqjYOHO7oDeg=,Vw4xvh9CmpuTgw+ZraTvXTKwlDY=
-30,-25,JzGWD1IQYccsRJ2JqjYOHO7oDeg=,Vw4xvh9CmpuTgw+ZraTvXTKwlDY=
-23,-22,JzGWD1IQYccsRJ2JqjYOHO7oDeg=,byaYqf8uJ1ob/5COnqLSXEwstTw=
-17,-19,JzGWD1IQYccsRJ2JqjYOHO7oDeg=,byaYqf8uJ1ob/5COnqLSXEwstTw=
-24,-28,JzGWD1IQYccsRJ2JqjYOHO7oDeg=,6iN4vZkYshQTFQeMQWT8qLx/KeI=
-25,-23,JzGWD1IQYccsRJ2JqjYOHO7oDeg=,rONPuKiku+O7Bh1L2gcMChgjviM=
-31,-29,JzGWD1IQYccsRJ2JqjYOHO7oDeg=,Vw4xvh9CmpuTgw+ZraTvXTKwlDY=
-19,-20,JzGWD1IQYccsRJ2JqjYOHO7oDeg=,byaYqf8uJ1ob/5COnqLSXEwstTw=
-29,-25,JzGWD1IQYccsRJ2JqjYOHO7oDeg=,Vw4xvh9CmpuTgw+ZraTvXTKwlDY=
-30,-29,JzGWD1IQYccsRJ2JqjYOHO7oDeg=,Vw4xvh9CmpuTgw+ZraTvXTKwlDY=
-28,-25,JzGWD1IQYccsRJ2JqjYOHO7oDeg=,Vw4xvh9CmpuTgw+ZraTvXTKwlDY=
-25,-22,JzGWD1IQYccsRJ2JqjYOHO7oDeg=,rONPuKiku+O7Bh1L2gcMChgjviM=
-27,-25,JzGWD1IQYccsRJ2JqjYOHO7oDeg=,Vw4xvh9CmpuTgw+ZraTvXTKwlDY=
-26,-25,JzGWD1IQYccsRJ2JqjYOHO7oDeg=,Vw4xvh9CmpuTgw+ZraTvXTKwlDY=
-20,-18,JzGWD1IQYccsRJ2JqjYOHO7oDeg=,byaYqf8uJ1ob/5COnqLSXEwstTw=
-29,-29,JzGWD1IQYccsRJ2JqjYOHO7oDeg=,Vw4xvh9CmpuTgw+ZraTvXTKwlDY=
-22,-25,JzGWD1IQYccsRJ2JqjYOHO7oDeg=,6iN4vZkYshQTFQeMQWT8qLx/KeI=
-28,-29,JzGWD1IQYccsRJ2JqjYOHO7oDeg=,Vw4xvh9CmpuTgw+ZraTvXTKwlDY=
-24,-27,JzGWD1IQYccsRJ2JqjYOHO7oDeg=,6iN4vZkYshQTFQeMQWT8qLx/KeI=
-31,-24,JzGWD1IQYccsRJ2JqjYOHO7oDeg=,rONPuKiku+O7Bh1L2gcMChgjviM=
-23,-21,JzGWD1IQYccsRJ2JqjYOHO7oDeg=,byaYqf8uJ1ob/5COnqLSXEwstTw=
-30,-24,JzGWD1IQYccsRJ2JqjYOHO7oDeg=,rONPuKiku+O7Bh1L2gcMChgjviM=
-21,-25,JzGWD1IQYccsRJ2JqjYOHO7oDeg=,6iN4vZkYshQTFQeMQWT8qLx/KeI=
-18,-20,JzGWD1IQYccsRJ2JqjYOHO7oDeg=,byaYqf8uJ1ob/5COnqLSXEwstTw=
-29,-24,JzGWD1IQYccsRJ2JqjYOHO7oDeg=,rONPuKiku+O7Bh1L2gcMChgjviM=
-19,-18,JzGWD1IQYccsRJ2JqjYOHO7oDeg=,byaYqf8uJ1ob/5COnqLSXEwstTw=
-28,-24,JzGWD1IQYccsRJ2JqjYOHO7oDeg=,rONPuKiku+O7Bh1L2gcMChgjviM=
-27,-24,JzGWD1IQYccsRJ2JqjYOHO7oDeg=,rONPuKiku+O7Bh1L2gcMChgjviM=
-26,-24,JzGWD1IQYccsRJ2JqjYOHO7oDeg=,rONPuKiku+O7Bh1L2gcMChgjviM=
-24,-26,JzGWD1IQYccsRJ2JqjYOHO7oDeg=,6iN4vZkYshQTFQeMQWT8qLx/KeI=
-27,-29,JzGWD1IQYccsRJ2JqjYOHO7oDeg=,Vw4xvh9CmpuTgw+ZraTvXTKwlDY=
-26,-29,JzGWD1IQYccsRJ2JqjYOHO7oDeg=,Vw4xvh9CmpuTgw+ZraTvXTKwlDY=
-25,-29,JzGWD1IQYccsRJ2JqjYOHO7oDeg=,Vw4xvh9CmpuTgw+ZraTvXTKwlDY=
-31,-28,JzGWD1IQYccsRJ2JqjYOHO7oDeg=,Vw4xvh9CmpuTgw+ZraTvXTKwlDY=
-30,-28,JzGWD1IQYccsRJ2JqjYOHO7oDeg=,Vw4xvh9CmpuTgw+ZraTvXTKwlDY=
-29,-28,JzGWD1IQYccsRJ2JqjYOHO7oDeg=,Vw4xvh9CmpuTgw+ZraTvXTKwlDY=
-28,-28,JzGWD1IQYccsRJ2JqjYOHO7oDeg=,Vw4xvh9CmpuTgw+ZraTvXTKwlDY=
-27,-28,JzGWD1IQYccsRJ2JqjYOHO7oDeg=,Vw4xvh9CmpuTgw+ZraTvXTKwlDY=
-26,-28,JzGWD1IQYccsRJ2JqjYOHO7oDeg=,Vw4xvh9CmpuTgw+ZraTvXTKwlDY=
-25,-28,JzGWD1IQYccsRJ2JqjYOHO7oDeg=,Vw4xvh9CmpuTgw+ZraTvXTKwlDY=
-17,-25,JzGWD1IQYccsRJ2JqjYOHO7oDeg=,6iN4vZkYshQTFQeMQWT8qLx/KeI=
-17,-31,JzGWD1IQYccsRJ2JqjYOHO7oDeg=,6iN4vZkYshQTFQeMQWT8qLx/KeI=
-17,-30,JzGWD1IQYccsRJ2JqjYOHO7oDeg=,6iN4vZkYshQTFQeMQWT8qLx/KeI=
-17,-29,JzGWD1IQYccsRJ2JqjYOHO7oDeg=,6iN4vZkYshQTFQeMQWT8qLx/KeI=
-17,-24,JzGWD1IQYccsRJ2JqjYOHO7oDeg=,byaYqf8uJ1ob/5COnqLSXEwstTw=
-17,-28,JzGWD1IQYccsRJ2JqjYOHO7oDeg=,6iN4vZkYshQTFQeMQWT8qLx/KeI=
-17,-27,JzGWD1IQYccsRJ2JqjYOHO7oDeg=,6iN4vZkYshQTFQeMQWT8qLx/KeI=
-17,-26,JzGWD1IQYccsRJ2JqjYOHO7oDeg=,6iN4vZkYshQTFQeMQWT8qLx/KeI=
-17,-18,JzGWD1IQYccsRJ2JqjYOHO7oDeg=,byaYqf8uJ1ob/5COnqLSXEwstTw=
-17,-23,JzGWD1IQYccsRJ2JqjYOHO7oDeg=,byaYqf8uJ1ob/5COnqLSXEwstTw=
-17,-22,JzGWD1IQYccsRJ2JqjYOHO7oDeg=,byaYqf8uJ1ob/5COnqLSXEwstTw=
-23,-32,JzGWD1IQYccsRJ2JqjYOHO7oDeg=,6iN4vZkYshQTFQeMQWT8qLx/KeI=
-22,-32,JzGWD1IQYccsRJ2JqjYOHO7oDeg=,6iN4vZkYshQTFQeMQWT8qLx/KeI=
-17,-21,JzGWD1IQYccsRJ2JqjYOHO7oDeg=,byaYqf8uJ1ob/5COnqLSXEwstTw=
-21,-32,JzGWD1IQYccsRJ2JqjYOHO7oDeg=,6iN4vZkYshQTFQeMQWT8qLx/KeI=
-17,-20,JzGWD1IQYccsRJ2JqjYOHO7oDeg=,byaYqf8uJ1ob/5COnqLSXEwstTw=
-20,-32,JzGWD1IQYccsRJ2JqjYOHO7oDeg=,6iN4vZkYshQTFQeMQWT8qLx/KeI=
-19,-32,JzGWD1IQYccsRJ2JqjYOHO7oDeg=,6iN4vZkYshQTFQeMQWT8qLx/KeI=
-18,-32,JzGWD1IQYccsRJ2JqjYOHO7oDeg=,6iN4vZkYshQTFQeMQWT8qLx/KeI=
-24,-32,JzGWD1IQYccsRJ2JqjYOHO7oDeg=,6iN4vZkYshQTFQeMQWT8qLx/KeI=
-31,-32,JzGWD1IQYccsRJ2JqjYOHO7oDeg=,Vw4xvh9CmpuTgw+ZraTvXTKwlDY=
-17,-32,JzGWD1IQYccsRJ2JqjYOHO7oDeg=,6iN4vZkYshQTFQeMQWT8qLx/KeI=
-30,-32,JzGWD1IQYccsRJ2JqjYOHO7oDeg=,Vw4xvh9CmpuTgw+ZraTvXTKwlDY=
-29,-32,JzGWD1IQYccsRJ2JqjYOHO7oDeg=,Vw4xvh9CmpuTgw+ZraTvXTKwlDY=
-17,-17,JzGWD1IQYccsRJ2JqjYOHO7oDeg=,byaYqf8uJ1ob/5COnqLSXEwstTw=
-28,-32,JzGWD1IQYccsRJ2JqjYOHO7oDeg=,Vw4xvh9CmpuTgw+ZraTvXTKwlDY=
-27,-32,JzGWD1IQYccsRJ2JqjYOHO7oDeg=,Vw4xvh9CmpuTgw+ZraTvXTKwlDY=
-26,-32,JzGWD1IQYccsRJ2JqjYOHO7oDeg=,Vw4xvh9CmpuTgw+ZraTvXTKwlDY=
-32,-26,JzGWD1IQYccsRJ2JqjYOHO7oDeg=,Vw4xvh9CmpuTgw+ZraTvXTKwlDY=
-32,-32,JzGWD1IQYccsRJ2JqjYOHO7oDeg=,Vw4xvh9CmpuTgw+ZraTvXTKwlDY=
-25,-32,JzGWD1IQYccsRJ2JqjYOHO7oDeg=,Vw4xvh9CmpuTgw+ZraTvXTKwlDY=
-32,-31,JzGWD1IQYccsRJ2JqjYOHO7oDeg=,Vw4xvh9CmpuTgw+ZraTvXTKwlDY=
-32,-30,JzGWD1IQYccsRJ2JqjYOHO7oDeg=,Vw4xvh9CmpuTgw+ZraTvXTKwlDY=
-32,-29,JzGWD1IQYccsRJ2JqjYOHO7oDeg=,Vw4xvh9CmpuTgw+ZraTvXTKwlDY=
-32,-28,JzGWD1IQYccsRJ2JqjYOHO7oDeg=,Vw4xvh9CmpuTgw+ZraTvXTKwlDY=
-32,-27,JzGWD1IQYccsRJ2JqjYOHO7oDeg=,Vw4xvh9CmpuTgw+ZraTvXTKwlDY=
-32,-20,JzGWD1IQYccsRJ2JqjYOHO7oDeg=,rONPuKiku+O7Bh1L2gcMChgjviM=
-32,-21,JzGWD1IQYccsRJ2JqjYOHO7oDeg=,rONPuKiku+O7Bh1L2gcMChgjviM=
-32,-19,JzGWD1IQYccsRJ2JqjYOHO7oDeg=,rONPuKiku+O7Bh1L2gcMChgjviM=
-32,-22,JzGWD1IQYccsRJ2JqjYOHO7oDeg=,rONPuKiku+O7Bh1L2gcMChgjviM=
-32,-25,JzGWD1IQYccsRJ2JqjYOHO7oDeg=,Vw4xvh9CmpuTgw+ZraTvXTKwlDY=
-32,-23,JzGWD1IQYccsRJ2JqjYOHO7oDeg=,rONPuKiku+O7Bh1L2gcMChgjviM=
-32,-18,JzGWD1IQYccsRJ2JqjYOHO7oDeg=,rONPuKiku+O7Bh1L2gcMChgjviM=
-32,-24,JzGWD1IQYccsRJ2JqjYOHO7oDeg=,rONPuKiku+O7Bh1L2gcMChgjviM=
-32,-17,JzGWD1IQYccsRJ2JqjYOHO7oDeg=,rONPuKiku+O7Bh1L2gcMChgjviM=
-29,-5,eg2speXf8pPqvqKkhGy/C0jZvaM=,/Ax9s0PgdG+ijzhR8igLad2Pf84=
-28,-5,eg2speXf8pPqvqKkhGy/C0jZvaM=,/Ax9s0PgdG+ijzhR8igLad2Pf84=
-30,-5,eg2speXf8pPqvqKkhGy/C0jZvaM=,/Ax9s0PgdG+ijzhR8igLad2Pf84=
-27,-5,eg2speXf8pPqvqKkhGy/C0jZvaM=,/Ax9s0PgdG+ijzhR8igLad2Pf84=
-31,-5,eg2speXf8pPqvqKkhGy/C0jZvaM=,/Ax9s0PgdG+ijzhR8igLad2Pf84=
-26,-5,eg2speXf8pPqvqKkhGy/C0jZvaM=,/Ax9s0PgdG+ijzhR8igLad2Pf84=
-26,-6,eg2speXf8pPqvqKkhGy/C0jZvaM=,/Ax9s0PgdG+ijzhR8igLad2Pf84=
-27,-6,eg2speXf8pPqvqKkhGy/C0jZvaM=,/Ax9s0PgdG+ijzhR8igLad2Pf84=
-31,-4,eg2speXf8pPqvqKkhGy/C0jZvaM=,/Ax9s0PgdG+ijzhR8igLad2Pf84=
-26,-2,eg2speXf8pPqvqKkhGy/C0jZvaM=,/Ax9s0PgdG+ijzhR8igLad2Pf84=
-30,-4,eg2speXf8pPqvqKkhGy/C0jZvaM=,/Ax9s0PgdG+ijzhR8igLad2Pf84=
-29,-4,eg2speXf8pPqvqKkhGy/C0jZvaM=,/Ax9s0PgdG+ijzhR8igLad2Pf84=
-28,-4,eg2speXf8pPqvqKkhGy/C0jZvaM=,/Ax9s0PgdG+ijzhR8igLad2Pf84=
-27,-4,eg2speXf8pPqvqKkhGy/C0jZvaM=,/Ax9s0PgdG+ijzhR8igLad2Pf84=
-26,-4,eg2speXf8pPqvqKkhGy/C0jZvaM=,/Ax9s0PgdG+ijzhR8igLad2Pf84=
-31,-3,eg2speXf8pPqvqKkhGy/C0jZvaM=,/Ax9s0PgdG+ijzhR8igLad2Pf84=
-30,-3,eg2speXf8pPqvqKkhGy/C0jZvaM=,/Ax9s0PgdG+ijzhR8igLad2Pf84=
-29,-3,eg2speXf8pPqvqKkhGy/C0jZvaM=,/Ax9s0PgdG+ijzhR8igLad2Pf84=
-28,-3,eg2speXf8pPqvqKkhGy/C0jZvaM=,/Ax9s0PgdG+ijzhR8igLad2Pf84=
-27,-3,eg2speXf8pPqvqKkhGy/C0jZvaM=,/Ax9s0PgdG+ijzhR8igLad2Pf84=
-28,-6,eg2speXf8pPqvqKkhGy/C0jZvaM=,/Ax9s0PgdG+ijzhR8igLad2Pf84=
-26,-3,eg2speXf8pPqvqKkhGy/C0jZvaM=,/Ax9s0PgdG+ijzhR8igLad2Pf84=
-31,-7,eg2speXf8pPqvqKkhGy/C0jZvaM=,/Ax9s0PgdG+ijzhR8igLad2Pf84=
-27,-2,eg2speXf8pPqvqKkhGy/C0jZvaM=,/Ax9s0PgdG+ijzhR8igLad2Pf84=
-28,-2,eg2speXf8pPqvqKkhGy/C0jZvaM=,/Ax9s0PgdG+ijzhR8igLad2Pf84=
-30,-7,eg2speXf8pPqvqKkhGy/C0jZvaM=,/Ax9s0PgdG+ijzhR8igLad2Pf84=
-29,-2,eg2speXf8pPqvqKkhGy/C0jZvaM=,/Ax9s0PgdG+ijzhR8igLad2Pf84=
-31,-2,rInHUe718FY7lTIXkYUWBAMRQnQ=,/Ax9s0PgdG+ijzhR8igLad2Pf84=
-30,-2,rInHUe718FY7lTIXkYUWBAMRQnQ=,/Ax9s0PgdG+ijzhR8igLad2Pf84=
-29,-7,eg2speXf8pPqvqKkhGy/C0jZvaM=,/Ax9s0PgdG+ijzhR8igLad2Pf84=
-29,-6,rInHUe718FY7lTIXkYUWBAMRQnQ=,/Ax9s0PgdG+ijzhR8igLad2Pf84=
-28,-7,rInHUe718FY7lTIXkYUWBAMRQnQ=,/Ax9s0PgdG+ijzhR8igLad2Pf84=
-31,-6,rInHUe718FY7lTIXkYUWBAMRQnQ=,/Ax9s0PgdG+ijzhR8igLad2Pf84=
-27,-7,rInHUe718FY7lTIXkYUWBAMRQnQ=,/Ax9s0PgdG+ijzhR8igLad2Pf84=
-26,-7,rInHUe718FY7lTIXkYUWBAMRQnQ=,/Ax9s0PgdG+ijzhR8igLad2Pf84=
-30,-6,rInHUe718FY7lTIXkYUWBAMRQnQ=,/Ax9s0PgdG+ijzhR8igLad2Pf84=
-29,-11,rInHUe718FY7lTIXkYUWBAMRQnQ=,HmC9XVfJeg0vmUzJg4pQn/ZU4YU=
-30,-11,rInHUe718FY7lTIXkYUWBAMRQnQ=,HmC9XVfJeg0vmUzJg4pQn/ZU4YU=
-28,-11,rInHUe718FY7lTIXkYUWBAMRQnQ=,HmC9XVfJeg0vmUzJg4pQn/ZU4YU=
-26,-12,rInHUe718FY7lTIXkYUWBAMRQnQ=,HmC9XVfJeg0vmUzJg4pQn/ZU4YU=
-27,-11,rInHUe718FY7lTIXkYUWBAMRQnQ=,HmC9XVfJeg0vmUzJg4pQn/ZU4YU=
-31,-11,rInHUe718FY7lTIXkYUWBAMRQnQ=,HmC9XVfJeg0vmUzJg4pQn/ZU4YU=
-28,-12,rInHUe718FY7lTIXkYUWBAMRQnQ=,HmC9XVfJeg0vmUzJg4pQn/ZU4YU=
-27,-12,rInHUe718FY7lTIXkYUWBAMRQnQ=,HmC9XVfJeg0vmUzJg4pQn/ZU4YU=
-29,-12,rInHUe718FY7lTIXkYUWBAMRQnQ=,HmC9XVfJeg0vmUzJg4pQn/ZU4YU=
-26,-11,rInHUe718FY7lTIXkYUWBAMRQnQ=,HmC9XVfJeg0vmUzJg4pQn/ZU4YU=
-30,-12,rInHUe718FY7lTIXkYUWBAMRQnQ=,HmC9XVfJeg0vmUzJg4pQn/ZU4YU=
-25,-11,rInHUe718FY7lTIXkYUWBAMRQnQ=,HmC9XVfJeg0vmUzJg4pQn/ZU4YU=
-31,-10,rInHUe718FY7lTIXkYUWBAMRQnQ=,HmC9XVfJeg0vmUzJg4pQn/ZU4YU=
-31,-12,rInHUe718FY7lTIXkYUWBAMRQnQ=,HmC9XVfJeg0vmUzJg4pQn/ZU4YU=
-25,-10,rInHUe718FY7lTIXkYUWBAMRQnQ=,HmC9XVfJeg0vmUzJg4pQn/ZU4YU=
-30,-10,rInHUe718FY7lTIXkYUWBAMRQnQ=,HmC9XVfJeg0vmUzJg4pQn/ZU4YU=
-29,-10,rInHUe718FY7lTIXkYUWBAMRQnQ=,HmC9XVfJeg0vmUzJg4pQn/ZU4YU=
-24,-15,rInHUe718FY7lTIXkYUWBAMRQnQ=,qHV7pVLqqFHFRIfrVo7U+f2xEiY=
-23,-15,rInHUe718FY7lTIXkYUWBAMRQnQ=,qHV7pVLqqFHFRIfrVo7U+f2xEiY=
-28,-10,rInHUe718FY7lTIXkYUWBAMRQnQ=,HmC9XVfJeg0vmUzJg4pQn/ZU4YU=
-22,-15,rInHUe718FY7lTIXkYUWBAMRQnQ=,qHV7pVLqqFHFRIfrVo7U+f2xEiY=
-27,-10,rInHUe718FY7lTIXkYUWBAMRQnQ=,HmC9XVfJeg0vmUzJg4pQn/ZU4YU=
-26,-10,rInHUe718FY7lTIXkYUWBAMRQnQ=,HmC9XVfJeg0vmUzJg4pQn/ZU4YU=
-31,-9,rInHUe718FY7lTIXkYUWBAMRQnQ=,HmC9XVfJeg0vmUzJg4pQn/ZU4YU=
-30,-9,rInHUe718FY7lTIXkYUWBAMRQnQ=,HmC9XVfJeg0vmUzJg4pQn/ZU4YU=
-21,-15,rInHUe718FY7lTIXkYUWBAMRQnQ=,qHV7pVLqqFHFRIfrVo7U+f2xEiY=
-20,-9,rInHUe718FY7lTIXkYUWBAMRQnQ=,qHV7pVLqqFHFRIfrVo7U+f2xEiY=
-18,-3,rInHUe718FY7lTIXkYUWBAMRQnQ=,KsjRS2vrCSrVAAak5PPUu8IA1A4=
-20,-15,rInHUe718FY7lTIXkYUWBAMRQnQ=,qHV7pVLqqFHFRIfrVo7U+f2xEiY=
-19,-15,rInHUe718FY7lTIXkYUWBAMRQnQ=,qHV7pVLqqFHFRIfrVo7U+f2xEiY=
-19,-9,rInHUe718FY7lTIXkYUWBAMRQnQ=,qHV7pVLqqFHFRIfrVo7U+f2xEiY=
-18,-15,rInHUe718FY7lTIXkYUWBAMRQnQ=,qHV7pVLqqFHFRIfrVo7U+f2xEiY=
-31,-1,rInHUe718FY7lTIXkYUWBAMRQnQ=,/Ax9s0PgdG+ijzhR8igLad2Pf84=
-18,-9,rInHUe718FY7lTIXkYUWBAMRQnQ=,qHV7pVLqqFHFRIfrVo7U+f2xEiY=
-19,-2,rInHUe718FY7lTIXkYUWBAMRQnQ=,KsjRS2vrCSrVAAak5PPUu8IA1A4=
-24,-2,rInHUe718FY7lTIXkYUWBAMRQnQ=,KsjRS2vrCSrVAAak5PPUu8IA1A4=
-23,-6,rInHUe718FY7lTIXkYUWBAMRQnQ=,KsjRS2vrCSrVAAak5PPUu8IA1A4=
-30,-1,rInHUe718FY7lTIXkYUWBAMRQnQ=,/Ax9s0PgdG+ijzhR8igLad2Pf84=
-24,-14,rInHUe718FY7lTIXkYUWBAMRQnQ=,qHV7pVLqqFHFRIfrVo7U+f2xEiY=
-24,-8,rInHUe718FY7lTIXkYUWBAMRQnQ=,KsjRS2vrCSrVAAak5PPUu8IA1A4=
-29,-1,rInHUe718FY7lTIXkYUWBAMRQnQ=,/Ax9s0PgdG+ijzhR8igLad2Pf84=
-25,-12,rInHUe718FY7lTIXkYUWBAMRQnQ=,HmC9XVfJeg0vmUzJg4pQn/ZU4YU=
-28,-1,rInHUe718FY7lTIXkYUWBAMRQnQ=,/Ax9s0PgdG+ijzhR8igLad2Pf84=
-22,-6,rInHUe718FY7lTIXkYUWBAMRQnQ=,KsjRS2vrCSrVAAak5PPUu8IA1A4=
-23,-14,rInHUe718FY7lTIXkYUWBAMRQnQ=,qHV7pVLqqFHFRIfrVo7U+f2xEiY=
-20,-8,rInHUe718FY7lTIXkYUWBAMRQnQ=,KsjRS2vrCSrVAAak5PPUu8IA1A4=
-18,-10,rInHUe718FY7lTIXkYUWBAMRQnQ=,qHV7pVLqqFHFRIfrVo7U+f2xEiY=
-27,-1,rInHUe718FY7lTIXkYUWBAMRQnQ=,/Ax9s0PgdG+ijzhR8igLad2Pf84=
-19,-10,rInHUe718FY7lTIXkYUWBAMRQnQ=,qHV7pVLqqFHFRIfrVo7U+f2xEiY=
-20,-7,rInHUe718FY7lTIXkYUWBAMRQnQ=,KsjRS2vrCSrVAAak5PPUu8IA1A4=
-22,-14,rInHUe718FY7lTIXkYUWBAMRQnQ=,qHV7pVLqqFHFRIfrVo7U+f2xEiY=
-26,-1,rInHUe718FY7lTIXkYUWBAMRQnQ=,/Ax9s0PgdG+ijzhR8igLad2Pf84=
-21,-14,rInHUe718FY7lTIXkYUWBAMRQnQ=,qHV7pVLqqFHFRIfrVo7U+f2xEiY=
-20,-10,rInHUe718FY7lTIXkYUWBAMRQnQ=,qHV7pVLqqFHFRIfrVo7U+f2xEiY=
-24,-4,rInHUe718FY7lTIXkYUWBAMRQnQ=,KsjRS2vrCSrVAAak5PPUu8IA1A4=
-22,-5,rInHUe718FY7lTIXkYUWBAMRQnQ=,KsjRS2vrCSrVAAak5PPUu8IA1A4=
-21,-10,rInHUe718FY7lTIXkYUWBAMRQnQ=,qHV7pVLqqFHFRIfrVo7U+f2xEiY=
-20,-14,rInHUe718FY7lTIXkYUWBAMRQnQ=,qHV7pVLqqFHFRIfrVo7U+f2xEiY=
-22,-10,rInHUe718FY7lTIXkYUWBAMRQnQ=,qHV7pVLqqFHFRIfrVo7U+f2xEiY=
-22,-8,rInHUe718FY7lTIXkYUWBAMRQnQ=,KsjRS2vrCSrVAAak5PPUu8IA1A4=
-26,-13,rInHUe718FY7lTIXkYUWBAMRQnQ=,HmC9XVfJeg0vmUzJg4pQn/ZU4YU=
-25,-15,rInHUe718FY7lTIXkYUWBAMRQnQ=,HmC9XVfJeg0vmUzJg4pQn/ZU4YU=
-21,-5,rInHUe718FY7lTIXkYUWBAMRQnQ=,KsjRS2vrCSrVAAak5PPUu8IA1A4=
-19,-14,rInHUe718FY7lTIXkYUWBAMRQnQ=,qHV7pVLqqFHFRIfrVo7U+f2xEiY=
-25,-5,rInHUe718FY7lTIXkYUWBAMRQnQ=,/Ax9s0PgdG+ijzhR8igLad2Pf84=
-23,-10,rInHUe718FY7lTIXkYUWBAMRQnQ=,qHV7pVLqqFHFRIfrVo7U+f2xEiY=
-18,-14,rInHUe718FY7lTIXkYUWBAMRQnQ=,qHV7pVLqqFHFRIfrVo7U+f2xEiY=
-24,-13,rInHUe718FY7lTIXkYUWBAMRQnQ=,qHV7pVLqqFHFRIfrVo7U+f2xEiY=
-20,-5,rInHUe718FY7lTIXkYUWBAMRQnQ=,KsjRS2vrCSrVAAak5PPUu8IA1A4=
-23,-13,rInHUe718FY7lTIXkYUWBAMRQnQ=,qHV7pVLqqFHFRIfrVo7U+f2xEiY=
-19,-5,rInHUe718FY7lTIXkYUWBAMRQnQ=,KsjRS2vrCSrVAAak5PPUu8IA1A4=
-24,-10,rInHUe718FY7lTIXkYUWBAMRQnQ=,qHV7pVLqqFHFRIfrVo7U+f2xEiY=
-21,-6,rInHUe718FY7lTIXkYUWBAMRQnQ=,KsjRS2vrCSrVAAak5PPUu8IA1A4=
-22,-13,rInHUe718FY7lTIXkYUWBAMRQnQ=,qHV7pVLqqFHFRIfrVo7U+f2xEiY=
-21,-13,rInHUe718FY7lTIXkYUWBAMRQnQ=,qHV7pVLqqFHFRIfrVo7U+f2xEiY=
-18,-5,rInHUe718FY7lTIXkYUWBAMRQnQ=,KsjRS2vrCSrVAAak5PPUu8IA1A4=
-20,-13,rInHUe718FY7lTIXkYUWBAMRQnQ=,qHV7pVLqqFHFRIfrVo7U+f2xEiY=
-20,-6,rInHUe718FY7lTIXkYUWBAMRQnQ=,KsjRS2vrCSrVAAak5PPUu8IA1A4=
-20,-1,rInHUe718FY7lTIXkYUWBAMRQnQ=,KsjRS2vrCSrVAAak5PPUu8IA1A4=
-19,-6,rInHUe718FY7lTIXkYUWBAMRQnQ=,KsjRS2vrCSrVAAak5PPUu8IA1A4=
-18,-11,rInHUe718FY7lTIXkYUWBAMRQnQ=,qHV7pVLqqFHFRIfrVo7U+f2xEiY=
-18,-6,rInHUe718FY7lTIXkYUWBAMRQnQ=,KsjRS2vrCSrVAAak5PPUu8IA1A4=
-25,-13,rInHUe718FY7lTIXkYUWBAMRQnQ=,HmC9XVfJeg0vmUzJg4pQn/ZU4YU=
-19,-13,rInHUe718FY7lTIXkYUWBAMRQnQ=,qHV7pVLqqFHFRIfrVo7U+f2xEiY=
-18,-13,rInHUe718FY7lTIXkYUWBAMRQnQ=,qHV7pVLqqFHFRIfrVo7U+f2xEiY=
-19,-1,rInHUe718FY7lTIXkYUWBAMRQnQ=,KsjRS2vrCSrVAAak5PPUu8IA1A4=
-21,-9,rInHUe718FY7lTIXkYUWBAMRQnQ=,qHV7pVLqqFHFRIfrVo7U+f2xEiY=
-23,-8,rInHUe718FY7lTIXkYUWBAMRQnQ=,KsjRS2vrCSrVAAak5PPUu8IA1A4=
-25,-14,rInHUe718FY7lTIXkYUWBAMRQnQ=,HmC9XVfJeg0vmUzJg4pQn/ZU4YU=
-25,-1,rInHUe718FY7lTIXkYUWBAMRQnQ=,/Ax9s0PgdG+ijzhR8igLad2Pf84=
-18,-1,rInHUe718FY7lTIXkYUWBAMRQnQ=,KsjRS2vrCSrVAAak5PPUu8IA1A4=
-24,-12,rInHUe718FY7lTIXkYUWBAMRQnQ=,qHV7pVLqqFHFRIfrVo7U+f2xEiY=
-24,-5,rInHUe718FY7lTIXkYUWBAMRQnQ=,KsjRS2vrCSrVAAak5PPUu8IA1A4=
-21,-1,rInHUe718FY7lTIXkYUWBAMRQnQ=,KsjRS2vrCSrVAAak5PPUu8IA1A4=
-24,-1,rInHUe718FY7lTIXkYUWBAMRQnQ=,KsjRS2vrCSrVAAak5PPUu8IA1A4=
-27,-13,rInHUe718FY7lTIXkYUWBAMRQnQ=,HmC9XVfJeg0vmUzJg4pQn/ZU4YU=
-28,-13,rInHUe718FY7lTIXkYUWBAMRQnQ=,HmC9XVfJeg0vmUzJg4pQn/ZU4YU=
-23,-12,rInHUe718FY7lTIXkYUWBAMRQnQ=,qHV7pVLqqFHFRIfrVo7U+f2xEiY=
-23,-5,rInHUe718FY7lTIXkYUWBAMRQnQ=,KsjRS2vrCSrVAAak5PPUu8IA1A4=
-22,-12,rInHUe718FY7lTIXkYUWBAMRQnQ=,qHV7pVLqqFHFRIfrVo7U+f2xEiY=
-23,-1,rInHUe718FY7lTIXkYUWBAMRQnQ=,KsjRS2vrCSrVAAak5PPUu8IA1A4=
-21,-12,rInHUe718FY7lTIXkYUWBAMRQnQ=,qHV7pVLqqFHFRIfrVo7U+f2xEiY=
-22,-1,rInHUe718FY7lTIXkYUWBAMRQnQ=,KsjRS2vrCSrVAAak5PPUu8IA1A4=
-20,-12,rInHUe718FY7lTIXkYUWBAMRQnQ=,qHV7pVLqqFHFRIfrVo7U+f2xEiY=
-18,-12,KY5htpvE0cFtA0eMY6t+P2f6FHY=,qHV7pVLqqFHFRIfrVo7U+f2xEiY=
-19,-7,KY5htpvE0cFtA0eMY6t+P2f6FHY=,KsjRS2vrCSrVAAak5PPUu8IA1A4=
-24,-11,KY5htpvE0cFtA0eMY6t+P2f6FHY=,qHV7pVLqqFHFRIfrVo7U+f2xEiY=
-23,-11,KY5htpvE0cFtA0eMY6t+P2f6FHY=,qHV7pVLqqFHFRIfrVo7U+f2xEiY=
-24,-3,KY5htpvE0cFtA0eMY6t+P2f6FHY=,KsjRS2vrCSrVAAak5PPUu8IA1A4=
-19,-8,KY5htpvE0cFtA0eMY6t+P2f6FHY=,KsjRS2vrCSrVAAak5PPUu8IA1A4=
-19,-12,KY5htpvE0cFtA0eMY6t+P2f6FHY=,qHV7pVLqqFHFRIfrVo7U+f2xEiY=
-22,-11,KY5htpvE0cFtA0eMY6t+P2f6FHY=,qHV7pVLqqFHFRIfrVo7U+f2xEiY=
-21,-11,KY5htpvE0cFtA0eMY6t+P2f6FHY=,qHV7pVLqqFHFRIfrVo7U+f2xEiY=
-20,-11,KY5htpvE0cFtA0eMY6t+P2f6FHY=,qHV7pVLqqFHFRIfrVo7U+f2xEiY=
-19,-11,KY5htpvE0cFtA0eMY6t+P2f6FHY=,qHV7pVLqqFHFRIfrVo7U+f2xEiY=
-25,-9,KY5htpvE0cFtA0eMY6t+P2f6FHY=,HmC9XVfJeg0vmUzJg4pQn/ZU4YU=
-23,-4,KY5htpvE0cFtA0eMY6t+P2f6FHY=,KsjRS2vrCSrVAAak5PPUu8IA1A4=
-29,-13,KY5htpvE0cFtA0eMY6t+P2f6FHY=,HmC9XVfJeg0vmUzJg4pQn/ZU4YU=
-25,-4,KY5htpvE0cFtA0eMY6t+P2f6FHY=,/Ax9s0PgdG+ijzhR8igLad2Pf84=
-18,-7,KY5htpvE0cFtA0eMY6t+P2f6FHY=,KsjRS2vrCSrVAAak5PPUu8IA1A4=
-23,-3,KY5htpvE0cFtA0eMY6t+P2f6FHY=,KsjRS2vrCSrVAAak5PPUu8IA1A4=
-18,-8,KY5htpvE0cFtA0eMY6t+P2f6FHY=,KsjRS2vrCSrVAAak5PPUu8IA1A4=
-22,-4,KY5htpvE0cFtA0eMY6t+P2f6FHY=,KsjRS2vrCSrVAAak5PPUu8IA1A4=
-21,-4,KY5htpvE0cFtA0eMY6t+P2f6FHY=,KsjRS2vrCSrVAAak5PPUu8IA1A4=
-20,-4,KY5htpvE0cFtA0eMY6t+P2f6FHY=,KsjRS2vrCSrVAAak5PPUu8IA1A4=
-17,-3,KY5htpvE0cFtA0eMY6t+P2f6FHY=,KsjRS2vrCSrVAAak5PPUu8IA1A4=
-17,-5,KY5htpvE0cFtA0eMY6t+P2f6FHY=,KsjRS2vrCSrVAAak5PPUu8IA1A4=
-17,-6,KY5htpvE0cFtA0eMY6t+P2f6FHY=,KsjRS2vrCSrVAAak5PPUu8IA1A4=
-25,-8,KY5htpvE0cFtA0eMY6t+P2f6FHY=,/Ax9s0PgdG+ijzhR8igLad2Pf84=
-17,-7,KY5htpvE0cFtA0eMY6t+P2f6FHY=,KsjRS2vrCSrVAAak5PPUu8IA1A4=
-25,-3,KY5htpvE0cFtA0eMY6t+P2f6FHY=,/Ax9s0PgdG+ijzhR8igLad2Pf84=
-17,-2,KY5htpvE0cFtA0eMY6t+P2f6FHY=,KsjRS2vrCSrVAAak5PPUu8IA1A4=
-17,-4,KY5htpvE0cFtA0eMY6t+P2f6FHY=,KsjRS2vrCSrVAAak5PPUu8IA1A4=
-22,-3,KY5htpvE0cFtA0eMY6t+P2f6FHY=,KsjRS2vrCSrVAAak5PPUu8IA1A4=
-30,-13,KY5htpvE0cFtA0eMY6t+P2f6FHY=,HmC9XVfJeg0vmUzJg4pQn/ZU4YU=
-17,-9,KY5htpvE0cFtA0eMY6t+P2f6FHY=,qHV7pVLqqFHFRIfrVo7U+f2xEiY=
-17,-15,KY5htpvE0cFtA0eMY6t+P2f6FHY=,qHV7pVLqqFHFRIfrVo7U+f2xEiY=
-23,-2,KY5htpvE0cFtA0eMY6t+P2f6FHY=,KsjRS2vrCSrVAAak5PPUu8IA1A4=
-17,-8,KY5htpvE0cFtA0eMY6t+P2f6FHY=,KsjRS2vrCSrVAAak5PPUu8IA1A4=
-25,-7,KY5htpvE0cFtA0eMY6t+P2f6FHY=,/Ax9s0PgdG+ijzhR8igLad2Pf84=
-21,-3,KY5htpvE0cFtA0eMY6t+P2f6FHY=,KsjRS2vrCSrVAAak5PPUu8IA1A4=
-17,-14,KY5htpvE0cFtA0eMY6t+P2f6FHY=,qHV7pVLqqFHFRIfrVo7U+f2xEiY=
-17,-10,KY5htpvE0cFtA0eMY6t+P2f6FHY=,qHV7pVLqqFHFRIfrVo7U+f2xEiY=
-23,-16,KY5htpvE0cFtA0eMY6t+P2f6FHY=,qHV7pVLqqFHFRIfrVo7U+f2xEiY=
-17,-11,KY5htpvE0cFtA0eMY6t+P2f6FHY=,qHV7pVLqqFHFRIfrVo7U+f2xEiY=
-21,-8,KY5htpvE0cFtA0eMY6t+P2f6FHY=,KsjRS2vrCSrVAAak5PPUu8IA1A4=
-17,-13,KY5htpvE0cFtA0eMY6t+P2f6FHY=,qHV7pVLqqFHFRIfrVo7U+f2xEiY=
-22,-16,KY5htpvE0cFtA0eMY6t+P2f6FHY=,qHV7pVLqqFHFRIfrVo7U+f2xEiY=
-18,-16,KY5htpvE0cFtA0eMY6t+P2f6FHY=,qHV7pVLqqFHFRIfrVo7U+f2xEiY=
-17,-12,KY5htpvE0cFtA0eMY6t+P2f6FHY=,qHV7pVLqqFHFRIfrVo7U+f2xEiY=
-21,-16,KY5htpvE0cFtA0eMY6t+P2f6FHY=,qHV7pVLqqFHFRIfrVo7U+f2xEiY=
-18,-2,KY5htpvE0cFtA0eMY6t+P2f6FHY=,KsjRS2vrCSrVAAak5PPUu8IA1A4=
-20,-16,KY5htpvE0cFtA0eMY6t+P2f6FHY=,qHV7pVLqqFHFRIfrVo7U+f2xEiY=
-19,-4,KY5htpvE0cFtA0eMY6t+P2f6FHY=,KsjRS2vrCSrVAAak5PPUu8IA1A4=
-19,-16,KY5htpvE0cFtA0eMY6t+P2f6FHY=,qHV7pVLqqFHFRIfrVo7U+f2xEiY=
-24,-7,KY5htpvE0cFtA0eMY6t+P2f6FHY=,KsjRS2vrCSrVAAak5PPUu8IA1A4=
-21,-7,KY5htpvE0cFtA0eMY6t+P2f6FHY=,KsjRS2vrCSrVAAak5PPUu8IA1A4=
-19,-3,KY5htpvE0cFtA0eMY6t+P2f6FHY=,KsjRS2vrCSrVAAak5PPUu8IA1A4=
-22,-9,KY5htpvE0cFtA0eMY6t+P2f6FHY=,qHV7pVLqqFHFRIfrVo7U+f2xEiY=
-18,-4,KY5htpvE0cFtA0eMY6t+P2f6FHY=,KsjRS2vrCSrVAAak5PPUu8IA1A4=
-31,-13,KY5htpvE0cFtA0eMY6t+P2f6FHY=,HmC9XVfJeg0vmUzJg4pQn/ZU4YU=
-23,-7,KY5htpvE0cFtA0eMY6t+P2f6FHY=,KsjRS2vrCSrVAAak5PPUu8IA1A4=
-23,-9,KY5htpvE0cFtA0eMY6t+P2f6FHY=,qHV7pVLqqFHFRIfrVo7U+f2xEiY=
-20,-3,KY5htpvE0cFtA0eMY6t+P2f6FHY=,KsjRS2vrCSrVAAak5PPUu8IA1A4=
-22,-2,KY5htpvE0cFtA0eMY6t+P2f6FHY=,KsjRS2vrCSrVAAak5PPUu8IA1A4=
-24,-6,KY5htpvE0cFtA0eMY6t+P2f6FHY=,KsjRS2vrCSrVAAak5PPUu8IA1A4=
-24,-9,KY5htpvE0cFtA0eMY6t+P2f6FHY=,qHV7pVLqqFHFRIfrVo7U+f2xEiY=
-21,-2,KY5htpvE0cFtA0eMY6t+P2f6FHY=,KsjRS2vrCSrVAAak5PPUu8IA1A4=
-25,-6,KY5htpvE0cFtA0eMY6t+P2f6FHY=,/Ax9s0PgdG+ijzhR8igLad2Pf84=
-25,-2,KY5htpvE0cFtA0eMY6t+P2f6FHY=,/Ax9s0PgdG+ijzhR8igLad2Pf84=
-24,-16,KY5htpvE0cFtA0eMY6t+P2f6FHY=,qHV7pVLqqFHFRIfrVo7U+f2xEiY=
-22,-7,KY5htpvE0cFtA0eMY6t+P2f6FHY=,KsjRS2vrCSrVAAak5PPUu8IA1A4=
-20,-2,KY5htpvE0cFtA0eMY6t+P2f6FHY=,KsjRS2vrCSrVAAak5PPUu8IA1A4=
-32,-10,KY5htpvE0cFtA0eMY6t+P2f6FHY=,HmC9XVfJeg0vmUzJg4pQn/ZU4YU=
-32,-15,KY5htpvE0cFtA0eMY6t+P2f6FHY=,HmC9XVfJeg0vmUzJg4pQn/ZU4YU=
-31,-16,KY5htpvE0cFtA0eMY6t+P2f6FHY=,HmC9XVfJeg0vmUzJg4pQn/ZU4YU=
-30,-16,KY5htpvE0cFtA0eMY6t+P2f6FHY=,HmC9XVfJeg0vmUzJg4pQn/ZU4YU=
-32,-14,KY5htpvE0cFtA0eMY6t+P2f6FHY=,HmC9XVfJeg0vmUzJg4pQn/ZU4YU=
-29,-16,KY5htpvE0cFtA0eMY6t+P2f6FHY=,HmC9XVfJeg0vmUzJg4pQn/ZU4YU=
-32,-13,KY5htpvE0cFtA0eMY6t+P2f6FHY=,HmC9XVfJeg0vmUzJg4pQn/ZU4YU=
-28,-16,KY5htpvE0cFtA0eMY6t+P2f6FHY=,HmC9XVfJeg0vmUzJg4pQn/ZU4YU=
-32,-12,KY5htpvE0cFtA0eMY6t+P2f6FHY=,HmC9XVfJeg0vmUzJg4pQn/ZU4YU=
-27,-16,KY5htpvE0cFtA0eMY6t+P2f6FHY=,HmC9XVfJeg0vmUzJg4pQn/ZU4YU=
-26,-16,KY5htpvE0cFtA0eMY6t+P2f6FHY=,HmC9XVfJeg0vmUzJg4pQn/ZU4YU=
-32,-11,KY5htpvE0cFtA0eMY6t+P2f6FHY=,HmC9XVfJeg0vmUzJg4pQn/ZU4YU=
-25,-16,KY5htpvE0cFtA0eMY6t+P2f6FHY=,HmC9XVfJeg0vmUzJg4pQn/ZU4YU=
-17,-16,KY5htpvE0cFtA0eMY6t+P2f6FHY=,qHV7pVLqqFHFRIfrVo7U+f2xEiY=
-32,-16,KY5htpvE0cFtA0eMY6t+P2f6FHY=,HmC9XVfJeg0vmUzJg4pQn/ZU4YU=
-26,-14,KY5htpvE0cFtA0eMY6t+P2f6FHY=,HmC9XVfJeg0vmUzJg4pQn/ZU4YU=
-32,-4,KY5htpvE0cFtA0eMY6t+P2f6FHY=,/Ax9s0PgdG+ijzhR8igLad2Pf84=
-32,-5,KY5htpvE0cFtA0eMY6t+P2f6FHY=,/Ax9s0PgdG+ijzhR8igLad2Pf84=
-32,-9,KY5htpvE0cFtA0eMY6t+P2f6FHY=,HmC9XVfJeg0vmUzJg4pQn/ZU4YU=
-27,-14,KY5htpvE0cFtA0eMY6t+P2f6FHY=,HmC9XVfJeg0vmUzJg4pQn/ZU4YU=
-17,-1,KY5htpvE0cFtA0eMY6t+P2f6FHY=,KsjRS2vrCSrVAAak5PPUu8IA1A4=
-32,-8,KY5htpvE0cFtA0eMY6t+P2f6FHY=,/Ax9s0PgdG+ijzhR8igLad2Pf84=
-32,-1,KY5htpvE0cFtA0eMY6t+P2f6FHY=,/Ax9s0PgdG+ijzhR8igLad2Pf84=
-28,-14,KY5htpvE0cFtA0eMY6t+P2f6FHY=,HmC9XVfJeg0vmUzJg4pQn/ZU4YU=
-32,-3,KY5htpvE0cFtA0eMY6t+P2f6FHY=,/Ax9s0PgdG+ijzhR8igLad2Pf84=
-26,-8,KY5htpvE0cFtA0eMY6t+P2f6FHY=,/Ax9s0PgdG+ijzhR8igLad2Pf84=
-32,-7,KY5htpvE0cFtA0eMY6t+P2f6FHY=,/Ax9s0PgdG+ijzhR8igLad2Pf84=
-29,-14,KY5htpvE0cFtA0eMY6t+P2f6FHY=,HmC9XVfJeg0vmUzJg4pQn/ZU4YU=
-30,-14,KY5htpvE0cFtA0eMY6t+P2f6FHY=,HmC9XVfJeg0vmUzJg4pQn/ZU4YU=
-32,-6,KY5htpvE0cFtA0eMY6t+P2f6FHY=,/Ax9s0PgdG+ijzhR8igLad2Pf84=
-32,-2,KY5htpvE0cFtA0eMY6t+P2f6FHY=,/Ax9s0PgdG+ijzhR8igLad2Pf84=
-28,-8,KY5htpvE0cFtA0eMY6t+P2f6FHY=,/Ax9s0PgdG+ijzhR8igLad2Pf84=
-27,-8,KY5htpvE0cFtA0eMY6t+P2f6FHY=,/Ax9s0PgdG+ijzhR8igLad2Pf84=
-29,-8,KY5htpvE0cFtA0eMY6t+P2f6FHY=,/Ax9s0PgdG+ijzhR8igLad2Pf84=
-31,-14,KY5htpvE0cFtA0eMY6t+P2f6FHY=,HmC9XVfJeg0vmUzJg4pQn/ZU4YU=
-26,-15,KY5htpvE0cFtA0eMY6t+P2f6FHY=,HmC9XVfJeg0vmUzJg4pQn/ZU4YU=
-28,-15,KY5htpvE0cFtA0eMY6t+P2f6FHY=,HmC9XVfJeg0vmUzJg4pQn/ZU4YU=
-30,-8,KY5htpvE0cFtA0eMY6t+P2f6FHY=,/Ax9s0PgdG+ijzhR8igLad2Pf84=
-27,-15,KY5htpvE0cFtA0eMY6t+P2f6FHY=,HmC9XVfJeg0vmUzJg4pQn/ZU4YU=
-29,-15,KY5htpvE0cFtA0eMY6t+P2f6FHY=,HmC9XVfJeg0vmUzJg4pQn/ZU4YU=
-30,-15,KY5htpvE0cFtA0eMY6t+P2f6FHY=,HmC9XVfJeg0vmUzJg4pQn/ZU4YU=
-27,-9,KY5htpvE0cFtA0eMY6t+P2f6FHY=,HmC9XVfJeg0vmUzJg4pQn/ZU4YU=
-31,-8,KY5htpvE0cFtA0eMY6t+P2f6FHY=,/Ax9s0PgdG+ijzhR8igLad2Pf84=
-31,-15,KY5htpvE0cFtA0eMY6t+P2f6FHY=,HmC9XVfJeg0vmUzJg4pQn/ZU4YU=
-28,-9,KY5htpvE0cFtA0eMY6t+P2f6FHY=,HmC9XVfJeg0vmUzJg4pQn/ZU4YU=
-26,-9,KY5htpvE0cFtA0eMY6t+P2f6FHY=,HmC9XVfJeg0vmUzJg4pQn/ZU4YU=
-29,-9,KY5htpvE0cFtA0eMY6t+P2f6FHY=,HmC9XVfJeg0vmUzJg4pQn/ZU4YU=
