6,2,aZMpz5/GgvgKV9vl6tmF6QH6ydM=,JUaLXV0Tsu41e5xhv5BPvR1e2KA=
5,3,aZMpz5/GgvgKV9vl6tmF6QH6ydM=,JUaLXV0Tsu41e5xhv5BPvR1e2KA=
4,5,aZMpz5/GgvgKV9vl6tmF6QH6ydM=,JUaLXV0Tsu41e5xhv5BPvR1e2KA=
5,5,aZMpz5/GgvgKV9vl6tmF6QH6ydM=,JUaLXV0Tsu41e5xhv5BPvR1e2KA=
3,3,aZMpz5/GgvgKV9vl6tmF6QH6ydM=,JUaLXV0Tsu41e5xhv5BPvR1e2KA=
6,5,aZMpz5/GgvgKV9vl6tmF6QH6ydM=,JUaLXV0Tsu41e5xhv5BPvR1e2KA=
3,5,aZMpz5/GgvgKV9vl6tmF6QH6ydM=,JUaLXV0Tsu41e5xhv5BPvR1e2KA=
3,1,aZMpz5/GgvgKV9vl6tmF6QH6ydM=,JUaLXV0Tsu41e5xhv5BPvR1e2KA=
2,5,aZMpz5/GgvgKV9vl6tmF6QH6ydM=,JUaLXV0Tsu41e5xhv5BPvR1e2KA=
6,3,aZMpz5/GgvgKV9vl6tmF6QH6ydM=,JUaLXV0Tsu41e5xhv5BPvR1e2KA=
1,6,aZMpz5/GgvgKV9vl6tmF6QH6ydM=,JUaLXV0Tsu41e5xhv5BPvR1e2KA=
2,2,aZMpz5/GgvgKV9vl6tmF6QH6ydM=,JUaLXV0Tsu41e5xhv5BPvR1e2KA=
2,6,aZMpz5/GgvgKV9vl6tmF6QH6ydM=,JUaLXV0Tsu41e5xhv5BPvR1e2KA=
3,6,aZMpz5/GgvgKV9vl6tmF6QH6ydM=,JUaLXV0Tsu41e5xhv5BPvR1e2KA=
5,2,aZMpz5/GgvgKV9vl6tmF6QH6ydM=,JUaLXV0Tsu41e5xhv5BPvR1e2KA=
7,5,aZMpz5/GgvgKV9vl6tmF6QH6ydM=,JUaLXV0Tsu41e5xhv5BPvR1e2KA=
12,3,aZMpz5/GgvgKV9vl6tmF6QH6ydM=,eXIQJvQeCGZfNA1z1zsPw8vyGIo=
4,2,aZMpz5/GgvgKV9vl6tmF6QH6ydM=,JUaLXV0Tsu41e5xhv5BPvR1e2KA=
2,1,aZMpz5/GgvgKV9vl6tmF6QH6ydM=,JUaLXV0Tsu41e5xhv5BPvR1e2KA=
13,3,aZMpz5/GgvgKV9vl6tmF6QH6ydM=,eXIQJvQeCGZfNA1z1zsPw8vyGIo=
12,13,aZMpz5/GgvgKV9vl6tmF6QH6ydM=,Q+rfhVKDcA1uyh6uW29gA6Z+tHM=
12,12,aZMpz5/GgvgKV9vl6tmF6QH6ydM=,Q+rfhVKDcA1uyh6uW29gA6Z+tHM=
6,1,aZMpz5/GgvgKV9vl6tmF6QH6ydM=,JUaLXV0Tsu41e5xhv5BPvR1e2KA=
13,13,aZMpz5/GgvgKV9vl6tmF6QH6ydM=,Q+rfhVKDcA1uyh6uW29gA6Z+tHM=
12,10,aZMpz5/GgvgKV9vl6tmF6QH6ydM=,Q+rfhVKDcA1uyh6uW29gA6Z+tHM=
12,5,aZMpz5/GgvgKV9vl6tmF6QH6ydM=,eXIQJvQeCGZfNA1z1zsPw8vyGIo=
13,5,aZMpz5/GgvgKV9vl6tmF6QH6ydM=,eXIQJvQeCGZfNA1z1zsPw8vyGIo=
12,9,aZMpz5/GgvgKV9vl6tmF6QH6ydM=,Q+rfhVKDcA1uyh6uW29gA6Z+tHM=
12,2,aZMpz5/GgvgKV9vl6tmF6QH6ydM=,eXIQJvQeCGZfNA1z1zsPw8vyGIo=
14,13,aZMpz5/GgvgKV9vl6tmF6QH6ydM=,Q+rfhVKDcA1uyh6uW29gA6Z+tHM=
13,9,aZMpz5/GgvgKV9vl6tmF6QH6ydM=,Q+rfhVKDcA1uyh6uW29gA6Z+tHM=
13,2,aZMpz5/GgvgKV9vl6tmF6QH6ydM=,eXIQJvQeCGZfNA1z1zsPw8vyGIo=
2,3,aZMpz5/GgvgKV9vl6tmF6QH6ydM=,JUaLXV0Tsu41e5xhv5BPvR1e2KA=
13,10,aZMpz5/GgvgKV9vl6tmF6QH6ydM=,Q+rfhVKDcA1uyh6uW29gA6Z+tHM=
7,3,aZMpz5/GgvgKV9vl6tmF6QH6ydM=,JUaLXV0Tsu41e5xhv5BPvR1e2KA=
3,2,aZMpz5/GgvgKV9vl6tmF6QH6ydM=,JUaLXV0Tsu41e5xhv5BPvR1e2KA=
14,2,aZMpz5/GgvgKV9vl6tmF6QH6ydM=,eXIQJvQeCGZfNA1z1zsPw8vyGIo=
14,10,aZMpz5/GgvgKV9vl6tmF6QH6ydM=,Q+rfhVKDcA1uyh6uW29gA6Z+tHM=
1,3,aZMpz5/GgvgKV9vl6tmF6QH6ydM=,JUaLXV0Tsu41e5xhv5BPvR1e2KA=
9,8,aZMpz5/GgvgKV9vl6tmF6QH6ydM=,Q+rfhVKDcA1uyh6uW29gA6Z+tHM=
1,1,aZMpz5/GgvgKV9vl6tmF6QH6ydM=,JUaLXV0Tsu41e5xhv5BPvR1e2KA=
7,1,aZMpz5/GgvgKV9vl6tmF6QH6ydM=,JUaLXV0Tsu41e5xhv5BPvR1e2KA=
1,5,aZMpz5/GgvgKV9vl6tmF6QH6ydM=,JUaLXV0Tsu41e5xhv5BPvR1e2KA=
10,8,aZMpz5/GgvgKV9vl6tmF6QH6ydM=,Q+rfhVKDcA1uyh6uW29gA6Z+tHM=
8,1,aZMpz5/GgvgKV9vl6tmF6QH6ydM=,eXIQJvQeCGZfNA1z1zsPw8vyGIo=
11,8,aZMpz5/GgvgKV9vl6tmF6QH6ydM=,Q+rfhVKDcA1uyh6uW29gA6Z+tHM=
9,1,aZMpz5/GgvgKV9vl6tmF6QH6ydM=,eXIQJvQeCGZfNA1z1zsPw8vyGIo=
9,11,aZMpz5/GgvgKV9vl6tmF6QH6ydM=,Q+rfhVKDcA1uyh6uW29gA6Z+tHM=
8,3,aZMpz5/GgvgKV9vl6tmF6QH6ydM=,eXIQJvQeCGZfNA1z1zsPw8vyGIo=
10,11,aZMpz5/GgvgKV9vl6tmF6QH6ydM=,Q+rfhVKDcA1uyh6uW29gA6Z+tHM=
9,14,aZMpz5/GgvgKV9vl6tmF6QH6ydM=,Q+rfhVKDcA1uyh6uW29gA6Z+tHM=
10,1,aZMpz5/GgvgKV9vl6tmF6QH6ydM=,eXIQJvQeCGZfNA1z1zsPw8vyGIo=
14,9,aZMpz5/GgvgKV9vl6tmF6QH6ydM=,Q+rfhVKDcA1uyh6uW29gA6Z+tHM=
12,8,aZMpz5/GgvgKV9vl6tmF6QH6ydM=,Q+rfhVKDcA1uyh6uW29gA6Z+tHM=
11,11,aZMpz5/GgvgKV9vl6tmF6QH6ydM=,Q+rfhVKDcA1uyh6uW29gA6Z+tHM=
11,1,aZMpz5/GgvgKV9vl6tmF6QH6ydM=,eXIQJvQeCGZfNA1z1zsPw8vyGIo=
13,8,aZMpz5/GgvgKV9vl6tmF6QH6ydM=,Q+rfhVKDcA1uyh6uW29gA6Z+tHM=
12,1,aZMpz5/GgvgKV9vl6tmF6QH6ydM=,eXIQJvQeCGZfNA1z1zsPw8vyGIo=
14,8,W6axI6k2mt3lGTjl2O8/xCKrxfA=,Q+rfhVKDcA1uyh6uW29gA6Z+tHM=
13,12,W6axI6k2mt3lGTjl2O8/xCKrxfA=,Q+rfhVKDcA1uyh6uW29gA6Z+tHM=
10,14,W6axI6k2mt3lGTjl2O8/xCKrxfA=,Q+rfhVKDcA1uyh6uW29gA6Z+tHM=
12,6,W6axI6k2mt3lGTjl2O8/xCKrxfA=,eXIQJvQeCGZfNA1z1zsPw8vyGIo=
12,11,W6axI6k2mt3lGTjl2O8/xCKrxfA=,Q+rfhVKDcA1uyh6uW29gA6Z+tHM=
11,14,W6axI6k2mt3lGTjl2O8/xCKrxfA=,Q+rfhVKDcA1uyh6uW29gA6Z+tHM=
14,3,W6axI6k2mt3lGTjl2O8/xCKrxfA=,eXIQJvQeCGZfNA1z1zsPw8vyGIo=
12,14,W6axI6k2mt3lGTjl2O8/xCKrxfA=,Q+rfhVKDcA1uyh6uW29gA6Z+tHM=
13,6,W6axI6k2mt3lGTjl2O8/xCKrxfA=,eXIQJvQeCGZfNA1z1zsPw8vyGIo=
13,14,W6axI6k2mt3lGTjl2O8/xCKrxfA=,Q+rfhVKDcA1uyh6uW29gA6Z+tHM=
12,7,W6axI6k2mt3lGTjl2O8/xCKrxfA=,eXIQJvQeCGZfNA1z1zsPw8vyGIo=
13,7,W6axI6k2mt3lGTjl2O8/xCKrxfA=,eXIQJvQeCGZfNA1z1zsPw8vyGIo=
7,6,W6axI6k2mt3lGTjl2O8/xCKrxfA=,JUaLXV0Tsu41e5xhv5BPvR1e2KA=
13,11,W6axI6k2mt3lGTjl2O8/xCKrxfA=,Q+rfhVKDcA1uyh6uW29gA6Z+tHM=
14,11,W6axI6k2mt3lGTjl2O8/xCKrxfA=,Q+rfhVKDcA1uyh6uW29gA6Z+tHM=
13,1,W6axI6k2mt3lGTjl2O8/xCKrxfA=,eXIQJvQeCGZfNA1z1zsPw8vyGIo=
14,14,W6axI6k2mt3lGTjl2O8/xCKrxfA=,Q+rfhVKDcA1uyh6uW29gA6Z+tHM=
14,12,W6axI6k2mt3lGTjl2O8/xCKrxfA=,Q+rfhVKDcA1uyh6uW29gA6Z+tHM=
14,5,W6axI6k2mt3lGTjl2O8/xCKrxfA=,eXIQJvQeCGZfNA1z1zsPw8vyGIo=
9,9,W6axI6k2mt3lGTjl2O8/xCKrxfA=,Q+rfhVKDcA1uyh6uW29gA6Z+tHM=
14,1,W6axI6k2mt3lGTjl2O8/xCKrxfA=,eXIQJvQeCGZfNA1z1zsPw8vyGIo=
9,13,W6axI6k2mt3lGTjl2O8/xCKrxfA=,Q+rfhVKDcA1uyh6uW29gA6Z+tHM=
8,4,W6axI6k2mt3lGTjl2O8/xCKrxfA=,eXIQJvQeCGZfNA1z1zsPw8vyGIo=
14,7,W6axI6k2mt3lGTjl2O8/xCKrxfA=,eXIQJvQeCGZfNA1z1zsPw8vyGIo=
7,4,W6axI6k2mt3lGTjl2O8/xCKrxfA=,JUaLXV0Tsu41e5xhv5BPvR1e2KA=
9,7,W6axI6k2mt3lGTjl2O8/xCKrxfA=,eXIQJvQeCGZfNA1z1zsPw8vyGIo=
9,3,W6axI6k2mt3lGTjl2O8/xCKrxfA=,eXIQJvQeCGZfNA1z1zsPw8vyGIo=
9,10,W6axI6k2mt3lGTjl2O8/xCKrxfA=,Q+rfhVKDcA1uyh6uW29gA6Z+tHM=
8,2,W6axI6k2mt3lGTjl2O8/xCKrxfA=,eXIQJvQeCGZfNA1z1zsPw8vyGIo=
10,9,W6axI6k2mt3lGTjl2O8/xCKrxfA=,Q+rfhVKDcA1uyh6uW29gA6Z+tHM=
7,2,W6axI6k2mt3lGTjl2O8/xCKrxfA=,JUaLXV0Tsu41e5xhv5BPvR1e2KA=
10,13,W6axI6k2mt3lGTjl2O8/xCKrxfA=,Q+rfhVKDcA1uyh6uW29gA6Z+tHM=
14,6,W6axI6k2mt3lGTjl2O8/xCKrxfA=,eXIQJvQeCGZfNA1z1zsPw8vyGIo=
9,2,W6axI6k2mt3lGTjl2O8/xCKrxfA=,eXIQJvQeCGZfNA1z1zsPw8vyGIo=
9,12,W6axI6k2mt3lGTjl2O8/xCKrxfA=,Q+rfhVKDcA1uyh6uW29gA6Z+tHM=
10,2,W6axI6k2mt3lGTjl2O8/xCKrxfA=,eXIQJvQeCGZfNA1z1zsPw8vyGIo=
10,12,W6axI6k2mt3lGTjl2O8/xCKrxfA=,Q+rfhVKDcA1uyh6uW29gA6Z+tHM=
11,2,W6axI6k2mt3lGTjl2O8/xCKrxfA=,eXIQJvQeCGZfNA1z1zsPw8vyGIo=
9,4,W6axI6k2mt3lGTjl2O8/xCKrxfA=,eXIQJvQeCGZfNA1z1zsPw8vyGIo=
10,4,W6axI6k2mt3lGTjl2O8/xCKrxfA=,eXIQJvQeCGZfNA1z1zsPw8vyGIo=
11,4,W6axI6k2mt3lGTjl2O8/xCKrxfA=,eXIQJvQeCGZfNA1z1zsPw8vyGIo=
12,4,W6axI6k2mt3lGTjl2O8/xCKrxfA=,eXIQJvQeCGZfNA1z1zsPw8vyGIo=
10,7,W6axI6k2mt3lGTjl2O8/xCKrxfA=,eXIQJvQeCGZfNA1z1zsPw8vyGIo=
8,6,W6axI6k2mt3lGTjl2O8/xCKrxfA=,eXIQJvQeCGZfNA1z1zsPw8vyGIo=
13,4,W6axI6k2mt3lGTjl2O8/xCKrxfA=,eXIQJvQeCGZfNA1z1zsPw8vyGIo=
11,12,W6axI6k2mt3lGTjl2O8/xCKrxfA=,Q+rfhVKDcA1uyh6uW29gA6Z+tHM=
10,3,W6axI6k2mt3lGTjl2O8/xCKrxfA=,eXIQJvQeCGZfNA1z1zsPw8vyGIo=
10,10,W6axI6k2mt3lGTjl2O8/xCKrxfA=,Q+rfhVKDcA1uyh6uW29gA6Z+tHM=
9,6,W6axI6k2mt3lGTjl2O8/xCKrxfA=,eXIQJvQeCGZfNA1z1zsPw8vyGIo=
10,6,W6axI6k2mt3lGTjl2O8/xCKrxfA=,eXIQJvQeCGZfNA1z1zsPw8vyGIo=
14,4,W6axI6k2mt3lGTjl2O8/xCKrxfA=,eXIQJvQeCGZfNA1z1zsPw8vyGIo=
11,3,W6axI6k2mt3lGTjl2O8/xCKrxfA=,eXIQJvQeCGZfNA1z1zsPw8vyGIo=
11,10,W6axI6k2mt3lGTjl2O8/xCKrxfA=,Q+rfhVKDcA1uyh6uW29gA6Z+tHM=
8,5,W6axI6k2mt3lGTjl2O8/xCKrxfA=,eXIQJvQeCGZfNA1z1zsPw8vyGIo=
11,9,W6axI6k2mt3lGTjl2O8/xCKrxfA=,Q+rfhVKDcA1uyh6uW29gA6Z+tHM=
11,6,W6axI6k2mt3lGTjl2O8/xCKrxfA=,eXIQJvQeCGZfNA1z1zsPw8vyGIo=
9,5,W6axI6k2mt3lGTjl2O8/xCKrxfA=,eXIQJvQeCGZfNA1z1zsPw8vyGIo=
10,5,W6axI6k2mt3lGTjl2O8/xCKrxfA=,eXIQJvQeCGZfNA1z1zsPw8vyGIo=
4,6,W6axI6k2mt3lGTjl2O8/xCKrxfA=,JUaLXV0Tsu41e5xhv5BPvR1e2KA=
11,13,W6axI6k2mt3lGTjl2O8/xCKrxfA=,Q+rfhVKDcA1uyh6uW29gA6Z+tHM=
11,5,W6axI6k2mt3lGTjl2O8/xCKrxfA=,eXIQJvQeCGZfNA1z1zsPw8vyGIo=
1,4,W6axI6k2mt3lGTjl2O8/xCKrxfA=,JUaLXV0Tsu41e5xhv5BPvR1e2KA=
2,4,W6axI6k2mt3lGTjl2O8/xCKrxfA=,JUaLXV0Tsu41e5xhv5BPvR1e2KA=
11,7,W6axI6k2mt3lGTjl2O8/xCKrxfA=,eXIQJvQeCGZfNA1z1zsPw8vyGIo=
6,6,W6axI6k2mt3lGTjl2O8/xCKrxfA=,JUaLXV0Tsu41e5xhv5BPvR1e2KA=
5,6,W6axI6k2mt3lGTjl2O8/xCKrxfA=,JUaLXV0Tsu41e5xhv5BPvR1e2KA=
4,1,W6axI6k2mt3lGTjl2O8/xCKrxfA=,JUaLXV0Tsu41e5xhv5BPvR1e2KA=
4,3,W6axI6k2mt3lGTjl2O8/xCKrxfA=,JUaLXV0Tsu41e5xhv5BPvR1e2KA=
1,2,W6axI6k2mt3lGTjl2O8/xCKrxfA=,JUaLXV0Tsu41e5xhv5BPvR1e2KA=
3,4,W6axI6k2mt3lGTjl2O8/xCKrxfA=,JUaLXV0Tsu41e5xhv5BPvR1e2KA=
5,4,W6axI6k2mt3lGTjl2O8/xCKrxfA=,JUaLXV0Tsu41e5xhv5BPvR1e2KA=
5,1,W6axI6k2mt3lGTjl2O8/xCKrxfA=,JUaLXV0Tsu41e5xhv5BPvR1e2KA=
4,11,W6axI6k2mt3lGTjl2O8/xCKrxfA=,imw+GybUbfWChwrMX4SrEGPEHnU=
6,4,W6axI6k2mt3lGTjl2O8/xCKrxfA=,JUaLXV0Tsu41e5xhv5BPvR1e2KA=
4,4,W6axI6k2mt3lGTjl2O8/xCKrxfA=,JUaLXV0Tsu41e5xhv5BPvR1e2KA=
5,11,W6axI6k2mt3lGTjl2O8/xCKrxfA=,imw+GybUbfWChwrMX4SrEGPEHnU=
6,11,W6axI6k2mt3lGTjl2O8/xCKrxfA=,imw+GybUbfWChwrMX4SrEGPEHnU=
4,14,W6axI6k2mt3lGTjl2O8/xCKrxfA=,imw+GybUbfWChwrMX4SrEGPEHnU=
2,10,W6axI6k2mt3lGTjl2O8/xCKrxfA=,imw+GybUbfWChwrMX4SrEGPEHnU=
2,9,W6axI6k2mt3lGTjl2O8/xCKrxfA=,imw+GybUbfWChwrMX4SrEGPEHnU=
7,11,W6axI6k2mt3lGTjl2O8/xCKrxfA=,imw+GybUbfWChwrMX4SrEGPEHnU=
6,8,W6axI6k2mt3lGTjl2O8/xCKrxfA=,imw+GybUbfWChwrMX4SrEGPEHnU=
6,9,W6axI6k2mt3lGTjl2O8/xCKrxfA=,imw+GybUbfWChwrMX4SrEGPEHnU=
15,2,W6axI6k2mt3lGTjl2O8/xCKrxfA=,eXIQJvQeCGZfNA1z1zsPw8vyGIo=
7,9,W6axI6k2mt3lGTjl2O8/xCKrxfA=,imw+GybUbfWChwrMX4SrEGPEHnU=
15,3,W6axI6k2mt3lGTjl2O8/xCKrxfA=,eXIQJvQeCGZfNA1z1zsPw8vyGIo=
15,1,W6axI6k2mt3lGTjl2O8/xCKrxfA=,eXIQJvQeCGZfNA1z1zsPw8vyGIo=
15,5,W6axI6k2mt3lGTjl2O8/xCKrxfA=,eXIQJvQeCGZfNA1z1zsPw8vyGIo=
15,6,W6axI6k2mt3lGTjl2O8/xCKrxfA=,eXIQJvQeCGZfNA1z1zsPw8vyGIo=
1,12,W6axI6k2mt3lGTjl2O8/xCKrxfA=,imw+GybUbfWChwrMX4SrEGPEHnU=
15,4,W6axI6k2mt3lGTjl2O8/xCKrxfA=,eXIQJvQeCGZfNA1z1zsPw8vyGIo=
1,10,W6axI6k2mt3lGTjl2O8/xCKrxfA=,imw+GybUbfWChwrMX4SrEGPEHnU=
12,0,W6axI6k2mt3lGTjl2O8/xCKrxfA=,eXIQJvQeCGZfNA1z1zsPw8vyGIo=
2,12,W6axI6k2mt3lGTjl2O8/xCKrxfA=,imw+GybUbfWChwrMX4SrEGPEHnU=
4,10,W6axI6k2mt3lGTjl2O8/xCKrxfA=,imw+GybUbfWChwrMX4SrEGPEHnU=
13,0,W6axI6k2mt3lGTjl2O8/xCKrxfA=,eXIQJvQeCGZfNA1z1zsPw8vyGIo=
8,11,W6axI6k2mt3lGTjl2O8/xCKrxfA=,Q+rfhVKDcA1uyh6uW29gA6Z+tHM=
14,0,W6axI6k2mt3lGTjl2O8/xCKrxfA=,eXIQJvQeCGZfNA1z1zsPw8vyGIo=
3,12,W6axI6k2mt3lGTjl2O8/xCKrxfA=,imw+GybUbfWChwrMX4SrEGPEHnU=
5,10,W6axI6k2mt3lGTjl2O8/xCKrxfA=,imw+GybUbfWChwrMX4SrEGPEHnU=
8,8,W6axI6k2mt3lGTjl2O8/xCKrxfA=,Q+rfhVKDcA1uyh6uW29gA6Z+tHM=
9,0,W6axI6k2mt3lGTjl2O8/xCKrxfA=,eXIQJvQeCGZfNA1z1zsPw8vyGIo=
7,8,W6axI6k2mt3lGTjl2O8/xCKrxfA=,imw+GybUbfWChwrMX4SrEGPEHnU=
4,12,W6axI6k2mt3lGTjl2O8/xCKrxfA=,imw+GybUbfWChwrMX4SrEGPEHnU=
10,0,W6axI6k2mt3lGTjl2O8/xCKrxfA=,eXIQJvQeCGZfNA1z1zsPw8vyGIo=
5,14,W6axI6k2mt3lGTjl2O8/xCKrxfA=,imw+GybUbfWChwrMX4SrEGPEHnU=
11,0,W6axI6k2mt3lGTjl2O8/xCKrxfA=,eXIQJvQeCGZfNA1z1zsPw8vyGIo=
5,12,W6axI6k2mt3lGTjl2O8/xCKrxfA=,imw+GybUbfWChwrMX4SrEGPEHnU=
6,14,W6axI6k2mt3lGTjl2O8/xCKrxfA=,imw+GybUbfWChwrMX4SrEGPEHnU=
7,14,W6axI6k2mt3lGTjl2O8/xCKrxfA=,imw+GybUbfWChwrMX4SrEGPEHnU=
1,8,W6axI6k2mt3lGTjl2O8/xCKrxfA=,imw+GybUbfWChwrMX4SrEGPEHnU=
7,7,W6axI6k2mt3lGTjl2O8/xCKrxfA=,JUaLXV0Tsu41e5xhv5BPvR1e2KA=
8,14,W6axI6k2mt3lGTjl2O8/xCKrxfA=,Q+rfhVKDcA1uyh6uW29gA6Z+tHM=
2,11,W6axI6k2mt3lGTjl2O8/xCKrxfA=,imw+GybUbfWChwrMX4SrEGPEHnU=
6,12,W6axI6k2mt3lGTjl2O8/xCKrxfA=,imw+GybUbfWChwrMX4SrEGPEHnU=
7,0,W6axI6k2mt3lGTjl2O8/xCKrxfA=,JUaLXV0Tsu41e5xhv5BPvR1e2KA=
7,12,W6axI6k2mt3lGTjl2O8/xCKrxfA=,imw+GybUbfWChwrMX4SrEGPEHnU=
6,10,W6axI6k2mt3lGTjl2O8/xCKrxfA=,imw+GybUbfWChwrMX4SrEGPEHnU=
3,0,W6axI6k2mt3lGTjl2O8/xCKrxfA=,JUaLXV0Tsu41e5xhv5BPvR1e2KA=
3,10,W6axI6k2mt3lGTjl2O8/xCKrxfA=,imw+GybUbfWChwrMX4SrEGPEHnU=
1,0,W6axI6k2mt3lGTjl2O8/xCKrxfA=,JUaLXV0Tsu41e5xhv5BPvR1e2KA=
1,13,W6axI6k2mt3lGTjl2O8/xCKrxfA=,imw+GybUbfWChwrMX4SrEGPEHnU=
2,8,W6axI6k2mt3lGTjl2O8/xCKrxfA=,imw+GybUbfWChwrMX4SrEGPEHnU=
3,11,W6axI6k2mt3lGTjl2O8/xCKrxfA=,imw+GybUbfWChwrMX4SrEGPEHnU=
4,0,W6axI6k2mt3lGTjl2O8/xCKrxfA=,JUaLXV0Tsu41e5xhv5BPvR1e2KA=
3,8,W6axI6k2mt3lGTjl2O8/xCKrxfA=,imw+GybUbfWChwrMX4SrEGPEHnU=
2,13,W6axI6k2mt3lGTjl2O8/xCKrxfA=,imw+GybUbfWChwrMX4SrEGPEHnU=
5,0,W6axI6k2mt3lGTjl2O8/xCKrxfA=,JUaLXV0Tsu41e5xhv5BPvR1e2KA=
3,13,W6axI6k2mt3lGTjl2O8/xCKrxfA=,imw+GybUbfWChwrMX4SrEGPEHnU=
8,0,W6axI6k2mt3lGTjl2O8/xCKrxfA=,eXIQJvQeCGZfNA1z1zsPw8vyGIo=
4,13,W6axI6k2mt3lGTjl2O8/xCKrxfA=,imw+GybUbfWChwrMX4SrEGPEHnU=
7,10,W6axI6k2mt3lGTjl2O8/xCKrxfA=,imw+GybUbfWChwrMX4SrEGPEHnU=
5,13,W6axI6k2mt3lGTjl2O8/xCKrxfA=,imw+GybUbfWChwrMX4SrEGPEHnU=
6,0,W6axI6k2mt3lGTjl2O8/xCKrxfA=,JUaLXV0Tsu41e5xhv5BPvR1e2KA=
1,7,W6axI6k2mt3lGTjl2O8/xCKrxfA=,JUaLXV0Tsu41e5xhv5BPvR1e2KA=
2,0,W6axI6k2mt3lGTjl2O8/xCKrxfA=,JUaLXV0Tsu41e5xhv5BPvR1e2KA=
6,13,W6axI6k2mt3lGTjl2O8/xCKrxfA=,imw+GybUbfWChwrMX4SrEGPEHnU=
7,13,W6axI6k2mt3lGTjl2O8/xCKrxfA=,imw+GybUbfWChwrMX4SrEGPEHnU=
2,7,W6axI6k2mt3lGTjl2O8/xCKrxfA=,JUaLXV0Tsu41e5xhv5BPvR1e2KA=
1,9,W6axI6k2mt3lGTjl2O8/xCKrxfA=,imw+GybUbfWChwrMX4SrEGPEHnU=
8,9,W6axI6k2mt3lGTjl2O8/xCKrxfA=,Q+rfhVKDcA1uyh6uW29gA6Z+tHM=
4,8,W6axI6k2mt3lGTjl2O8/xCKrxfA=,imw+GybUbfWChwrMX4SrEGPEHnU=
3,7,W6axI6k2mt3lGTjl2O8/xCKrxfA=,JUaLXV0Tsu41e5xhv5BPvR1e2KA=
8,7,W6axI6k2mt3lGTjl2O8/xCKrxfA=,eXIQJvQeCGZfNA1z1zsPw8vyGIo=
8,13,W6axI6k2mt3lGTjl2O8/xCKrxfA=,Q+rfhVKDcA1uyh6uW29gA6Z+tHM=
4,7,W6axI6k2mt3lGTjl2O8/xCKrxfA=,JUaLXV0Tsu41e5xhv5BPvR1e2KA=
8,12,W6axI6k2mt3lGTjl2O8/xCKrxfA=,Q+rfhVKDcA1uyh6uW29gA6Z+tHM=
3,9,W6axI6k2mt3lGTjl2O8/xCKrxfA=,imw+GybUbfWChwrMX4SrEGPEHnU=
8,10,W6axI6k2mt3lGTjl2O8/xCKrxfA=,Q+rfhVKDcA1uyh6uW29gA6Z+tHM=
1,11,W6axI6k2mt3lGTjl2O8/xCKrxfA=,imw+GybUbfWChwrMX4SrEGPEHnU=
5,7,W6axI6k2mt3lGTjl2O8/xCKrxfA=,JUaLXV0Tsu41e5xhv5BPvR1e2KA=
1,14,W6axI6k2mt3lGTjl2O8/xCKrxfA=,imw+GybUbfWChwrMX4SrEGPEHnU=
6,7,W6axI6k2mt3lGTjl2O8/xCKrxfA=,JUaLXV0Tsu41e5xhv5BPvR1e2KA=
2,14,W6axI6k2mt3lGTjl2O8/xCKrxfA=,imw+GybUbfWChwrMX4SrEGPEHnU=
3,14,W6axI6k2mt3lGTjl2O8/xCKrxfA=,imw+GybUbfWChwrMX4SrEGPEHnU=
15,10,W6axI6k2mt3lGTjl2O8/xCKrxfA=,Q+rfhVKDcA1uyh6uW29gA6Z+tHM=
5,8,W6axI6k2mt3lGTjl2O8/xCKrxfA=,imw+GybUbfWChwrMX4SrEGPEHnU=
15,13,W6axI6k2mt3lGTjl2O8/xCKrxfA=,Q+rfhVKDcA1uyh6uW29gA6Z+tHM=
15,9,W6axI6k2mt3lGTjl2O8/xCKrxfA=,Q+rfhVKDcA1uyh6uW29gA6Z+tHM=
4,9,W6axI6k2mt3lGTjl2O8/xCKrxfA=,imw+GybUbfWChwrMX4SrEGPEHnU=
15,8,W6axI6k2mt3lGTjl2O8/xCKrxfA=,Q+rfhVKDcA1uyh6uW29gA6Z+tHM=
15,14,W6axI6k2mt3lGTjl2O8/xCKrxfA=,Q+rfhVKDcA1uyh6uW29gA6Z+tHM=
15,12,W6axI6k2mt3lGTjl2O8/xCKrxfA=,Q+rfhVKDcA1uyh6uW29gA6Z+tHM=
5,9,W6axI6k2mt3lGTjl2O8/xCKrxfA=,imw+GybUbfWChwrMX4SrEGPEHnU=
15,11,W6axI6k2mt3lGTjl2O8/xCKrxfA=,Q+rfhVKDcA1uyh6uW29gA6Z+tHM=
15,7,W6axI6k2mt3lGTjl2O8/xCKrxfA=,eXIQJvQeCGZfNA1z1zsPw8vyGIo=
12,15,W6axI6k2mt3lGTjl2O8/xCKrxfA=,Q+rfhVKDcA1uyh6uW29gA6Z+tHM=
13,15,W6axI6k2mt3lGTjl2O8/xCKrxfA=,Q+rfhVKDcA1uyh6uW29gA6Z+tHM=
14,15,W6axI6k2mt3lGTjl2O8/xCKrxfA=,Q+rfhVKDcA1uyh6uW29gA6Z+tHM=
9,15,W6axI6k2mt3lGTjl2O8/xCKrxfA=,Q+rfhVKDcA1uyh6uW29gA6Z+tHM=
4,15,W6axI6k2mt3lGTjl2O8/xCKrxfA=,imw+GybUbfWChwrMX4SrEGPEHnU=
5,15,W6axI6k2mt3lGTjl2O8/xCKrxfA=,imw+GybUbfWChwrMX4SrEGPEHnU=
10,15,W6axI6k2mt3lGTjl2O8/xCKrxfA=,Q+rfhVKDcA1uyh6uW29gA6Z+tHM=
6,15,W6axI6k2mt3lGTjl2O8/xCKrxfA=,imw+GybUbfWChwrMX4SrEGPEHnU=
11,15,W6axI6k2mt3lGTjl2O8/xCKrxfA=,Q+rfhVKDcA1uyh6uW29gA6Z+tHM=
7,15,W6axI6k2mt3lGTjl2O8/xCKrxfA=,imw+GybUbfWChwrMX4SrEGPEHnU=
1,15,W6axI6k2mt3lGTjl2O8/xCKrxfA=,imw+GybUbfWChwrMX4SrEGPEHnU=
0,6,W6axI6k2mt3lGTjl2O8/xCKrxfA=,JUaLXV0Tsu41e5xhv5BPvR1e2KA=
2,15,W6axI6k2mt3lGTjl2O8/xCKrxfA=,imw+GybUbfWChwrMX4SrEGPEHnU=
0,4,W6axI6k2mt3lGTjl2O8/xCKrxfA=,JUaLXV0Tsu41e5xhv5BPvR1e2KA=
3,15,W6axI6k2mt3lGTjl2O8/xCKrxfA=,imw+GybUbfWChwrMX4SrEGPEHnU=
8,15,W6axI6k2mt3lGTjl2O8/xCKrxfA=,Q+rfhVKDcA1uyh6uW29gA6Z+tHM=
0,2,W6axI6k2mt3lGTjl2O8/xCKrxfA=,JUaLXV0Tsu41e5xhv5BPvR1e2KA=
0,0,W6axI6k2mt3lGTjl2O8/xCKrxfA=,JUaLXV0Tsu41e5xhv5BPvR1e2KA=
15,15,W6axI6k2mt3lGTjl2O8/xCKrxfA=,Q+rfhVKDcA1uyh6uW29gA6Z+tHM=
15,0,W6axI6k2mt3lGTjl2O8/xCKrxfA=,eXIQJvQeCGZfNA1z1zsPw8vyGIo=
0,5,W6axI6k2mt3lGTjl2O8/xCKrxfA=,JUaLXV0Tsu41e5xhv5BPvR1e2KA=
0,3,W6axI6k2mt3lGTjl2O8/xCKrxfA=,JUaLXV0Tsu41e5xhv5BPvR1e2KA=
0,11,W6axI6k2mt3lGTjl2O8/xCKrxfA=,imw+GybUbfWChwrMX4SrEGPEHnU=
0,10,W6axI6k2mt3lGTjl2O8/xCKrxfA=,imw+GybUbfWChwrMX4SrEGPEHnU=
0,12,W6axI6k2mt3lGTjl2O8/xCKrxfA=,imw+GybUbfWChwrMX4SrEGPEHnU=
0,8,W6axI6k2mt3lGTjl2O8/xCKrxfA=,imw+GybUbfWChwrMX4SrEGPEHnU=
0,14,W6axI6k2mt3lGTjl2O8/xCKrxfA=,imw+GybUbfWChwrMX4SrEGPEHnU=
0,7,W6axI6k2mt3lGTjl2O8/xCKrxfA=,JUaLXV0Tsu41e5xhv5BPvR1e2KA=
0,15,W6axI6k2mt3lGTjl2O8/xCKrxfA=,imw+GybUbfWChwrMX4SrEGPEHnU=
0,9,W6axI6k2mt3lGTjl2O8/xCKrxfA=,imw+GybUbfWChwrMX4SrEGPEHnU=
0,13,W6axI6k2mt3lGTjl2O8/xCKrxfA=,imw+GybUbfWChwrMX4SrEGPEHnU=
0,1,W6axI6k2mt3lGTjl2O8/xCKrxfA=,JUaLXV0Tsu41e5xhv5BPvR1e2KA=
12,29,IFtAbGy+JT7WNsrXaJpF2shMcNE=,bViUINd8+fChV37If3t1mgt/vnQ=
13,29,IFtAbGy+JT7WNsrXaJpF2shMcNE=,bViUINd8+fChV37If3t1mgt/vnQ=
14,29,IFtAbGy+JT7WNsrXaJpF2shMcNE=,bViUINd8+fChV37If3t1mgt/vnQ=
9,30,IFtAbGy+JT7WNsrXaJpF2shMcNE=,bViUINd8+fChV37If3t1mgt/vnQ=
10,30,IFtAbGy+JT7WNsrXaJpF2shMcNE=,bViUINd8+fChV37If3t1mgt/vnQ=
11,30,IFtAbGy+JT7WNsrXaJpF2shMcNE=,bViUINd8+fChV37If3t1mgt/vnQ=
11,29,IFtAbGy+JT7WNsrXaJpF2shMcNE=,bViUINd8+fChV37If3t1mgt/vnQ=
12,30,IFtAbGy+JT7WNsrXaJpF2shMcNE=,bViUINd8+fChV37If3t1mgt/vnQ=
9,25,IFtAbGy+JT7WNsrXaJpF2shMcNE=,bViUINd8+fChV37If3t1mgt/vnQ=
10,25,IFtAbGy+JT7WNsrXaJpF2shMcNE=,bViUINd8+fChV37If3t1mgt/vnQ=
11,25,IFtAbGy+JT7WNsrXaJpF2shMcNE=,bViUINd8+fChV37If3t1mgt/vnQ=
13,30,IFtAbGy+JT7WNsrXaJpF2shMcNE=,bViUINd8+fChV37If3t1mgt/vnQ=
14,30,IFtAbGy+JT7WNsrXaJpF2shMcNE=,bViUINd8+fChV37If3t1mgt/vnQ=
12,25,IFtAbGy+JT7WNsrXaJpF2shMcNE=,bViUINd8+fChV37If3t1mgt/vnQ=
13,25,IFtAbGy+JT7WNsrXaJpF2shMcNE=,bViUINd8+fChV37If3t1mgt/vnQ=
14,25,IFtAbGy+JT7WNsrXaJpF2shMcNE=,bViUINd8+fChV37If3t1mgt/vnQ=
9,26,IFtAbGy+JT7WNsrXaJpF2shMcNE=,bViUINd8+fChV37If3t1mgt/vnQ=
10,26,OQB5gHSTAeq8CgcMI2Sk6bfqlB0=,bViUINd8+fChV37If3t1mgt/vnQ=
11,26,OQB5gHSTAeq8CgcMI2Sk6bfqlB0=,bViUINd8+fChV37If3t1mgt/vnQ=
12,26,OQB5gHSTAeq8CgcMI2Sk6bfqlB0=,bViUINd8+fChV37If3t1mgt/vnQ=
13,26,OQB5gHSTAeq8CgcMI2Sk6bfqlB0=,bViUINd8+fChV37If3t1mgt/vnQ=
6,21,OQB5gHSTAeq8CgcMI2Sk6bfqlB0=,S0E5UFQR2v9UMMXSmuRYHEZaIR8=
14,26,OQB5gHSTAeq8CgcMI2Sk6bfqlB0=,bViUINd8+fChV37If3t1mgt/vnQ=
2,18,OQB5gHSTAeq8CgcMI2Sk6bfqlB0=,S0E5UFQR2v9UMMXSmuRYHEZaIR8=
9,27,OQB5gHSTAeq8CgcMI2Sk6bfqlB0=,bViUINd8+fChV37If3t1mgt/vnQ=
3,18,OQB5gHSTAeq8CgcMI2Sk6bfqlB0=,S0E5UFQR2v9UMMXSmuRYHEZaIR8=
10,27,OQB5gHSTAeq8CgcMI2Sk6bfqlB0=,bViUINd8+fChV37If3t1mgt/vnQ=
4,18,OQB5gHSTAeq8CgcMI2Sk6bfqlB0=,S0E5UFQR2v9UMMXSmuRYHEZaIR8=
11,27,OQB5gHSTAeq8CgcMI2Sk6bfqlB0=,bViUINd8+fChV37If3t1mgt/vnQ=
5,18,OQB5gHSTAeq8CgcMI2Sk6bfqlB0=,S0E5UFQR2v9UMMXSmuRYHEZaIR8=
12,27,OQB5gHSTAeq8CgcMI2Sk6bfqlB0=,bViUINd8+fChV37If3t1mgt/vnQ=
6,22,OQB5gHSTAeq8CgcMI2Sk6bfqlB0=,S0E5UFQR2v9UMMXSmuRYHEZaIR8=
13,27,OQB5gHSTAeq8CgcMI2Sk6bfqlB0=,bViUINd8+fChV37If3t1mgt/vnQ=
4,17,OQB5gHSTAeq8CgcMI2Sk6bfqlB0=,S0E5UFQR2v9UMMXSmuRYHEZaIR8=
14,27,OQB5gHSTAeq8CgcMI2Sk6bfqlB0=,bViUINd8+fChV37If3t1mgt/vnQ=
5,17,OQB5gHSTAeq8CgcMI2Sk6bfqlB0=,S0E5UFQR2v9UMMXSmuRYHEZaIR8=
9,28,OQB5gHSTAeq8CgcMI2Sk6bfqlB0=,bViUINd8+fChV37If3t1mgt/vnQ=
6,17,OQB5gHSTAeq8CgcMI2Sk6bfqlB0=,S0E5UFQR2v9UMMXSmuRYHEZaIR8=
10,28,OQB5gHSTAeq8CgcMI2Sk6bfqlB0=,bViUINd8+fChV37If3t1mgt/vnQ=
1,20,OQB5gHSTAeq8CgcMI2Sk6bfqlB0=,S0E5UFQR2v9UMMXSmuRYHEZaIR8=
11,28,OQB5gHSTAeq8CgcMI2Sk6bfqlB0=,bViUINd8+fChV37If3t1mgt/vnQ=
1,21,OQB5gHSTAeq8CgcMI2Sk6bfqlB0=,S0E5UFQR2v9UMMXSmuRYHEZaIR8=
12,28,OQB5gHSTAeq8CgcMI2Sk6bfqlB0=,bViUINd8+fChV37If3t1mgt/vnQ=
2,19,OQB5gHSTAeq8CgcMI2Sk6bfqlB0=,S0E5UFQR2v9UMMXSmuRYHEZaIR8=
13,28,OQB5gHSTAeq8CgcMI2Sk6bfqlB0=,bViUINd8+fChV37If3t1mgt/vnQ=
2,21,OQB5gHSTAeq8CgcMI2Sk6bfqlB0=,S0E5UFQR2v9UMMXSmuRYHEZaIR8=
2,20,OQB5gHSTAeq8CgcMI2Sk6bfqlB0=,S0E5UFQR2v9UMMXSmuRYHEZaIR8=
14,28,OQB5gHSTAeq8CgcMI2Sk6bfqlB0=,bViUINd8+fChV37If3t1mgt/vnQ=
1,17,OQB5gHSTAeq8CgcMI2Sk6bfqlB0=,S0E5UFQR2v9UMMXSmuRYHEZaIR8=
9,29,OQB5gHSTAeq8CgcMI2Sk6bfqlB0=,bViUINd8+fChV37If3t1mgt/vnQ=
1,22,OQB5gHSTAeq8CgcMI2Sk6bfqlB0=,S0E5UFQR2v9UMMXSmuRYHEZaIR8=
10,29,OQB5gHSTAeq8CgcMI2Sk6bfqlB0=,bViUINd8+fChV37If3t1mgt/vnQ=
3,19,OQB5gHSTAeq8CgcMI2Sk6bfqlB0=,S0E5UFQR2v9UMMXSmuRYHEZaIR8=
2,17,OQB5gHSTAeq8CgcMI2Sk6bfqlB0=,S0E5UFQR2v9UMMXSmuRYHEZaIR8=
7,21,OQB5gHSTAeq8CgcMI2Sk6bfqlB0=,S0E5UFQR2v9UMMXSmuRYHEZaIR8=
4,19,OQB5gHSTAeq8CgcMI2Sk6bfqlB0=,S0E5UFQR2v9UMMXSmuRYHEZaIR8=
9,24,OQB5gHSTAeq8CgcMI2Sk6bfqlB0=,bViUINd8+fChV37If3t1mgt/vnQ=
3,21,OQB5gHSTAeq8CgcMI2Sk6bfqlB0=,S0E5UFQR2v9UMMXSmuRYHEZaIR8=
10,24,OQB5gHSTAeq8CgcMI2Sk6bfqlB0=,bViUINd8+fChV37If3t1mgt/vnQ=
2,22,OQB5gHSTAeq8CgcMI2Sk6bfqlB0=,S0E5UFQR2v9UMMXSmuRYHEZaIR8=
11,24,OQB5gHSTAeq8CgcMI2Sk6bfqlB0=,bViUINd8+fChV37If3t1mgt/vnQ=
6,18,OQB5gHSTAeq8CgcMI2Sk6bfqlB0=,S0E5UFQR2v9UMMXSmuRYHEZaIR8=
12,24,OQB5gHSTAeq8CgcMI2Sk6bfqlB0=,bViUINd8+fChV37If3t1mgt/vnQ=
3,17,OQB5gHSTAeq8CgcMI2Sk6bfqlB0=,S0E5UFQR2v9UMMXSmuRYHEZaIR8=
13,24,OQB5gHSTAeq8CgcMI2Sk6bfqlB0=,bViUINd8+fChV37If3t1mgt/vnQ=
3,20,OQB5gHSTAeq8CgcMI2Sk6bfqlB0=,S0E5UFQR2v9UMMXSmuRYHEZaIR8=
12,19,OQB5gHSTAeq8CgcMI2Sk6bfqlB0=,LuuAtkwyUX1FgzCZi+2mLCUXnOg=
4,20,OQB5gHSTAeq8CgcMI2Sk6bfqlB0=,S0E5UFQR2v9UMMXSmuRYHEZaIR8=
14,24,OQB5gHSTAeq8CgcMI2Sk6bfqlB0=,bViUINd8+fChV37If3t1mgt/vnQ=
4,21,OQB5gHSTAeq8CgcMI2Sk6bfqlB0=,S0E5UFQR2v9UMMXSmuRYHEZaIR8=
7,22,OQB5gHSTAeq8CgcMI2Sk6bfqlB0=,S0E5UFQR2v9UMMXSmuRYHEZaIR8=
3,22,OQB5gHSTAeq8CgcMI2Sk6bfqlB0=,S0E5UFQR2v9UMMXSmuRYHEZaIR8=
13,19,OQB5gHSTAeq8CgcMI2Sk6bfqlB0=,LuuAtkwyUX1FgzCZi+2mLCUXnOg=
5,20,OQB5gHSTAeq8CgcMI2Sk6bfqlB0=,S0E5UFQR2v9UMMXSmuRYHEZaIR8=
14,19,OQB5gHSTAeq8CgcMI2Sk6bfqlB0=,LuuAtkwyUX1FgzCZi+2mLCUXnOg=
6,20,OQB5gHSTAeq8CgcMI2Sk6bfqlB0=,S0E5UFQR2v9UMMXSmuRYHEZaIR8=
8,20,OQB5gHSTAeq8CgcMI2Sk6bfqlB0=,LuuAtkwyUX1FgzCZi+2mLCUXnOg=
4,22,OQB5gHSTAeq8CgcMI2Sk6bfqlB0=,S0E5UFQR2v9UMMXSmuRYHEZaIR8=
9,20,OQB5gHSTAeq8CgcMI2Sk6bfqlB0=,LuuAtkwyUX1FgzCZi+2mLCUXnOg=
1,19,OQB5gHSTAeq8CgcMI2Sk6bfqlB0=,S0E5UFQR2v9UMMXSmuRYHEZaIR8=
10,20,OQB5gHSTAeq8CgcMI2Sk6bfqlB0=,LuuAtkwyUX1FgzCZi+2mLCUXnOg=
5,22,OQB5gHSTAeq8CgcMI2Sk6bfqlB0=,S0E5UFQR2v9UMMXSmuRYHEZaIR8=
11,20,OQB5gHSTAeq8CgcMI2Sk6bfqlB0=,LuuAtkwyUX1FgzCZi+2mLCUXnOg=
5,21,OQB5gHSTAeq8CgcMI2Sk6bfqlB0=,S0E5UFQR2v9UMMXSmuRYHEZaIR8=
12,20,OQB5gHSTAeq8CgcMI2Sk6bfqlB0=,LuuAtkwyUX1FgzCZi+2mLCUXnOg=
5,19,OQB5gHSTAeq8CgcMI2Sk6bfqlB0=,S0E5UFQR2v9UMMXSmuRYHEZaIR8=
13,20,OQB5gHSTAeq8CgcMI2Sk6bfqlB0=,LuuAtkwyUX1FgzCZi+2mLCUXnOg=
1,18,OQB5gHSTAeq8CgcMI2Sk6bfqlB0=,S0E5UFQR2v9UMMXSmuRYHEZaIR8=
6,19,OQB5gHSTAeq8CgcMI2Sk6bfqlB0=,S0E5UFQR2v9UMMXSmuRYHEZaIR8=
14,20,OQB5gHSTAeq8CgcMI2Sk6bfqlB0=,LuuAtkwyUX1FgzCZi+2mLCUXnOg=
8,21,OQB5gHSTAeq8CgcMI2Sk6bfqlB0=,LuuAtkwyUX1FgzCZi+2mLCUXnOg=
9,21,OQB5gHSTAeq8CgcMI2Sk6bfqlB0=,LuuAtkwyUX1FgzCZi+2mLCUXnOg=
7,17,OQB5gHSTAeq8CgcMI2Sk6bfqlB0=,S0E5UFQR2v9UMMXSmuRYHEZaIR8=
4,23,OQB5gHSTAeq8CgcMI2Sk6bfqlB0=,S0E5UFQR2v9UMMXSmuRYHEZaIR8=
10,21,OQB5gHSTAeq8CgcMI2Sk6bfqlB0=,LuuAtkwyUX1FgzCZi+2mLCUXnOg=
5,23,OQB5gHSTAeq8CgcMI2Sk6bfqlB0=,S0E5UFQR2v9UMMXSmuRYHEZaIR8=
11,21,OQB5gHSTAeq8CgcMI2Sk6bfqlB0=,LuuAtkwyUX1FgzCZi+2mLCUXnOg=
8,30,OQB5gHSTAeq8CgcMI2Sk6bfqlB0=,bViUINd8+fChV37If3t1mgt/vnQ=
12,21,OQB5gHSTAeq8CgcMI2Sk6bfqlB0=,LuuAtkwyUX1FgzCZi+2mLCUXnOg=
8,24,OQB5gHSTAeq8CgcMI2Sk6bfqlB0=,bViUINd8+fChV37If3t1mgt/vnQ=
13,21,OQB5gHSTAeq8CgcMI2Sk6bfqlB0=,LuuAtkwyUX1FgzCZi+2mLCUXnOg=
6,23,OQB5gHSTAeq8CgcMI2Sk6bfqlB0=,S0E5UFQR2v9UMMXSmuRYHEZaIR8=
14,21,OQB5gHSTAeq8CgcMI2Sk6bfqlB0=,LuuAtkwyUX1FgzCZi+2mLCUXnOg=
7,23,OQB5gHSTAeq8CgcMI2Sk6bfqlB0=,S0E5UFQR2v9UMMXSmuRYHEZaIR8=
8,22,OQB5gHSTAeq8CgcMI2Sk6bfqlB0=,LuuAtkwyUX1FgzCZi+2mLCUXnOg=
1,24,OQB5gHSTAeq8CgcMI2Sk6bfqlB0=,gTFHDZmOIuXPCVcY1Xe4VfNR1+A=
9,22,OQB5gHSTAeq8CgcMI2Sk6bfqlB0=,LuuAtkwyUX1FgzCZi+2mLCUXnOg=
2,24,OQB5gHSTAeq8CgcMI2Sk6bfqlB0=,gTFHDZmOIuXPCVcY1Xe4VfNR1+A=
10,22,OQB5gHSTAeq8CgcMI2Sk6bfqlB0=,LuuAtkwyUX1FgzCZi+2mLCUXnOg=
8,25,OQB5gHSTAeq8CgcMI2Sk6bfqlB0=,bViUINd8+fChV37If3t1mgt/vnQ=
11,22,OQB5gHSTAeq8CgcMI2Sk6bfqlB0=,LuuAtkwyUX1FgzCZi+2mLCUXnOg=
3,24,OQB5gHSTAeq8CgcMI2Sk6bfqlB0=,gTFHDZmOIuXPCVcY1Xe4VfNR1+A=
7,18,OQB5gHSTAeq8CgcMI2Sk6bfqlB0=,S0E5UFQR2v9UMMXSmuRYHEZaIR8=
4,24,OQB5gHSTAeq8CgcMI2Sk6bfqlB0=,gTFHDZmOIuXPCVcY1Xe4VfNR1+A=
5,24,OQB5gHSTAeq8CgcMI2Sk6bfqlB0=,gTFHDZmOIuXPCVcY1Xe4VfNR1+A=
8,17,OQB5gHSTAeq8CgcMI2Sk6bfqlB0=,LuuAtkwyUX1FgzCZi+2mLCUXnOg=
9,17,OQB5gHSTAeq8CgcMI2Sk6bfqlB0=,LuuAtkwyUX1FgzCZi+2mLCUXnOg=
6,24,OQB5gHSTAeq8CgcMI2Sk6bfqlB0=,gTFHDZmOIuXPCVcY1Xe4VfNR1+A=
10,17,OQB5gHSTAeq8CgcMI2Sk6bfqlB0=,LuuAtkwyUX1FgzCZi+2mLCUXnOg=
7,24,OQB5gHSTAeq8CgcMI2Sk6bfqlB0=,gTFHDZmOIuXPCVcY1Xe4VfNR1+A=
1,25,OQB5gHSTAeq8CgcMI2Sk6bfqlB0=,gTFHDZmOIuXPCVcY1Xe4VfNR1+A=
12,22,OQB5gHSTAeq8CgcMI2Sk6bfqlB0=,LuuAtkwyUX1FgzCZi+2mLCUXnOg=
2,25,OQB5gHSTAeq8CgcMI2Sk6bfqlB0=,gTFHDZmOIuXPCVcY1Xe4VfNR1+A=
13,22,OQB5gHSTAeq8CgcMI2Sk6bfqlB0=,LuuAtkwyUX1FgzCZi+2mLCUXnOg=
3,25,OQB5gHSTAeq8CgcMI2Sk6bfqlB0=,gTFHDZmOIuXPCVcY1Xe4VfNR1+A=
11,17,OQB5gHSTAeq8CgcMI2Sk6bfqlB0=,LuuAtkwyUX1FgzCZi+2mLCUXnOg=
4,25,OQB5gHSTAeq8CgcMI2Sk6bfqlB0=,gTFHDZmOIuXPCVcY1Xe4VfNR1+A=
14,22,OQB5gHSTAeq8CgcMI2Sk6bfqlB0=,LuuAtkwyUX1FgzCZi+2mLCUXnOg=
5,25,OQB5gHSTAeq8CgcMI2Sk6bfqlB0=,gTFHDZmOIuXPCVcY1Xe4VfNR1+A=
12,17,OQB5gHSTAeq8CgcMI2Sk6bfqlB0=,LuuAtkwyUX1FgzCZi+2mLCUXnOg=
6,25,OQB5gHSTAeq8CgcMI2Sk6bfqlB0=,gTFHDZmOIuXPCVcY1Xe4VfNR1+A=
9,23,OQB5gHSTAeq8CgcMI2Sk6bfqlB0=,LuuAtkwyUX1FgzCZi+2mLCUXnOg=
7,25,OQB5gHSTAeq8CgcMI2Sk6bfqlB0=,gTFHDZmOIuXPCVcY1Xe4VfNR1+A=
13,17,OQB5gHSTAeq8CgcMI2Sk6bfqlB0=,LuuAtkwyUX1FgzCZi+2mLCUXnOg=
1,26,OQB5gHSTAeq8CgcMI2Sk6bfqlB0=,gTFHDZmOIuXPCVcY1Xe4VfNR1+A=
14,17,OQB5gHSTAeq8CgcMI2Sk6bfqlB0=,LuuAtkwyUX1FgzCZi+2mLCUXnOg=
8,26,OQB5gHSTAeq8CgcMI2Sk6bfqlB0=,bViUINd8+fChV37If3t1mgt/vnQ=
10,23,OQB5gHSTAeq8CgcMI2Sk6bfqlB0=,LuuAtkwyUX1FgzCZi+2mLCUXnOg=
2,26,OQB5gHSTAeq8CgcMI2Sk6bfqlB0=,gTFHDZmOIuXPCVcY1Xe4VfNR1+A=
8,18,OQB5gHSTAeq8CgcMI2Sk6bfqlB0=,LuuAtkwyUX1FgzCZi+2mLCUXnOg=
3,26,OQB5gHSTAeq8CgcMI2Sk6bfqlB0=,gTFHDZmOIuXPCVcY1Xe4VfNR1+A=
11,23,OQB5gHSTAeq8CgcMI2Sk6bfqlB0=,LuuAtkwyUX1FgzCZi+2mLCUXnOg=
4,26,OQB5gHSTAeq8CgcMI2Sk6bfqlB0=,gTFHDZmOIuXPCVcY1Xe4VfNR1+A=
7,20,OQB5gHSTAeq8CgcMI2Sk6bfqlB0=,S0E5UFQR2v9UMMXSmuRYHEZaIR8=
5,26,OQB5gHSTAeq8CgcMI2Sk6bfqlB0=,gTFHDZmOIuXPCVcY1Xe4VfNR1+A=
9,18,OQB5gHSTAeq8CgcMI2Sk6bfqlB0=,LuuAtkwyUX1FgzCZi+2mLCUXnOg=
6,26,OQB5gHSTAeq8CgcMI2Sk6bfqlB0=,gTFHDZmOIuXPCVcY1Xe4VfNR1+A=
10,18,OQB5gHSTAeq8CgcMI2Sk6bfqlB0=,LuuAtkwyUX1FgzCZi+2mLCUXnOg=
7,26,OQB5gHSTAeq8CgcMI2Sk6bfqlB0=,gTFHDZmOIuXPCVcY1Xe4VfNR1+A=
12,23,OQB5gHSTAeq8CgcMI2Sk6bfqlB0=,LuuAtkwyUX1FgzCZi+2mLCUXnOg=
1,27,OQB5gHSTAeq8CgcMI2Sk6bfqlB0=,gTFHDZmOIuXPCVcY1Xe4VfNR1+A=
11,18,OQB5gHSTAeq8CgcMI2Sk6bfqlB0=,LuuAtkwyUX1FgzCZi+2mLCUXnOg=
2,27,OQB5gHSTAeq8CgcMI2Sk6bfqlB0=,gTFHDZmOIuXPCVcY1Xe4VfNR1+A=
13,23,OQB5gHSTAeq8CgcMI2Sk6bfqlB0=,LuuAtkwyUX1FgzCZi+2mLCUXnOg=
3,27,OQB5gHSTAeq8CgcMI2Sk6bfqlB0=,gTFHDZmOIuXPCVcY1Xe4VfNR1+A=
14,23,OQB5gHSTAeq8CgcMI2Sk6bfqlB0=,LuuAtkwyUX1FgzCZi+2mLCUXnOg=
4,27,OQB5gHSTAeq8CgcMI2Sk6bfqlB0=,gTFHDZmOIuXPCVcY1Xe4VfNR1+A=
12,18,OQB5gHSTAeq8CgcMI2Sk6bfqlB0=,LuuAtkwyUX1FgzCZi+2mLCUXnOg=
5,27,OQB5gHSTAeq8CgcMI2Sk6bfqlB0=,gTFHDZmOIuXPCVcY1Xe4VfNR1+A=
7,19,OQB5gHSTAeq8CgcMI2Sk6bfqlB0=,S0E5UFQR2v9UMMXSmuRYHEZaIR8=
6,27,OQB5gHSTAeq8CgcMI2Sk6bfqlB0=,gTFHDZmOIuXPCVcY1Xe4VfNR1+A=
13,18,OQB5gHSTAeq8CgcMI2Sk6bfqlB0=,LuuAtkwyUX1FgzCZi+2mLCUXnOg=
7,27,OQB5gHSTAeq8CgcMI2Sk6bfqlB0=,gTFHDZmOIuXPCVcY1Xe4VfNR1+A=
14,18,OQB5gHSTAeq8CgcMI2Sk6bfqlB0=,LuuAtkwyUX1FgzCZi+2mLCUXnOg=
8,27,OQB5gHSTAeq8CgcMI2Sk6bfqlB0=,bViUINd8+fChV37If3t1mgt/vnQ=
8,19,OQB5gHSTAeq8CgcMI2Sk6bfqlB0=,LuuAtkwyUX1FgzCZi+2mLCUXnOg=
1,28,OQB5gHSTAeq8CgcMI2Sk6bfqlB0=,gTFHDZmOIuXPCVcY1Xe4VfNR1+A=
9,19,OQB5gHSTAeq8CgcMI2Sk6bfqlB0=,LuuAtkwyUX1FgzCZi+2mLCUXnOg=
2,28,OQB5gHSTAeq8CgcMI2Sk6bfqlB0=,gTFHDZmOIuXPCVcY1Xe4VfNR1+A=
10,19,OQB5gHSTAeq8CgcMI2Sk6bfqlB0=,LuuAtkwyUX1FgzCZi+2mLCUXnOg=
3,28,OQB5gHSTAeq8CgcMI2Sk6bfqlB0=,gTFHDZmOIuXPCVcY1Xe4VfNR1+A=
11,19,OQB5gHSTAeq8CgcMI2Sk6bfqlB0=,LuuAtkwyUX1FgzCZi+2mLCUXnOg=
4,28,OQB5gHSTAeq8CgcMI2Sk6bfqlB0=,gTFHDZmOIuXPCVcY1Xe4VfNR1+A=
5,28,OQB5gHSTAeq8CgcMI2Sk6bfqlB0=,gTFHDZmOIuXPCVcY1Xe4VfNR1+A=
6,28,OQB5gHSTAeq8CgcMI2Sk6bfqlB0=,gTFHDZmOIuXPCVcY1Xe4VfNR1+A=
7,28,OQB5gHSTAeq8CgcMI2Sk6bfqlB0=,gTFHDZmOIuXPCVcY1Xe4VfNR1+A=
8,28,OQB5gHSTAeq8CgcMI2Sk6bfqlB0=,bViUINd8+fChV37If3t1mgt/vnQ=
1,29,OQB5gHSTAeq8CgcMI2Sk6bfqlB0=,gTFHDZmOIuXPCVcY1Xe4VfNR1+A=
2,29,OQB5gHSTAeq8CgcMI2Sk6bfqlB0=,gTFHDZmOIuXPCVcY1Xe4VfNR1+A=
3,29,OQB5gHSTAeq8CgcMI2Sk6bfqlB0=,gTFHDZmOIuXPCVcY1Xe4VfNR1+A=
4,29,OQB5gHSTAeq8CgcMI2Sk6bfqlB0=,gTFHDZmOIuXPCVcY1Xe4VfNR1+A=
5,29,OQB5gHSTAeq8CgcMI2Sk6bfqlB0=,gTFHDZmOIuXPCVcY1Xe4VfNR1+A=
6,29,OQB5gHSTAeq8CgcMI2Sk6bfqlB0=,gTFHDZmOIuXPCVcY1Xe4VfNR1+A=
1,23,OQB5gHSTAeq8CgcMI2Sk6bfqlB0=,S0E5UFQR2v9UMMXSmuRYHEZaIR8=
7,29,OQB5gHSTAeq8CgcMI2Sk6bfqlB0=,gTFHDZmOIuXPCVcY1Xe4VfNR1+A=
8,23,OQB5gHSTAeq8CgcMI2Sk6bfqlB0=,LuuAtkwyUX1FgzCZi+2mLCUXnOg=
1,30,OQB5gHSTAeq8CgcMI2Sk6bfqlB0=,gTFHDZmOIuXPCVcY1Xe4VfNR1+A=
2,30,OQB5gHSTAeq8CgcMI2Sk6bfqlB0=,gTFHDZmOIuXPCVcY1Xe4VfNR1+A=
3,30,OQB5gHSTAeq8CgcMI2Sk6bfqlB0=,gTFHDZmOIuXPCVcY1Xe4VfNR1+A=
2,23,OQB5gHSTAeq8CgcMI2Sk6bfqlB0=,S0E5UFQR2v9UMMXSmuRYHEZaIR8=
4,30,OQB5gHSTAeq8CgcMI2Sk6bfqlB0=,gTFHDZmOIuXPCVcY1Xe4VfNR1+A=
5,30,OQB5gHSTAeq8CgcMI2Sk6bfqlB0=,gTFHDZmOIuXPCVcY1Xe4VfNR1+A=
6,30,OQB5gHSTAeq8CgcMI2Sk6bfqlB0=,gTFHDZmOIuXPCVcY1Xe4VfNR1+A=
7,30,OQB5gHSTAeq8CgcMI2Sk6bfqlB0=,gTFHDZmOIuXPCVcY1Xe4VfNR1+A=
8,29,OQB5gHSTAeq8CgcMI2Sk6bfqlB0=,bViUINd8+fChV37If3t1mgt/vnQ=
3,23,OQB5gHSTAeq8CgcMI2Sk6bfqlB0=,S0E5UFQR2v9UMMXSmuRYHEZaIR8=
15,29,OQB5gHSTAeq8CgcMI2Sk6bfqlB0=,bViUINd8+fChV37If3t1mgt/vnQ=
15,25,OQB5gHSTAeq8CgcMI2Sk6bfqlB0=,bViUINd8+fChV37If3t1mgt/vnQ=
15,24,OQB5gHSTAeq8CgcMI2Sk6bfqlB0=,bViUINd8+fChV37If3t1mgt/vnQ=
15,19,OQB5gHSTAeq8CgcMI2Sk6bfqlB0=,LuuAtkwyUX1FgzCZi+2mLCUXnOg=
15,30,OQB5gHSTAeq8CgcMI2Sk6bfqlB0=,bViUINd8+fChV37If3t1mgt/vnQ=
15,26,OQB5gHSTAeq8CgcMI2Sk6bfqlB0=,bViUINd8+fChV37If3t1mgt/vnQ=
15,20,OQB5gHSTAeq8CgcMI2Sk6bfqlB0=,LuuAtkwyUX1FgzCZi+2mLCUXnOg=
15,27,OQB5gHSTAeq8CgcMI2Sk6bfqlB0=,bViUINd8+fChV37If3t1mgt/vnQ=
15,21,OQB5gHSTAeq8CgcMI2Sk6bfqlB0=,LuuAtkwyUX1FgzCZi+2mLCUXnOg=
15,22,OQB5gHSTAeq8CgcMI2Sk6bfqlB0=,LuuAtkwyUX1FgzCZi+2mLCUXnOg=
15,28,OQB5gHSTAeq8CgcMI2Sk6bfqlB0=,bViUINd8+fChV37If3t1mgt/vnQ=
15,17,OQB5gHSTAeq8CgcMI2Sk6bfqlB0=,LuuAtkwyUX1FgzCZi+2mLCUXnOg=
15,23,OQB5gHSTAeq8CgcMI2Sk6bfqlB0=,LuuAtkwyUX1FgzCZi+2mLCUXnOg=
15,18,OQB5gHSTAeq8CgcMI2Sk6bfqlB0=,LuuAtkwyUX1FgzCZi+2mLCUXnOg=
4,31,OQB5gHSTAeq8CgcMI2Sk6bfqlB0=,gTFHDZmOIuXPCVcY1Xe4VfNR1+A=
7,31,OQB5gHSTAeq8CgcMI2Sk6bfqlB0=,gTFHDZmOIuXPCVcY1Xe4VfNR1+A=
8,31,OQB5gHSTAeq8CgcMI2Sk6bfqlB0=,bViUINd8+fChV37If3t1mgt/vnQ=
9,31,OQB5gHSTAeq8CgcMI2Sk6bfqlB0=,bViUINd8+fChV37If3t1mgt/vnQ=
10,31,OQB5gHSTAeq8CgcMI2Sk6bfqlB0=,bViUINd8+fChV37If3t1mgt/vnQ=
11,31,OQB5gHSTAeq8CgcMI2Sk6bfqlB0=,bViUINd8+fChV37If3t1mgt/vnQ=
12,31,OQB5gHSTAeq8CgcMI2Sk6bfqlB0=,bViUINd8+fChV37If3t1mgt/vnQ=
13,31,OQB5gHSTAeq8CgcMI2Sk6bfqlB0=,bViUINd8+fChV37If3t1mgt/vnQ=
14,31,OQB5gHSTAeq8CgcMI2Sk6bfqlB0=,bViUINd8+fChV37If3t1mgt/vnQ=
5,31,OQB5gHSTAeq8CgcMI2Sk6bfqlB0=,gTFHDZmOIuXPCVcY1Xe4VfNR1+A=
6,31,OQB5gHSTAeq8CgcMI2Sk6bfqlB0=,gTFHDZmOIuXPCVcY1Xe4VfNR1+A=
1,31,OQB5gHSTAeq8CgcMI2Sk6bfqlB0=,gTFHDZmOIuXPCVcY1Xe4VfNR1+A=
2,31,OQB5gHSTAeq8CgcMI2Sk6bfqlB0=,gTFHDZmOIuXPCVcY1Xe4VfNR1+A=
3,31,OQB5gHSTAeq8CgcMI2Sk6bfqlB0=,gTFHDZmOIuXPCVcY1Xe4VfNR1+A=
0,25,OQB5gHSTAeq8CgcMI2Sk6bfqlB0=,gTFHDZmOIuXPCVcY1Xe4VfNR1+A=
0,26,OQB5gHSTAeq8CgcMI2Sk6bfqlB0=,gTFHDZmOIuXPCVcY1Xe4VfNR1+A=
0,24,OQB5gHSTAeq8CgcMI2Sk6bfqlB0=,gTFHDZmOIuXPCVcY1Xe4VfNR1+A=
0,27,OQB5gHSTAeq8CgcMI2Sk6bfqlB0=,gTFHDZmOIuXPCVcY1Xe4VfNR1+A=
0,20,OQB5gHSTAeq8CgcMI2Sk6bfqlB0=,S0E5UFQR2v9UMMXSmuRYHEZaIR8=
0,28,OQB5gHSTAeq8CgcMI2Sk6bfqlB0=,gTFHDZmOIuXPCVcY1Xe4VfNR1+A=
0,23,OQB5gHSTAeq8CgcMI2Sk6bfqlB0=,S0E5UFQR2v9UMMXSmuRYHEZaIR8=
0,29,OQB5gHSTAeq8CgcMI2Sk6bfqlB0=,gTFHDZmOIuXPCVcY1Xe4VfNR1+A=
0,21,OQB5gHSTAeq8CgcMI2Sk6bfqlB0=,S0E5UFQR2v9UMMXSmuRYHEZaIR8=
0,30,OQB5gHSTAeq8CgcMI2Sk6bfqlB0=,gTFHDZmOIuXPCVcY1Xe4VfNR1+A=
0,17,OQB5gHSTAeq8CgcMI2Sk6bfqlB0=,S0E5UFQR2v9UMMXSmuRYHEZaIR8=
0,31,OQB5gHSTAeq8CgcMI2Sk6bfqlB0=,gTFHDZmOIuXPCVcY1Xe4VfNR1+A=
0,22,OQB5gHSTAeq8CgcMI2Sk6bfqlB0=,S0E5UFQR2v9UMMXSmuRYHEZaIR8=
0,19,OQB5gHSTAeq8CgcMI2Sk6bfqlB0=,S0E5UFQR2v9UMMXSmuRYHEZaIR8=
9,16,OQB5gHSTAeq8CgcMI2Sk6bfqlB0=,LuuAtkwyUX1FgzCZi+2mLCUXnOg=
0,18,OQB5gHSTAeq8CgcMI2Sk6bfqlB0=,S0E5UFQR2v9UMMXSmuRYHEZaIR8=
10,16,OQB5gHSTAeq8CgcMI2Sk6bfqlB0=,LuuAtkwyUX1FgzCZi+2mLCUXnOg=
15,16,OQB5gHSTAeq8CgcMI2Sk6bfqlB0=,LuuAtkwyUX1FgzCZi+2mLCUXnOg=
11,16,OQB5gHSTAeq8CgcMI2Sk6bfqlB0=,LuuAtkwyUX1FgzCZi+2mLCUXnOg=
15,31,OQB5gHSTAeq8CgcMI2Sk6bfqlB0=,bViUINd8+fChV37If3t1mgt/vnQ=
12,16,OQB5gHSTAeq8CgcMI2Sk6bfqlB0=,LuuAtkwyUX1FgzCZi+2mLCUXnOg=
4,16,OQB5gHSTAeq8CgcMI2Sk6bfqlB0=,S0E5UFQR2v9UMMXSmuRYHEZaIR8=
13,16,OQB5gHSTAeq8CgcMI2Sk6bfqlB0=,LuuAtkwyUX1FgzCZi+2mLCUXnOg=
5,16,OQB5gHSTAeq8CgcMI2Sk6bfqlB0=,S0E5UFQR2v9UMMXSmuRYHEZaIR8=
14,16,OQB5gHSTAeq8CgcMI2Sk6bfqlB0=,LuuAtkwyUX1FgzCZi+2mLCUXnOg=
6,16,OQB5gHSTAeq8CgcMI2Sk6bfqlB0=,S0E5UFQR2v9UMMXSmuRYHEZaIR8=
3,16,OQB5gHSTAeq8CgcMI2Sk6bfqlB0=,S0E5UFQR2v9UMMXSmuRYHEZaIR8=
0,16,OQB5gHSTAeq8CgcMI2Sk6bfqlB0=,S0E5UFQR2v9UMMXSmuRYHEZaIR8=
1,16,OQB5gHSTAeq8CgcMI2Sk6bfqlB0=,S0E5UFQR2v9UMMXSmuRYHEZaIR8=
7,16,OQB5gHSTAeq8CgcMI2Sk6bfqlB0=,S0E5UFQR2v9UMMXSmuRYHEZaIR8=
8,16,OQB5gHSTAeq8CgcMI2Sk6bfqlB0=,LuuAtkwyUX1FgzCZi+2mLCUXnOg=
2,16,OQB5gHSTAeq8CgcMI2Sk6bfqlB0=,S0E5UFQR2v9UMMXSmuRYHEZaIR8=
21,22,1nMb0RtU1EXFvMdGYqfhLnDFf50=,M13pnFuAejxx6IJv7cZBKu1vWtw=
22,21,1nMb0RtU1EXFvMdGYqfhLnDFf50=,M13pnFuAejxx6IJv7cZBKu1vWtw=
18,18,1nMb0RtU1EXFvMdGYqfhLnDFf50=,M13pnFuAejxx6IJv7cZBKu1vWtw=
19,17,1nMb0RtU1EXFvMdGYqfhLnDFf50=,M13pnFuAejxx6IJv7cZBKu1vWtw=
19,18,1nMb0RtU1EXFvMdGYqfhLnDFf50=,M13pnFuAejxx6IJv7cZBKu1vWtw=
20,18,1nMb0RtU1EXFvMdGYqfhLnDFf50=,M13pnFuAejxx6IJv7cZBKu1vWtw=
17,18,1nMb0RtU1EXFvMdGYqfhLnDFf50=,M13pnFuAejxx6IJv7cZBKu1vWtw=
21,18,1nMb0RtU1EXFvMdGYqfhLnDFf50=,M13pnFuAejxx6IJv7cZBKu1vWtw=
20,22,1nMb0RtU1EXFvMdGYqfhLnDFf50=,M13pnFuAejxx6IJv7cZBKu1vWtw=
18,19,1nMb0RtU1EXFvMdGYqfhLnDFf50=,M13pnFuAejxx6IJv7cZBKu1vWtw=
17,20,1nMb0RtU1EXFvMdGYqfhLnDFf50=,M13pnFuAejxx6IJv7cZBKu1vWtw=
22,18,1nMb0RtU1EXFvMdGYqfhLnDFf50=,M13pnFuAejxx6IJv7cZBKu1vWtw=
19,19,1nMb0RtU1EXFvMdGYqfhLnDFf50=,M13pnFuAejxx6IJv7cZBKu1vWtw=
20,19,1nMb0RtU1EXFvMdGYqfhLnDFf50=,M13pnFuAejxx6IJv7cZBKu1vWtw=
21,19,1nMb0RtU1EXFvMdGYqfhLnDFf50=,M13pnFuAejxx6IJv7cZBKu1vWtw=
20,17,1nMb0RtU1EXFvMdGYqfhLnDFf50=,M13pnFuAejxx6IJv7cZBKu1vWtw=
22,19,1nMb0RtU1EXFvMdGYqfhLnDFf50=,M13pnFuAejxx6IJv7cZBKu1vWtw=
17,19,1nMb0RtU1EXFvMdGYqfhLnDFf50=,M13pnFuAejxx6IJv7cZBKu1vWtw=
18,20,1nMb0RtU1EXFvMdGYqfhLnDFf50=,M13pnFuAejxx6IJv7cZBKu1vWtw=
23,21,1nMb0RtU1EXFvMdGYqfhLnDFf50=,M13pnFuAejxx6IJv7cZBKu1vWtw=
17,21,1nMb0RtU1EXFvMdGYqfhLnDFf50=,M13pnFuAejxx6IJv7cZBKu1vWtw=
19,20,1nMb0RtU1EXFvMdGYqfhLnDFf50=,M13pnFuAejxx6IJv7cZBKu1vWtw=
28,19,1nMb0RtU1EXFvMdGYqfhLnDFf50=,S7gKTfmzwwY/zK1/aixw1fb7fAo=
20,20,1nMb0RtU1EXFvMdGYqfhLnDFf50=,M13pnFuAejxx6IJv7cZBKu1vWtw=
29,19,1nMb0RtU1EXFvMdGYqfhLnDFf50=,S7gKTfmzwwY/zK1/aixw1fb7fAo=
21,20,1nMb0RtU1EXFvMdGYqfhLnDFf50=,M13pnFuAejxx6IJv7cZBKu1vWtw=
18,21,1nMb0RtU1EXFvMdGYqfhLnDFf50=,M13pnFuAejxx6IJv7cZBKu1vWtw=
30,19,1nMb0RtU1EXFvMdGYqfhLnDFf50=,S7gKTfmzwwY/zK1/aixw1fb7fAo=
22,20,1nMb0RtU1EXFvMdGYqfhLnDFf50=,M13pnFuAejxx6IJv7cZBKu1vWtw=
24,20,1nMb0RtU1EXFvMdGYqfhLnDFf50=,S7gKTfmzwwY/zK1/aixw1fb7fAo=
19,21,1nMb0RtU1EXFvMdGYqfhLnDFf50=,M13pnFuAejxx6IJv7cZBKu1vWtw=
25,20,1nMb0RtU1EXFvMdGYqfhLnDFf50=,S7gKTfmzwwY/zK1/aixw1fb7fAo=
17,17,1nMb0RtU1EXFvMdGYqfhLnDFf50=,M13pnFuAejxx6IJv7cZBKu1vWtw=
26,20,1nMb0RtU1EXFvMdGYqfhLnDFf50=,S7gKTfmzwwY/zK1/aixw1fb7fAo=
21,17,1nMb0RtU1EXFvMdGYqfhLnDFf50=,M13pnFuAejxx6IJv7cZBKu1vWtw=
27,20,1nMb0RtU1EXFvMdGYqfhLnDFf50=,S7gKTfmzwwY/zK1/aixw1fb7fAo=
20,21,1nMb0RtU1EXFvMdGYqfhLnDFf50=,M13pnFuAejxx6IJv7cZBKu1vWtw=
28,20,1nMb0RtU1EXFvMdGYqfhLnDFf50=,S7gKTfmzwwY/zK1/aixw1fb7fAo=
22,22,1nMb0RtU1EXFvMdGYqfhLnDFf50=,M13pnFuAejxx6IJv7cZBKu1vWtw=
29,20,1nMb0RtU1EXFvMdGYqfhLnDFf50=,S7gKTfmzwwY/zK1/aixw1fb7fAo=
22,17,1nMb0RtU1EXFvMdGYqfhLnDFf50=,M13pnFuAejxx6IJv7cZBKu1vWtw=
30,20,1nMb0RtU1EXFvMdGYqfhLnDFf50=,S7gKTfmzwwY/zK1/aixw1fb7fAo=
18,17,1nMb0RtU1EXFvMdGYqfhLnDFf50=,M13pnFuAejxx6IJv7cZBKu1vWtw=
24,21,1nMb0RtU1EXFvMdGYqfhLnDFf50=,S7gKTfmzwwY/zK1/aixw1fb7fAo=
21,21,1nMb0RtU1EXFvMdGYqfhLnDFf50=,M13pnFuAejxx6IJv7cZBKu1vWtw=
23,18,1nMb0RtU1EXFvMdGYqfhLnDFf50=,M13pnFuAejxx6IJv7cZBKu1vWtw=
17,22,1nMb0RtU1EXFvMdGYqfhLnDFf50=,M13pnFuAejxx6IJv7cZBKu1vWtw=
25,21,1nMb0RtU1EXFvMdGYqfhLnDFf50=,S7gKTfmzwwY/zK1/aixw1fb7fAo=
18,22,1nMb0RtU1EXFvMdGYqfhLnDFf50=,M13pnFuAejxx6IJv7cZBKu1vWtw=
26,21,1nMb0RtU1EXFvMdGYqfhLnDFf50=,S7gKTfmzwwY/zK1/aixw1fb7fAo=
19,22,1nMb0RtU1EXFvMdGYqfhLnDFf50=,M13pnFuAejxx6IJv7cZBKu1vWtw=
27,21,1nMb0RtU1EXFvMdGYqfhLnDFf50=,S7gKTfmzwwY/zK1/aixw1fb7fAo=
20,23,1nMb0RtU1EXFvMdGYqfhLnDFf50=,M13pnFuAejxx6IJv7cZBKu1vWtw=
21,23,1nMb0RtU1EXFvMdGYqfhLnDFf50=,M13pnFuAejxx6IJv7cZBKu1vWtw=
23,19,1nMb0RtU1EXFvMdGYqfhLnDFf50=,M13pnFuAejxx6IJv7cZBKu1vWtw=
22,23,1nMb0RtU1EXFvMdGYqfhLnDFf50=,M13pnFuAejxx6IJv7cZBKu1vWtw=
17,24,1nMb0RtU1EXFvMdGYqfhLnDFf50=,wZDbGHsEvcjd2o3Fj0sBu3momKE=
28,21,1nMb0RtU1EXFvMdGYqfhLnDFf50=,S7gKTfmzwwY/zK1/aixw1fb7fAo=
18,24,1nMb0RtU1EXFvMdGYqfhLnDFf50=,wZDbGHsEvcjd2o3Fj0sBu3momKE=
29,21,1nMb0RtU1EXFvMdGYqfhLnDFf50=,S7gKTfmzwwY/zK1/aixw1fb7fAo=
19,24,1nMb0RtU1EXFvMdGYqfhLnDFf50=,wZDbGHsEvcjd2o3Fj0sBu3momKE=
20,24,1nMb0RtU1EXFvMdGYqfhLnDFf50=,wZDbGHsEvcjd2o3Fj0sBu3momKE=
21,24,1nMb0RtU1EXFvMdGYqfhLnDFf50=,wZDbGHsEvcjd2o3Fj0sBu3momKE=
22,24,1nMb0RtU1EXFvMdGYqfhLnDFf50=,wZDbGHsEvcjd2o3Fj0sBu3momKE=
17,25,1nMb0RtU1EXFvMdGYqfhLnDFf50=,wZDbGHsEvcjd2o3Fj0sBu3momKE=
18,25,1nMb0RtU1EXFvMdGYqfhLnDFf50=,wZDbGHsEvcjd2o3Fj0sBu3momKE=
19,25,1nMb0RtU1EXFvMdGYqfhLnDFf50=,wZDbGHsEvcjd2o3Fj0sBu3momKE=
20,25,1nMb0RtU1EXFvMdGYqfhLnDFf50=,wZDbGHsEvcjd2o3Fj0sBu3momKE=
21,25,1nMb0RtU1EXFvMdGYqfhLnDFf50=,wZDbGHsEvcjd2o3Fj0sBu3momKE=
22,25,1nMb0RtU1EXFvMdGYqfhLnDFf50=,wZDbGHsEvcjd2o3Fj0sBu3momKE=
17,26,1nMb0RtU1EXFvMdGYqfhLnDFf50=,wZDbGHsEvcjd2o3Fj0sBu3momKE=
18,26,1nMb0RtU1EXFvMdGYqfhLnDFf50=,wZDbGHsEvcjd2o3Fj0sBu3momKE=
19,26,1nMb0RtU1EXFvMdGYqfhLnDFf50=,wZDbGHsEvcjd2o3Fj0sBu3momKE=
30,21,1nMb0RtU1EXFvMdGYqfhLnDFf50=,S7gKTfmzwwY/zK1/aixw1fb7fAo=
20,26,1nMb0RtU1EXFvMdGYqfhLnDFf50=,wZDbGHsEvcjd2o3Fj0sBu3momKE=
24,22,1nMb0RtU1EXFvMdGYqfhLnDFf50=,S7gKTfmzwwY/zK1/aixw1fb7fAo=
25,22,1nMb0RtU1EXFvMdGYqfhLnDFf50=,S7gKTfmzwwY/zK1/aixw1fb7fAo=
21,26,1nMb0RtU1EXFvMdGYqfhLnDFf50=,wZDbGHsEvcjd2o3Fj0sBu3momKE=
26,22,1nMb0RtU1EXFvMdGYqfhLnDFf50=,S7gKTfmzwwY/zK1/aixw1fb7fAo=
22,26,1nMb0RtU1EXFvMdGYqfhLnDFf50=,wZDbGHsEvcjd2o3Fj0sBu3momKE=
27,22,1nMb0RtU1EXFvMdGYqfhLnDFf50=,S7gKTfmzwwY/zK1/aixw1fb7fAo=
28,22,1nMb0RtU1EXFvMdGYqfhLnDFf50=,S7gKTfmzwwY/zK1/aixw1fb7fAo=
17,27,1nMb0RtU1EXFvMdGYqfhLnDFf50=,wZDbGHsEvcjd2o3Fj0sBu3momKE=
29,22,1nMb0RtU1EXFvMdGYqfhLnDFf50=,S7gKTfmzwwY/zK1/aixw1fb7fAo=
24,17,1nMb0RtU1EXFvMdGYqfhLnDFf50=,S7gKTfmzwwY/zK1/aixw1fb7fAo=
25,17,1nMb0RtU1EXFvMdGYqfhLnDFf50=,S7gKTfmzwwY/zK1/aixw1fb7fAo=
26,17,1nMb0RtU1EXFvMdGYqfhLnDFf50=,S7gKTfmzwwY/zK1/aixw1fb7fAo=
18,27,1nMb0RtU1EXFvMdGYqfhLnDFf50=,wZDbGHsEvcjd2o3Fj0sBu3momKE=
27,17,1nMb0RtU1EXFvMdGYqfhLnDFf50=,S7gKTfmzwwY/zK1/aixw1fb7fAo=
19,27,1nMb0RtU1EXFvMdGYqfhLnDFf50=,wZDbGHsEvcjd2o3Fj0sBu3momKE=
28,17,1nMb0RtU1EXFvMdGYqfhLnDFf50=,S7gKTfmzwwY/zK1/aixw1fb7fAo=
20,27,1nMb0RtU1EXFvMdGYqfhLnDFf50=,wZDbGHsEvcjd2o3Fj0sBu3momKE=
29,17,1nMb0RtU1EXFvMdGYqfhLnDFf50=,S7gKTfmzwwY/zK1/aixw1fb7fAo=
21,27,1nMb0RtU1EXFvMdGYqfhLnDFf50=,wZDbGHsEvcjd2o3Fj0sBu3momKE=
22,27,1nMb0RtU1EXFvMdGYqfhLnDFf50=,wZDbGHsEvcjd2o3Fj0sBu3momKE=
30,17,1nMb0RtU1EXFvMdGYqfhLnDFf50=,S7gKTfmzwwY/zK1/aixw1fb7fAo=
30,22,1nMb0RtU1EXFvMdGYqfhLnDFf50=,S7gKTfmzwwY/zK1/aixw1fb7fAo=
17,28,1nMb0RtU1EXFvMdGYqfhLnDFf50=,wZDbGHsEvcjd2o3Fj0sBu3momKE=
25,18,1nMb0RtU1EXFvMdGYqfhLnDFf50=,S7gKTfmzwwY/zK1/aixw1fb7fAo=
18,28,1nMb0RtU1EXFvMdGYqfhLnDFf50=,wZDbGHsEvcjd2o3Fj0sBu3momKE=
24,18,1nMb0RtU1EXFvMdGYqfhLnDFf50=,S7gKTfmzwwY/zK1/aixw1fb7fAo=
26,18,1nMb0RtU1EXFvMdGYqfhLnDFf50=,S7gKTfmzwwY/zK1/aixw1fb7fAo=
23,22,1nMb0RtU1EXFvMdGYqfhLnDFf50=,M13pnFuAejxx6IJv7cZBKu1vWtw=
19,28,1nMb0RtU1EXFvMdGYqfhLnDFf50=,wZDbGHsEvcjd2o3Fj0sBu3momKE=
27,18,1nMb0RtU1EXFvMdGYqfhLnDFf50=,S7gKTfmzwwY/zK1/aixw1fb7fAo=
20,28,1nMb0RtU1EXFvMdGYqfhLnDFf50=,wZDbGHsEvcjd2o3Fj0sBu3momKE=
23,20,1nMb0RtU1EXFvMdGYqfhLnDFf50=,M13pnFuAejxx6IJv7cZBKu1vWtw=
21,28,1nMb0RtU1EXFvMdGYqfhLnDFf50=,wZDbGHsEvcjd2o3Fj0sBu3momKE=
23,17,1nMb0RtU1EXFvMdGYqfhLnDFf50=,M13pnFuAejxx6IJv7cZBKu1vWtw=
22,28,1nMb0RtU1EXFvMdGYqfhLnDFf50=,wZDbGHsEvcjd2o3Fj0sBu3momKE=
17,29,1nMb0RtU1EXFvMdGYqfhLnDFf50=,wZDbGHsEvcjd2o3Fj0sBu3momKE=
28,18,1nMb0RtU1EXFvMdGYqfhLnDFf50=,S7gKTfmzwwY/zK1/aixw1fb7fAo=
30,18,1nMb0RtU1EXFvMdGYqfhLnDFf50=,S7gKTfmzwwY/zK1/aixw1fb7fAo=
18,29,1nMb0RtU1EXFvMdGYqfhLnDFf50=,wZDbGHsEvcjd2o3Fj0sBu3momKE=
29,18,1nMb0RtU1EXFvMdGYqfhLnDFf50=,S7gKTfmzwwY/zK1/aixw1fb7fAo=
24,19,1nMb0RtU1EXFvMdGYqfhLnDFf50=,S7gKTfmzwwY/zK1/aixw1fb7fAo=
19,29,1nMb0RtU1EXFvMdGYqfhLnDFf50=,wZDbGHsEvcjd2o3Fj0sBu3momKE=
26,19,1nMb0RtU1EXFvMdGYqfhLnDFf50=,S7gKTfmzwwY/zK1/aixw1fb7fAo=
25,19,1nMb0RtU1EXFvMdGYqfhLnDFf50=,S7gKTfmzwwY/zK1/aixw1fb7fAo=
27,19,1nMb0RtU1EXFvMdGYqfhLnDFf50=,S7gKTfmzwwY/zK1/aixw1fb7fAo=
20,29,1nMb0RtU1EXFvMdGYqfhLnDFf50=,wZDbGHsEvcjd2o3Fj0sBu3momKE=
19,23,1nMb0RtU1EXFvMdGYqfhLnDFf50=,M13pnFuAejxx6IJv7cZBKu1vWtw=
21,29,1nMb0RtU1EXFvMdGYqfhLnDFf50=,wZDbGHsEvcjd2o3Fj0sBu3momKE=
22,29,1nMb0RtU1EXFvMdGYqfhLnDFf50=,wZDbGHsEvcjd2o3Fj0sBu3momKE=
17,30,1nMb0RtU1EXFvMdGYqfhLnDFf50=,wZDbGHsEvcjd2o3Fj0sBu3momKE=
18,30,1nMb0RtU1EXFvMdGYqfhLnDFf50=,wZDbGHsEvcjd2o3Fj0sBu3momKE=
19,30,1nMb0RtU1EXFvMdGYqfhLnDFf50=,wZDbGHsEvcjd2o3Fj0sBu3momKE=
20,30,1nMb0RtU1EXFvMdGYqfhLnDFf50=,wZDbGHsEvcjd2o3Fj0sBu3momKE=
21,30,1nMb0RtU1EXFvMdGYqfhLnDFf50=,wZDbGHsEvcjd2o3Fj0sBu3momKE=
22,30,1nMb0RtU1EXFvMdGYqfhLnDFf50=,wZDbGHsEvcjd2o3Fj0sBu3momKE=
17,23,1nMb0RtU1EXFvMdGYqfhLnDFf50=,M13pnFuAejxx6IJv7cZBKu1vWtw=
18,23,1nMb0RtU1EXFvMdGYqfhLnDFf50=,M13pnFuAejxx6IJv7cZBKu1vWtw=
28,29,1nMb0RtU1EXFvMdGYqfhLnDFf50=,VqmRD5euj9vQlHFGPVKpdBrdFxY=
23,23,1nMb0RtU1EXFvMdGYqfhLnDFf50=,M13pnFuAejxx6IJv7cZBKu1vWtw=
29,29,1nMb0RtU1EXFvMdGYqfhLnDFf50=,VqmRD5euj9vQlHFGPVKpdBrdFxY=
30,29,1nMb0RtU1EXFvMdGYqfhLnDFf50=,VqmRD5euj9vQlHFGPVKpdBrdFxY=
24,30,1nMb0RtU1EXFvMdGYqfhLnDFf50=,VqmRD5euj9vQlHFGPVKpdBrdFxY=
25,30,1nMb0RtU1EXFvMdGYqfhLnDFf50=,VqmRD5euj9vQlHFGPVKpdBrdFxY=
26,30,1nMb0RtU1EXFvMdGYqfhLnDFf50=,VqmRD5euj9vQlHFGPVKpdBrdFxY=
27,30,1nMb0RtU1EXFvMdGYqfhLnDFf50=,VqmRD5euj9vQlHFGPVKpdBrdFxY=
28,30,1nMb0RtU1EXFvMdGYqfhLnDFf50=,VqmRD5euj9vQlHFGPVKpdBrdFxY=
31,19,1nMb0RtU1EXFvMdGYqfhLnDFf50=,S7gKTfmzwwY/zK1/aixw1fb7fAo=
24,24,1nMb0RtU1EXFvMdGYqfhLnDFf50=,VqmRD5euj9vQlHFGPVKpdBrdFxY=
31,20,1nMb0RtU1EXFvMdGYqfhLnDFf50=,S7gKTfmzwwY/zK1/aixw1fb7fAo=
25,24,1nMb0RtU1EXFvMdGYqfhLnDFf50=,VqmRD5euj9vQlHFGPVKpdBrdFxY=
31,21,1nMb0RtU1EXFvMdGYqfhLnDFf50=,S7gKTfmzwwY/zK1/aixw1fb7fAo=
26,24,1nMb0RtU1EXFvMdGYqfhLnDFf50=,VqmRD5euj9vQlHFGPVKpdBrdFxY=
31,17,1nMb0RtU1EXFvMdGYqfhLnDFf50=,S7gKTfmzwwY/zK1/aixw1fb7fAo=
27,24,1nMb0RtU1EXFvMdGYqfhLnDFf50=,VqmRD5euj9vQlHFGPVKpdBrdFxY=
31,22,1nMb0RtU1EXFvMdGYqfhLnDFf50=,S7gKTfmzwwY/zK1/aixw1fb7fAo=
28,24,1nMb0RtU1EXFvMdGYqfhLnDFf50=,VqmRD5euj9vQlHFGPVKpdBrdFxY=
31,18,1nMb0RtU1EXFvMdGYqfhLnDFf50=,S7gKTfmzwwY/zK1/aixw1fb7fAo=
29,30,1nMb0RtU1EXFvMdGYqfhLnDFf50=,VqmRD5euj9vQlHFGPVKpdBrdFxY=
30,30,1nMb0RtU1EXFvMdGYqfhLnDFf50=,VqmRD5euj9vQlHFGPVKpdBrdFxY=
29,24,1nMb0RtU1EXFvMdGYqfhLnDFf50=,VqmRD5euj9vQlHFGPVKpdBrdFxY=
30,24,1nMb0RtU1EXFvMdGYqfhLnDFf50=,VqmRD5euj9vQlHFGPVKpdBrdFxY=
23,24,RcXM+AH+S/mhUOyeVaYkcYuI9gY=,wZDbGHsEvcjd2o3Fj0sBu3momKE=
24,25,RcXM+AH+S/mhUOyeVaYkcYuI9gY=,VqmRD5euj9vQlHFGPVKpdBrdFxY=
25,25,RcXM+AH+S/mhUOyeVaYkcYuI9gY=,VqmRD5euj9vQlHFGPVKpdBrdFxY=
26,25,RcXM+AH+S/mhUOyeVaYkcYuI9gY=,VqmRD5euj9vQlHFGPVKpdBrdFxY=
27,25,RcXM+AH+S/mhUOyeVaYkcYuI9gY=,VqmRD5euj9vQlHFGPVKpdBrdFxY=
25,31,RcXM+AH+S/mhUOyeVaYkcYuI9gY=,VqmRD5euj9vQlHFGPVKpdBrdFxY=
28,25,RcXM+AH+S/mhUOyeVaYkcYuI9gY=,VqmRD5euj9vQlHFGPVKpdBrdFxY=
26,31,RcXM+AH+S/mhUOyeVaYkcYuI9gY=,VqmRD5euj9vQlHFGPVKpdBrdFxY=
29,25,RcXM+AH+S/mhUOyeVaYkcYuI9gY=,VqmRD5euj9vQlHFGPVKpdBrdFxY=
30,25,RcXM+AH+S/mhUOyeVaYkcYuI9gY=,VqmRD5euj9vQlHFGPVKpdBrdFxY=
27,31,RcXM+AH+S/mhUOyeVaYkcYuI9gY=,VqmRD5euj9vQlHFGPVKpdBrdFxY=
23,25,RcXM+AH+S/mhUOyeVaYkcYuI9gY=,wZDbGHsEvcjd2o3Fj0sBu3momKE=
28,31,RcXM+AH+S/mhUOyeVaYkcYuI9gY=,VqmRD5euj9vQlHFGPVKpdBrdFxY=
24,26,RcXM+AH+S/mhUOyeVaYkcYuI9gY=,VqmRD5euj9vQlHFGPVKpdBrdFxY=
29,31,RcXM+AH+S/mhUOyeVaYkcYuI9gY=,VqmRD5euj9vQlHFGPVKpdBrdFxY=
25,26,RcXM+AH+S/mhUOyeVaYkcYuI9gY=,VqmRD5euj9vQlHFGPVKpdBrdFxY=
30,31,RcXM+AH+S/mhUOyeVaYkcYuI9gY=,VqmRD5euj9vQlHFGPVKpdBrdFxY=
26,26,RcXM+AH+S/mhUOyeVaYkcYuI9gY=,VqmRD5euj9vQlHFGPVKpdBrdFxY=
27,26,RcXM+AH+S/mhUOyeVaYkcYuI9gY=,VqmRD5euj9vQlHFGPVKpdBrdFxY=
28,26,RcXM+AH+S/mhUOyeVaYkcYuI9gY=,VqmRD5euj9vQlHFGPVKpdBrdFxY=
29,26,RcXM+AH+S/mhUOyeVaYkcYuI9gY=,VqmRD5euj9vQlHFGPVKpdBrdFxY=
30,26,RcXM+AH+S/mhUOyeVaYkcYuI9gY=,VqmRD5euj9vQlHFGPVKpdBrdFxY=
20,31,RcXM+AH+S/mhUOyeVaYkcYuI9gY=,wZDbGHsEvcjd2o3Fj0sBu3momKE=
21,31,RcXM+AH+S/mhUOyeVaYkcYuI9gY=,wZDbGHsEvcjd2o3Fj0sBu3momKE=
24,27,RcXM+AH+S/mhUOyeVaYkcYuI9gY=,VqmRD5euj9vQlHFGPVKpdBrdFxY=
25,27,RcXM+AH+S/mhUOyeVaYkcYuI9gY=,VqmRD5euj9vQlHFGPVKpdBrdFxY=
22,31,RcXM+AH+S/mhUOyeVaYkcYuI9gY=,wZDbGHsEvcjd2o3Fj0sBu3momKE=
23,31,RcXM+AH+S/mhUOyeVaYkcYuI9gY=,wZDbGHsEvcjd2o3Fj0sBu3momKE=
24,31,RcXM+AH+S/mhUOyeVaYkcYuI9gY=,VqmRD5euj9vQlHFGPVKpdBrdFxY=
16,25,RcXM+AH+S/mhUOyeVaYkcYuI9gY=,wZDbGHsEvcjd2o3Fj0sBu3momKE=
17,31,RcXM+AH+S/mhUOyeVaYkcYuI9gY=,wZDbGHsEvcjd2o3Fj0sBu3momKE=
18,31,RcXM+AH+S/mhUOyeVaYkcYuI9gY=,wZDbGHsEvcjd2o3Fj0sBu3momKE=
16,26,RcXM+AH+S/mhUOyeVaYkcYuI9gY=,wZDbGHsEvcjd2o3Fj0sBu3momKE=
19,31,RcXM+AH+S/mhUOyeVaYkcYuI9gY=,wZDbGHsEvcjd2o3Fj0sBu3momKE=
16,27,RcXM+AH+S/mhUOyeVaYkcYuI9gY=,wZDbGHsEvcjd2o3Fj0sBu3momKE=
16,28,RcXM+AH+S/mhUOyeVaYkcYuI9gY=,wZDbGHsEvcjd2o3Fj0sBu3momKE=
16,29,RcXM+AH+S/mhUOyeVaYkcYuI9gY=,wZDbGHsEvcjd2o3Fj0sBu3momKE=
23,26,RcXM+AH+S/mhUOyeVaYkcYuI9gY=,wZDbGHsEvcjd2o3Fj0sBu3momKE=
26,27,RcXM+AH+S/mhUOyeVaYkcYuI9gY=,VqmRD5euj9vQlHFGPVKpdBrdFxY=
16,30,RcXM+AH+S/mhUOyeVaYkcYuI9gY=,wZDbGHsEvcjd2o3Fj0sBu3momKE=
16,22,RcXM+AH+S/mhUOyeVaYkcYuI9gY=,M13pnFuAejxx6IJv7cZBKu1vWtw=
27,27,RcXM+AH+S/mhUOyeVaYkcYuI9gY=,VqmRD5euj9vQlHFGPVKpdBrdFxY=
28,27,RcXM+AH+S/mhUOyeVaYkcYuI9gY=,VqmRD5euj9vQlHFGPVKpdBrdFxY=
16,24,RcXM+AH+S/mhUOyeVaYkcYuI9gY=,wZDbGHsEvcjd2o3Fj0sBu3momKE=
29,27,RcXM+AH+S/mhUOyeVaYkcYuI9gY=,VqmRD5euj9vQlHFGPVKpdBrdFxY=
30,27,RcXM+AH+S/mhUOyeVaYkcYuI9gY=,VqmRD5euj9vQlHFGPVKpdBrdFxY=
23,27,RcXM+AH+S/mhUOyeVaYkcYuI9gY=,wZDbGHsEvcjd2o3Fj0sBu3momKE=
24,28,RcXM+AH+S/mhUOyeVaYkcYuI9gY=,VqmRD5euj9vQlHFGPVKpdBrdFxY=
25,28,RcXM+AH+S/mhUOyeVaYkcYuI9gY=,VqmRD5euj9vQlHFGPVKpdBrdFxY=
26,28,RcXM+AH+S/mhUOyeVaYkcYuI9gY=,VqmRD5euj9vQlHFGPVKpdBrdFxY=
27,28,RcXM+AH+S/mhUOyeVaYkcYuI9gY=,VqmRD5euj9vQlHFGPVKpdBrdFxY=
23,28,RcXM+AH+S/mhUOyeVaYkcYuI9gY=,wZDbGHsEvcjd2o3Fj0sBu3momKE=
28,28,RcXM+AH+S/mhUOyeVaYkcYuI9gY=,VqmRD5euj9vQlHFGPVKpdBrdFxY=
29,28,RcXM+AH+S/mhUOyeVaYkcYuI9gY=,VqmRD5euj9vQlHFGPVKpdBrdFxY=
30,28,RcXM+AH+S/mhUOyeVaYkcYuI9gY=,VqmRD5euj9vQlHFGPVKpdBrdFxY=
23,29,RcXM+AH+S/mhUOyeVaYkcYuI9gY=,wZDbGHsEvcjd2o3Fj0sBu3momKE=
24,29,RcXM+AH+S/mhUOyeVaYkcYuI9gY=,VqmRD5euj9vQlHFGPVKpdBrdFxY=
24,23,RcXM+AH+S/mhUOyeVaYkcYuI9gY=,S7gKTfmzwwY/zK1/aixw1fb7fAo=
16,20,RcXM+AH+S/mhUOyeVaYkcYuI9gY=,M13pnFuAejxx6IJv7cZBKu1vWtw=
23,30,RcXM+AH+S/mhUOyeVaYkcYuI9gY=,wZDbGHsEvcjd2o3Fj0sBu3momKE=
16,21,RcXM+AH+S/mhUOyeVaYkcYuI9gY=,M13pnFuAejxx6IJv7cZBKu1vWtw=
25,23,RcXM+AH+S/mhUOyeVaYkcYuI9gY=,S7gKTfmzwwY/zK1/aixw1fb7fAo=
16,19,RcXM+AH+S/mhUOyeVaYkcYuI9gY=,M13pnFuAejxx6IJv7cZBKu1vWtw=
26,23,RcXM+AH+S/mhUOyeVaYkcYuI9gY=,S7gKTfmzwwY/zK1/aixw1fb7fAo=
16,17,RcXM+AH+S/mhUOyeVaYkcYuI9gY=,M13pnFuAejxx6IJv7cZBKu1vWtw=
27,23,RcXM+AH+S/mhUOyeVaYkcYuI9gY=,S7gKTfmzwwY/zK1/aixw1fb7fAo=
16,23,RcXM+AH+S/mhUOyeVaYkcYuI9gY=,M13pnFuAejxx6IJv7cZBKu1vWtw=
28,23,RcXM+AH+S/mhUOyeVaYkcYuI9gY=,S7gKTfmzwwY/zK1/aixw1fb7fAo=
16,18,RcXM+AH+S/mhUOyeVaYkcYuI9gY=,M13pnFuAejxx6IJv7cZBKu1vWtw=
25,29,RcXM+AH+S/mhUOyeVaYkcYuI9gY=,VqmRD5euj9vQlHFGPVKpdBrdFxY=
17,16,RcXM+AH+S/mhUOyeVaYkcYuI9gY=,M13pnFuAejxx6IJv7cZBKu1vWtw=
29,23,RcXM+AH+S/mhUOyeVaYkcYuI9gY=,S7gKTfmzwwY/zK1/aixw1fb7fAo=
26,29,RcXM+AH+S/mhUOyeVaYkcYuI9gY=,VqmRD5euj9vQlHFGPVKpdBrdFxY=
19,16,RcXM+AH+S/mhUOyeVaYkcYuI9gY=,M13pnFuAejxx6IJv7cZBKu1vWtw=
30,23,RcXM+AH+S/mhUOyeVaYkcYuI9gY=,S7gKTfmzwwY/zK1/aixw1fb7fAo=
18,16,RcXM+AH+S/mhUOyeVaYkcYuI9gY=,M13pnFuAejxx6IJv7cZBKu1vWtw=
27,29,RcXM+AH+S/mhUOyeVaYkcYuI9gY=,VqmRD5euj9vQlHFGPVKpdBrdFxY=
20,16,RcXM+AH+S/mhUOyeVaYkcYuI9gY=,M13pnFuAejxx6IJv7cZBKu1vWtw=
31,29,RcXM+AH+S/mhUOyeVaYkcYuI9gY=,VqmRD5euj9vQlHFGPVKpdBrdFxY=
21,16,RcXM+AH+S/mhUOyeVaYkcYuI9gY=,M13pnFuAejxx6IJv7cZBKu1vWtw=
31,30,RcXM+AH+S/mhUOyeVaYkcYuI9gY=,VqmRD5euj9vQlHFGPVKpdBrdFxY=
31,24,RcXM+AH+S/mhUOyeVaYkcYuI9gY=,VqmRD5euj9vQlHFGPVKpdBrdFxY=
22,16,RcXM+AH+S/mhUOyeVaYkcYuI9gY=,M13pnFuAejxx6IJv7cZBKu1vWtw=
31,26,RcXM+AH+S/mhUOyeVaYkcYuI9gY=,VqmRD5euj9vQlHFGPVKpdBrdFxY=
16,31,RcXM+AH+S/mhUOyeVaYkcYuI9gY=,wZDbGHsEvcjd2o3Fj0sBu3momKE=
31,25,RcXM+AH+S/mhUOyeVaYkcYuI9gY=,VqmRD5euj9vQlHFGPVKpdBrdFxY=
31,31,RcXM+AH+S/mhUOyeVaYkcYuI9gY=,VqmRD5euj9vQlHFGPVKpdBrdFxY=
31,27,RcXM+AH+S/mhUOyeVaYkcYuI9gY=,VqmRD5euj9vQlHFGPVKpdBrdFxY=
16,16,RcXM+AH+S/mhUOyeVaYkcYuI9gY=,M13pnFuAejxx6IJv7cZBKu1vWtw=
31,28,RcXM+AH+S/mhUOyeVaYkcYuI9gY=,VqmRD5euj9vQlHFGPVKpdBrdFxY=
31,23,RcXM+AH+S/mhUOyeVaYkcYuI9gY=,S7gKTfmzwwY/zK1/aixw1fb7fAo=
31,16,RcXM+AH+S/mhUOyeVaYkcYuI9gY=,S7gKTfmzwwY/zK1/aixw1fb7fAo=
23,16,RcXM+AH+S/mhUOyeVaYkcYuI9gY=,M13pnFuAejxx6IJv7cZBKu1vWtw=
30,16,RcXM+AH+S/mhUOyeVaYkcYuI9gY=,S7gKTfmzwwY/zK1/aixw1fb7fAo=
29,16,RcXM+AH+S/mhUOyeVaYkcYuI9gY=,S7gKTfmzwwY/zK1/aixw1fb7fAo=
28,16,RcXM+AH+S/mhUOyeVaYkcYuI9gY=,S7gKTfmzwwY/zK1/aixw1fb7fAo=
27,16,RcXM+AH+S/mhUOyeVaYkcYuI9gY=,S7gKTfmzwwY/zK1/aixw1fb7fAo=
25,16,RcXM+AH+S/mhUOyeVaYkcYuI9gY=,S7gKTfmzwwY/zK1/aixw1fb7fAo=
26,16,RcXM+AH+S/mhUOyeVaYkcYuI9gY=,S7gKTfmzwwY/zK1/aixw1fb7fAo=
24,16,RcXM+AH+S/mhUOyeVaYkcYuI9gY=,S7gKTfmzwwY/zK1/aixw1fb7fAo=
28,3,EoYD7z4g90z3TwTx6D4PrWoJOew=,vZV+WK8umjpNfuiRa4u5+6RsRto=
17,9,EoYD7z4g90z3TwTx6D4PrWoJOew=,28w63REJIiBeCf/tcEwbJ53iaQc=
18,9,EoYD7z4g90z3TwTx6D4PrWoJOew=,28w63REJIiBeCf/tcEwbJ53iaQc=
19,9,EoYD7z4g90z3TwTx6D4PrWoJOew=,28w63REJIiBeCf/tcEwbJ53iaQc=
20,9,EoYD7z4g90z3TwTx6D4PrWoJOew=,28w63REJIiBeCf/tcEwbJ53iaQc=
17,4,EoYD7z4g90z3TwTx6D4PrWoJOew=,WcAnC2+RBXth5uBETZIPwIhJmGY=
18,4,+ZaNbIuly+pvmZIsIQ0Bv7Swu98=,WcAnC2+RBXth5uBETZIPwIhJmGY=
21,9,+ZaNbIuly+pvmZIsIQ0Bv7Swu98=,28w63REJIiBeCf/tcEwbJ53iaQc=
20,7,+ZaNbIuly+pvmZIsIQ0Bv7Swu98=,WcAnC2+RBXth5uBETZIPwIhJmGY=
22,9,+ZaNbIuly+pvmZIsIQ0Bv7Swu98=,28w63REJIiBeCf/tcEwbJ53iaQc=
18,2,+ZaNbIuly+pvmZIsIQ0Bv7Swu98=,WcAnC2+RBXth5uBETZIPwIhJmGY=
17,10,+ZaNbIuly+pvmZIsIQ0Bv7Swu98=,28w63REJIiBeCf/tcEwbJ53iaQc=
21,7,+ZaNbIuly+pvmZIsIQ0Bv7Swu98=,WcAnC2+RBXth5uBETZIPwIhJmGY=
18,10,+ZaNbIuly+pvmZIsIQ0Bv7Swu98=,28w63REJIiBeCf/tcEwbJ53iaQc=
22,7,+ZaNbIuly+pvmZIsIQ0Bv7Swu98=,WcAnC2+RBXth5uBETZIPwIhJmGY=
19,1,+ZaNbIuly+pvmZIsIQ0Bv7Swu98=,WcAnC2+RBXth5uBETZIPwIhJmGY=
19,10,+ZaNbIuly+pvmZIsIQ0Bv7Swu98=,28w63REJIiBeCf/tcEwbJ53iaQc=
22,5,+ZaNbIuly+pvmZIsIQ0Bv7Swu98=,WcAnC2+RBXth5uBETZIPwIhJmGY=
20,10,+ZaNbIuly+pvmZIsIQ0Bv7Swu98=,28w63REJIiBeCf/tcEwbJ53iaQc=
19,2,+ZaNbIuly+pvmZIsIQ0Bv7Swu98=,WcAnC2+RBXth5uBETZIPwIhJmGY=
21,10,+ZaNbIuly+pvmZIsIQ0Bv7Swu98=,28w63REJIiBeCf/tcEwbJ53iaQc=
20,2,+ZaNbIuly+pvmZIsIQ0Bv7Swu98=,WcAnC2+RBXth5uBETZIPwIhJmGY=
17,8,+ZaNbIuly+pvmZIsIQ0Bv7Swu98=,28w63REJIiBeCf/tcEwbJ53iaQc=
22,10,+ZaNbIuly+pvmZIsIQ0Bv7Swu98=,28w63REJIiBeCf/tcEwbJ53iaQc=
21,2,+ZaNbIuly+pvmZIsIQ0Bv7Swu98=,WcAnC2+RBXth5uBETZIPwIhJmGY=
17,11,+ZaNbIuly+pvmZIsIQ0Bv7Swu98=,28w63REJIiBeCf/tcEwbJ53iaQc=
18,11,+ZaNbIuly+pvmZIsIQ0Bv7Swu98=,28w63REJIiBeCf/tcEwbJ53iaQc=
19,11,+ZaNbIuly+pvmZIsIQ0Bv7Swu98=,28w63REJIiBeCf/tcEwbJ53iaQc=
20,1,+ZaNbIuly+pvmZIsIQ0Bv7Swu98=,WcAnC2+RBXth5uBETZIPwIhJmGY=
20,11,+ZaNbIuly+pvmZIsIQ0Bv7Swu98=,28w63REJIiBeCf/tcEwbJ53iaQc=
18,8,+ZaNbIuly+pvmZIsIQ0Bv7Swu98=,28w63REJIiBeCf/tcEwbJ53iaQc=
21,11,+ZaNbIuly+pvmZIsIQ0Bv7Swu98=,28w63REJIiBeCf/tcEwbJ53iaQc=
22,11,+ZaNbIuly+pvmZIsIQ0Bv7Swu98=,28w63REJIiBeCf/tcEwbJ53iaQc=
22,6,+ZaNbIuly+pvmZIsIQ0Bv7Swu98=,WcAnC2+RBXth5uBETZIPwIhJmGY=
19,4,+ZaNbIuly+pvmZIsIQ0Bv7Swu98=,WcAnC2+RBXth5uBETZIPwIhJmGY=
17,12,+ZaNbIuly+pvmZIsIQ0Bv7Swu98=,28w63REJIiBeCf/tcEwbJ53iaQc=
19,8,+ZaNbIuly+pvmZIsIQ0Bv7Swu98=,28w63REJIiBeCf/tcEwbJ53iaQc=
18,12,+ZaNbIuly+pvmZIsIQ0Bv7Swu98=,28w63REJIiBeCf/tcEwbJ53iaQc=
24,4,+ZaNbIuly+pvmZIsIQ0Bv7Swu98=,vZV+WK8umjpNfuiRa4u5+6RsRto=
19,12,+ZaNbIuly+pvmZIsIQ0Bv7Swu98=,28w63REJIiBeCf/tcEwbJ53iaQc=
20,8,+ZaNbIuly+pvmZIsIQ0Bv7Swu98=,28w63REJIiBeCf/tcEwbJ53iaQc=
20,12,+ZaNbIuly+pvmZIsIQ0Bv7Swu98=,28w63REJIiBeCf/tcEwbJ53iaQc=
21,8,+ZaNbIuly+pvmZIsIQ0Bv7Swu98=,28w63REJIiBeCf/tcEwbJ53iaQc=
21,12,+ZaNbIuly+pvmZIsIQ0Bv7Swu98=,28w63REJIiBeCf/tcEwbJ53iaQc=
23,6,+ZaNbIuly+pvmZIsIQ0Bv7Swu98=,WcAnC2+RBXth5uBETZIPwIhJmGY=
22,12,+ZaNbIuly+pvmZIsIQ0Bv7Swu98=,28w63REJIiBeCf/tcEwbJ53iaQc=
23,5,+ZaNbIuly+pvmZIsIQ0Bv7Swu98=,WcAnC2+RBXth5uBETZIPwIhJmGY=
17,13,+ZaNbIuly+pvmZIsIQ0Bv7Swu98=,28w63REJIiBeCf/tcEwbJ53iaQc=
18,13,+ZaNbIuly+pvmZIsIQ0Bv7Swu98=,28w63REJIiBeCf/tcEwbJ53iaQc=
22,2,+ZaNbIuly+pvmZIsIQ0Bv7Swu98=,WcAnC2+RBXth5uBETZIPwIhJmGY=
19,13,+ZaNbIuly+pvmZIsIQ0Bv7Swu98=,28w63REJIiBeCf/tcEwbJ53iaQc=
21,1,+ZaNbIuly+pvmZIsIQ0Bv7Swu98=,WcAnC2+RBXth5uBETZIPwIhJmGY=
20,13,+ZaNbIuly+pvmZIsIQ0Bv7Swu98=,28w63REJIiBeCf/tcEwbJ53iaQc=
20,4,+ZaNbIuly+pvmZIsIQ0Bv7Swu98=,WcAnC2+RBXth5uBETZIPwIhJmGY=
21,13,+ZaNbIuly+pvmZIsIQ0Bv7Swu98=,28w63REJIiBeCf/tcEwbJ53iaQc=
22,8,+ZaNbIuly+pvmZIsIQ0Bv7Swu98=,28w63REJIiBeCf/tcEwbJ53iaQc=
18,3,+ZaNbIuly+pvmZIsIQ0Bv7Swu98=,WcAnC2+RBXth5uBETZIPwIhJmGY=
22,13,+ZaNbIuly+pvmZIsIQ0Bv7Swu98=,28w63REJIiBeCf/tcEwbJ53iaQc=
17,14,+ZaNbIuly+pvmZIsIQ0Bv7Swu98=,28w63REJIiBeCf/tcEwbJ53iaQc=
18,14,+ZaNbIuly+pvmZIsIQ0Bv7Swu98=,28w63REJIiBeCf/tcEwbJ53iaQc=
17,5,+ZaNbIuly+pvmZIsIQ0Bv7Swu98=,WcAnC2+RBXth5uBETZIPwIhJmGY=
19,14,+ZaNbIuly+pvmZIsIQ0Bv7Swu98=,28w63REJIiBeCf/tcEwbJ53iaQc=
17,6,+ZaNbIuly+pvmZIsIQ0Bv7Swu98=,WcAnC2+RBXth5uBETZIPwIhJmGY=
24,5,+ZaNbIuly+pvmZIsIQ0Bv7Swu98=,vZV+WK8umjpNfuiRa4u5+6RsRto=
22,1,+ZaNbIuly+pvmZIsIQ0Bv7Swu98=,WcAnC2+RBXth5uBETZIPwIhJmGY=
28,13,+ZaNbIuly+pvmZIsIQ0Bv7Swu98=,lku5fneL//QtMZN/aGpQy0MCpPc=
19,3,+ZaNbIuly+pvmZIsIQ0Bv7Swu98=,WcAnC2+RBXth5uBETZIPwIhJmGY=
18,5,+ZaNbIuly+pvmZIsIQ0Bv7Swu98=,WcAnC2+RBXth5uBETZIPwIhJmGY=
23,7,+ZaNbIuly+pvmZIsIQ0Bv7Swu98=,WcAnC2+RBXth5uBETZIPwIhJmGY=
18,6,+ZaNbIuly+pvmZIsIQ0Bv7Swu98=,WcAnC2+RBXth5uBETZIPwIhJmGY=
29,13,+ZaNbIuly+pvmZIsIQ0Bv7Swu98=,lku5fneL//QtMZN/aGpQy0MCpPc=
23,1,+ZaNbIuly+pvmZIsIQ0Bv7Swu98=,WcAnC2+RBXth5uBETZIPwIhJmGY=
30,13,+ZaNbIuly+pvmZIsIQ0Bv7Swu98=,lku5fneL//QtMZN/aGpQy0MCpPc=
24,1,+ZaNbIuly+pvmZIsIQ0Bv7Swu98=,vZV+WK8umjpNfuiRa4u5+6RsRto=
19,5,+ZaNbIuly+pvmZIsIQ0Bv7Swu98=,WcAnC2+RBXth5uBETZIPwIhJmGY=
24,14,+ZaNbIuly+pvmZIsIQ0Bv7Swu98=,lku5fneL//QtMZN/aGpQy0MCpPc=
20,14,+ZaNbIuly+pvmZIsIQ0Bv7Swu98=,28w63REJIiBeCf/tcEwbJ53iaQc=
21,14,+ZaNbIuly+pvmZIsIQ0Bv7Swu98=,28w63REJIiBeCf/tcEwbJ53iaQc=
22,14,+ZaNbIuly+pvmZIsIQ0Bv7Swu98=,28w63REJIiBeCf/tcEwbJ53iaQc=
29,3,+ZaNbIuly+pvmZIsIQ0Bv7Swu98=,vZV+WK8umjpNfuiRa4u5+6RsRto=
20,3,+ZaNbIuly+pvmZIsIQ0Bv7Swu98=,WcAnC2+RBXth5uBETZIPwIhJmGY=
19,6,+ZaNbIuly+pvmZIsIQ0Bv7Swu98=,WcAnC2+RBXth5uBETZIPwIhJmGY=
30,3,+ZaNbIuly+pvmZIsIQ0Bv7Swu98=,vZV+WK8umjpNfuiRa4u5+6RsRto=
21,3,+ZaNbIuly+pvmZIsIQ0Bv7Swu98=,WcAnC2+RBXth5uBETZIPwIhJmGY=
25,4,+ZaNbIuly+pvmZIsIQ0Bv7Swu98=,vZV+WK8umjpNfuiRa4u5+6RsRto=
20,5,+ZaNbIuly+pvmZIsIQ0Bv7Swu98=,WcAnC2+RBXth5uBETZIPwIhJmGY=
26,4,+ZaNbIuly+pvmZIsIQ0Bv7Swu98=,vZV+WK8umjpNfuiRa4u5+6RsRto=
21,5,+ZaNbIuly+pvmZIsIQ0Bv7Swu98=,WcAnC2+RBXth5uBETZIPwIhJmGY=
24,2,+ZaNbIuly+pvmZIsIQ0Bv7Swu98=,vZV+WK8umjpNfuiRa4u5+6RsRto=
27,4,+ZaNbIuly+pvmZIsIQ0Bv7Swu98=,vZV+WK8umjpNfuiRa4u5+6RsRto=
22,3,+ZaNbIuly+pvmZIsIQ0Bv7Swu98=,WcAnC2+RBXth5uBETZIPwIhJmGY=
23,2,+ZaNbIuly+pvmZIsIQ0Bv7Swu98=,WcAnC2+RBXth5uBETZIPwIhJmGY=
28,4,+ZaNbIuly+pvmZIsIQ0Bv7Swu98=,vZV+WK8umjpNfuiRa4u5+6RsRto=
17,1,+ZaNbIuly+pvmZIsIQ0Bv7Swu98=,WcAnC2+RBXth5uBETZIPwIhJmGY=
29,4,+ZaNbIuly+pvmZIsIQ0Bv7Swu98=,vZV+WK8umjpNfuiRa4u5+6RsRto=
30,4,+ZaNbIuly+pvmZIsIQ0Bv7Swu98=,vZV+WK8umjpNfuiRa4u5+6RsRto=
25,5,+ZaNbIuly+pvmZIsIQ0Bv7Swu98=,vZV+WK8umjpNfuiRa4u5+6RsRto=
18,1,+ZaNbIuly+pvmZIsIQ0Bv7Swu98=,WcAnC2+RBXth5uBETZIPwIhJmGY=
26,5,+ZaNbIuly+pvmZIsIQ0Bv7Swu98=,vZV+WK8umjpNfuiRa4u5+6RsRto=
20,6,+ZaNbIuly+pvmZIsIQ0Bv7Swu98=,WcAnC2+RBXth5uBETZIPwIhJmGY=
25,1,+ZaNbIuly+pvmZIsIQ0Bv7Swu98=,vZV+WK8umjpNfuiRa4u5+6RsRto=
26,1,+ZaNbIuly+pvmZIsIQ0Bv7Swu98=,vZV+WK8umjpNfuiRa4u5+6RsRto=
27,1,+ZaNbIuly+pvmZIsIQ0Bv7Swu98=,vZV+WK8umjpNfuiRa4u5+6RsRto=
24,6,+ZaNbIuly+pvmZIsIQ0Bv7Swu98=,vZV+WK8umjpNfuiRa4u5+6RsRto=
28,1,+ZaNbIuly+pvmZIsIQ0Bv7Swu98=,vZV+WK8umjpNfuiRa4u5+6RsRto=
17,7,+ZaNbIuly+pvmZIsIQ0Bv7Swu98=,WcAnC2+RBXth5uBETZIPwIhJmGY=
27,5,+ZaNbIuly+pvmZIsIQ0Bv7Swu98=,vZV+WK8umjpNfuiRa4u5+6RsRto=
28,5,+ZaNbIuly+pvmZIsIQ0Bv7Swu98=,vZV+WK8umjpNfuiRa4u5+6RsRto=
29,5,+ZaNbIuly+pvmZIsIQ0Bv7Swu98=,vZV+WK8umjpNfuiRa4u5+6RsRto=
17,2,+ZaNbIuly+pvmZIsIQ0Bv7Swu98=,WcAnC2+RBXth5uBETZIPwIhJmGY=
29,1,+ZaNbIuly+pvmZIsIQ0Bv7Swu98=,vZV+WK8umjpNfuiRa4u5+6RsRto=
30,1,+ZaNbIuly+pvmZIsIQ0Bv7Swu98=,vZV+WK8umjpNfuiRa4u5+6RsRto=
23,3,+ZaNbIuly+pvmZIsIQ0Bv7Swu98=,WcAnC2+RBXth5uBETZIPwIhJmGY=
30,5,+ZaNbIuly+pvmZIsIQ0Bv7Swu98=,vZV+WK8umjpNfuiRa4u5+6RsRto=
18,7,+ZaNbIuly+pvmZIsIQ0Bv7Swu98=,WcAnC2+RBXth5uBETZIPwIhJmGY=
19,7,+ZaNbIuly+pvmZIsIQ0Bv7Swu98=,WcAnC2+RBXth5uBETZIPwIhJmGY=
17,3,+ZaNbIuly+pvmZIsIQ0Bv7Swu98=,WcAnC2+RBXth5uBETZIPwIhJmGY=
25,2,+ZaNbIuly+pvmZIsIQ0Bv7Swu98=,vZV+WK8umjpNfuiRa4u5+6RsRto=
21,4,+ZaNbIuly+pvmZIsIQ0Bv7Swu98=,WcAnC2+RBXth5uBETZIPwIhJmGY=
22,4,+ZaNbIuly+pvmZIsIQ0Bv7Swu98=,WcAnC2+RBXth5uBETZIPwIhJmGY=
26,2,+ZaNbIuly+pvmZIsIQ0Bv7Swu98=,vZV+WK8umjpNfuiRa4u5+6RsRto=
23,4,+ZaNbIuly+pvmZIsIQ0Bv7Swu98=,WcAnC2+RBXth5uBETZIPwIhJmGY=
25,6,+ZaNbIuly+pvmZIsIQ0Bv7Swu98=,vZV+WK8umjpNfuiRa4u5+6RsRto=
24,3,+ZaNbIuly+pvmZIsIQ0Bv7Swu98=,vZV+WK8umjpNfuiRa4u5+6RsRto=
21,6,+ZaNbIuly+pvmZIsIQ0Bv7Swu98=,WcAnC2+RBXth5uBETZIPwIhJmGY=
26,6,+ZaNbIuly+pvmZIsIQ0Bv7Swu98=,vZV+WK8umjpNfuiRa4u5+6RsRto=
27,6,+ZaNbIuly+pvmZIsIQ0Bv7Swu98=,vZV+WK8umjpNfuiRa4u5+6RsRto=
29,6,+ZaNbIuly+pvmZIsIQ0Bv7Swu98=,vZV+WK8umjpNfuiRa4u5+6RsRto=
30,6,+ZaNbIuly+pvmZIsIQ0Bv7Swu98=,vZV+WK8umjpNfuiRa4u5+6RsRto=
28,6,+ZaNbIuly+pvmZIsIQ0Bv7Swu98=,vZV+WK8umjpNfuiRa4u5+6RsRto=
27,2,+ZaNbIuly+pvmZIsIQ0Bv7Swu98=,vZV+WK8umjpNfuiRa4u5+6RsRto=
28,2,+ZaNbIuly+pvmZIsIQ0Bv7Swu98=,vZV+WK8umjpNfuiRa4u5+6RsRto=
29,2,+ZaNbIuly+pvmZIsIQ0Bv7Swu98=,vZV+WK8umjpNfuiRa4u5+6RsRto=
25,3,+ZaNbIuly+pvmZIsIQ0Bv7Swu98=,vZV+WK8umjpNfuiRa4u5+6RsRto=
30,2,+ZaNbIuly+pvmZIsIQ0Bv7Swu98=,vZV+WK8umjpNfuiRa4u5+6RsRto=
27,3,+ZaNbIuly+pvmZIsIQ0Bv7Swu98=,vZV+WK8umjpNfuiRa4u5+6RsRto=
26,3,+ZaNbIuly+pvmZIsIQ0Bv7Swu98=,vZV+WK8umjpNfuiRa4u5+6RsRto=
24,8,+ZaNbIuly+pvmZIsIQ0Bv7Swu98=,lku5fneL//QtMZN/aGpQy0MCpPc=
25,14,+ZaNbIuly+pvmZIsIQ0Bv7Swu98=,lku5fneL//QtMZN/aGpQy0MCpPc=
26,14,+ZaNbIuly+pvmZIsIQ0Bv7Swu98=,lku5fneL//QtMZN/aGpQy0MCpPc=
25,8,+ZaNbIuly+pvmZIsIQ0Bv7Swu98=,lku5fneL//QtMZN/aGpQy0MCpPc=
26,8,+ZaNbIuly+pvmZIsIQ0Bv7Swu98=,lku5fneL//QtMZN/aGpQy0MCpPc=
27,8,+ZaNbIuly+pvmZIsIQ0Bv7Swu98=,lku5fneL//QtMZN/aGpQy0MCpPc=
27,14,+ZaNbIuly+pvmZIsIQ0Bv7Swu98=,lku5fneL//QtMZN/aGpQy0MCpPc=
28,14,+ZaNbIuly+pvmZIsIQ0Bv7Swu98=,lku5fneL//QtMZN/aGpQy0MCpPc=
29,14,+ZaNbIuly+pvmZIsIQ0Bv7Swu98=,lku5fneL//QtMZN/aGpQy0MCpPc=
30,14,+ZaNbIuly+pvmZIsIQ0Bv7Swu98=,lku5fneL//QtMZN/aGpQy0MCpPc=
28,8,+ZaNbIuly+pvmZIsIQ0Bv7Swu98=,lku5fneL//QtMZN/aGpQy0MCpPc=
29,8,+ZaNbIuly+pvmZIsIQ0Bv7Swu98=,lku5fneL//QtMZN/aGpQy0MCpPc=
30,8,+ZaNbIuly+pvmZIsIQ0Bv7Swu98=,lku5fneL//QtMZN/aGpQy0MCpPc=
24,9,+ZaNbIuly+pvmZIsIQ0Bv7Swu98=,lku5fneL//QtMZN/aGpQy0MCpPc=
25,9,+ZaNbIuly+pvmZIsIQ0Bv7Swu98=,lku5fneL//QtMZN/aGpQy0MCpPc=
26,9,+ZaNbIuly+pvmZIsIQ0Bv7Swu98=,lku5fneL//QtMZN/aGpQy0MCpPc=
27,9,+ZaNbIuly+pvmZIsIQ0Bv7Swu98=,lku5fneL//QtMZN/aGpQy0MCpPc=
28,9,+ZaNbIuly+pvmZIsIQ0Bv7Swu98=,lku5fneL//QtMZN/aGpQy0MCpPc=
29,9,+ZaNbIuly+pvmZIsIQ0Bv7Swu98=,lku5fneL//QtMZN/aGpQy0MCpPc=
30,9,+ZaNbIuly+pvmZIsIQ0Bv7Swu98=,lku5fneL//QtMZN/aGpQy0MCpPc=
24,10,+ZaNbIuly+pvmZIsIQ0Bv7Swu98=,lku5fneL//QtMZN/aGpQy0MCpPc=
23,8,+ZaNbIuly+pvmZIsIQ0Bv7Swu98=,28w63REJIiBeCf/tcEwbJ53iaQc=
25,10,+ZaNbIuly+pvmZIsIQ0Bv7Swu98=,lku5fneL//QtMZN/aGpQy0MCpPc=
26,10,+ZaNbIuly+pvmZIsIQ0Bv7Swu98=,lku5fneL//QtMZN/aGpQy0MCpPc=
23,9,+ZaNbIuly+pvmZIsIQ0Bv7Swu98=,28w63REJIiBeCf/tcEwbJ53iaQc=
27,10,+ZaNbIuly+pvmZIsIQ0Bv7Swu98=,lku5fneL//QtMZN/aGpQy0MCpPc=
28,10,+ZaNbIuly+pvmZIsIQ0Bv7Swu98=,lku5fneL//QtMZN/aGpQy0MCpPc=
23,10,+ZaNbIuly+pvmZIsIQ0Bv7Swu98=,28w63REJIiBeCf/tcEwbJ53iaQc=
29,10,+ZaNbIuly+pvmZIsIQ0Bv7Swu98=,lku5fneL//QtMZN/aGpQy0MCpPc=
23,11,+ZaNbIuly+pvmZIsIQ0Bv7Swu98=,28w63REJIiBeCf/tcEwbJ53iaQc=
30,10,+ZaNbIuly+pvmZIsIQ0Bv7Swu98=,lku5fneL//QtMZN/aGpQy0MCpPc=
24,11,+ZaNbIuly+pvmZIsIQ0Bv7Swu98=,lku5fneL//QtMZN/aGpQy0MCpPc=
23,12,+ZaNbIuly+pvmZIsIQ0Bv7Swu98=,28w63REJIiBeCf/tcEwbJ53iaQc=
25,11,+ZaNbIuly+pvmZIsIQ0Bv7Swu98=,lku5fneL//QtMZN/aGpQy0MCpPc=
26,11,+ZaNbIuly+pvmZIsIQ0Bv7Swu98=,lku5fneL//QtMZN/aGpQy0MCpPc=
23,13,+ZaNbIuly+pvmZIsIQ0Bv7Swu98=,28w63REJIiBeCf/tcEwbJ53iaQc=
27,11,+ZaNbIuly+pvmZIsIQ0Bv7Swu98=,lku5fneL//QtMZN/aGpQy0MCpPc=
28,11,+ZaNbIuly+pvmZIsIQ0Bv7Swu98=,lku5fneL//QtMZN/aGpQy0MCpPc=
29,11,+ZaNbIuly+pvmZIsIQ0Bv7Swu98=,lku5fneL//QtMZN/aGpQy0MCpPc=
30,11,+ZaNbIuly+pvmZIsIQ0Bv7Swu98=,lku5fneL//QtMZN/aGpQy0MCpPc=
24,12,+ZaNbIuly+pvmZIsIQ0Bv7Swu98=,lku5fneL//QtMZN/aGpQy0MCpPc=
25,12,+ZaNbIuly+pvmZIsIQ0Bv7Swu98=,lku5fneL//QtMZN/aGpQy0MCpPc=
24,7,+ZaNbIuly+pvmZIsIQ0Bv7Swu98=,vZV+WK8umjpNfuiRa4u5+6RsRto=
25,7,+ZaNbIuly+pvmZIsIQ0Bv7Swu98=,vZV+WK8umjpNfuiRa4u5+6RsRto=
23,14,+ZaNbIuly+pvmZIsIQ0Bv7Swu98=,28w63REJIiBeCf/tcEwbJ53iaQc=
26,12,+ZaNbIuly+pvmZIsIQ0Bv7Swu98=,lku5fneL//QtMZN/aGpQy0MCpPc=
27,12,+ZaNbIuly+pvmZIsIQ0Bv7Swu98=,lku5fneL//QtMZN/aGpQy0MCpPc=
28,12,+ZaNbIuly+pvmZIsIQ0Bv7Swu98=,lku5fneL//QtMZN/aGpQy0MCpPc=
26,7,+ZaNbIuly+pvmZIsIQ0Bv7Swu98=,vZV+WK8umjpNfuiRa4u5+6RsRto=
27,7,+ZaNbIuly+pvmZIsIQ0Bv7Swu98=,vZV+WK8umjpNfuiRa4u5+6RsRto=
28,7,+ZaNbIuly+pvmZIsIQ0Bv7Swu98=,vZV+WK8umjpNfuiRa4u5+6RsRto=
29,12,+ZaNbIuly+pvmZIsIQ0Bv7Swu98=,lku5fneL//QtMZN/aGpQy0MCpPc=
30,12,+ZaNbIuly+pvmZIsIQ0Bv7Swu98=,lku5fneL//QtMZN/aGpQy0MCpPc=
29,7,+ZaNbIuly+pvmZIsIQ0Bv7Swu98=,vZV+WK8umjpNfuiRa4u5+6RsRto=
24,13,+ZaNbIuly+pvmZIsIQ0Bv7Swu98=,lku5fneL//QtMZN/aGpQy0MCpPc=
25,13,+ZaNbIuly+pvmZIsIQ0Bv7Swu98=,lku5fneL//QtMZN/aGpQy0MCpPc=
30,7,+ZaNbIuly+pvmZIsIQ0Bv7Swu98=,vZV+WK8umjpNfuiRa4u5+6RsRto=
26,13,+ZaNbIuly+pvmZIsIQ0Bv7Swu98=,lku5fneL//QtMZN/aGpQy0MCpPc=
27,13,+ZaNbIuly+pvmZIsIQ0Bv7Swu98=,lku5fneL//QtMZN/aGpQy0MCpPc=
31,3,+ZaNbIuly+pvmZIsIQ0Bv7Swu98=,vZV+WK8umjpNfuiRa4u5+6RsRto=
31,4,+ZaNbIuly+pvmZIsIQ0Bv7Swu98=,vZV+WK8umjpNfuiRa4u5+6RsRto=
31,1,+ZaNbIuly+pvmZIsIQ0Bv7Swu98=,vZV+WK8umjpNfuiRa4u5+6RsRto=
31,5,+ZaNbIuly+pvmZIsIQ0Bv7Swu98=,vZV+WK8umjpNfuiRa4u5+6RsRto=
31,6,+ZaNbIuly+pvmZIsIQ0Bv7Swu98=,vZV+WK8umjpNfuiRa4u5+6RsRto=
31,2,+ZaNbIuly+pvmZIsIQ0Bv7Swu98=,vZV+WK8umjpNfuiRa4u5+6RsRto=
31,13,+ZaNbIuly+pvmZIsIQ0Bv7Swu98=,lku5fneL//QtMZN/aGpQy0MCpPc=
31,14,+ZaNbIuly+pvmZIsIQ0Bv7Swu98=,lku5fneL//QtMZN/aGpQy0MCpPc=
31,8,+ZaNbIuly+pvmZIsIQ0Bv7Swu98=,lku5fneL//QtMZN/aGpQy0MCpPc=
31,9,+ZaNbIuly+pvmZIsIQ0Bv7Swu98=,lku5fneL//QtMZN/aGpQy0MCpPc=
31,10,s85wuctk8DOihpEV8KH/VfC0KuA=,lku5fneL//QtMZN/aGpQy0MCpPc=
31,11,s85wuctk8DOihpEV8KH/VfC0KuA=,lku5fneL//QtMZN/aGpQy0MCpPc=
31,12,s85wuctk8DOihpEV8KH/VfC0KuA=,lku5fneL//QtMZN/aGpQy0MCpPc=
31,7,s85wuctk8DOihpEV8KH/VfC0KuA=,vZV+WK8umjpNfuiRa4u5+6RsRto=
25,0,s85wuctk8DOihpEV8KH/VfC0KuA=,vZV+WK8umjpNfuiRa4u5+6RsRto=
26,0,s85wuctk8DOihpEV8KH/VfC0KuA=,vZV+WK8umjpNfuiRa4u5+6RsRto=
16,4,s85wuctk8DOihpEV8KH/VfC0KuA=,WcAnC2+RBXth5uBETZIPwIhJmGY=
16,5,s85wuctk8DOihpEV8KH/VfC0KuA=,WcAnC2+RBXth5uBETZIPwIhJmGY=
27,0,s85wuctk8DOihpEV8KH/VfC0KuA=,vZV+WK8umjpNfuiRa4u5+6RsRto=
16,6,s85wuctk8DOihpEV8KH/VfC0KuA=,WcAnC2+RBXth5uBETZIPwIhJmGY=
16,2,s85wuctk8DOihpEV8KH/VfC0KuA=,WcAnC2+RBXth5uBETZIPwIhJmGY=
28,0,s85wuctk8DOihpEV8KH/VfC0KuA=,vZV+WK8umjpNfuiRa4u5+6RsRto=
16,1,s85wuctk8DOihpEV8KH/VfC0KuA=,WcAnC2+RBXth5uBETZIPwIhJmGY=
29,0,s85wuctk8DOihpEV8KH/VfC0KuA=,vZV+WK8umjpNfuiRa4u5+6RsRto=
16,3,s85wuctk8DOihpEV8KH/VfC0KuA=,WcAnC2+RBXth5uBETZIPwIhJmGY=
30,0,s85wuctk8DOihpEV8KH/VfC0KuA=,vZV+WK8umjpNfuiRa4u5+6RsRto=
24,0,s85wuctk8DOihpEV8KH/VfC0KuA=,vZV+WK8umjpNfuiRa4u5+6RsRto=
19,0,s85wuctk8DOihpEV8KH/VfC0KuA=,WcAnC2+RBXth5uBETZIPwIhJmGY=
20,0,s85wuctk8DOihpEV8KH/VfC0KuA=,WcAnC2+RBXth5uBETZIPwIhJmGY=
21,0,s85wuctk8DOihpEV8KH/VfC0KuA=,WcAnC2+RBXth5uBETZIPwIhJmGY=
22,0,s85wuctk8DOihpEV8KH/VfC0KuA=,WcAnC2+RBXth5uBETZIPwIhJmGY=
16,8,s85wuctk8DOihpEV8KH/VfC0KuA=,28w63REJIiBeCf/tcEwbJ53iaQc=
23,0,s85wuctk8DOihpEV8KH/VfC0KuA=,WcAnC2+RBXth5uBETZIPwIhJmGY=
18,0,s85wuctk8DOihpEV8KH/VfC0KuA=,WcAnC2+RBXth5uBETZIPwIhJmGY=
17,0,s85wuctk8DOihpEV8KH/VfC0KuA=,WcAnC2+RBXth5uBETZIPwIhJmGY=
16,9,s85wuctk8DOihpEV8KH/VfC0KuA=,28w63REJIiBeCf/tcEwbJ53iaQc=
16,10,s85wuctk8DOihpEV8KH/VfC0KuA=,28w63REJIiBeCf/tcEwbJ53iaQc=
16,11,s85wuctk8DOihpEV8KH/VfC0KuA=,28w63REJIiBeCf/tcEwbJ53iaQc=
16,0,s85wuctk8DOihpEV8KH/VfC0KuA=,WcAnC2+RBXth5uBETZIPwIhJmGY=
16,7,s85wuctk8DOihpEV8KH/VfC0KuA=,WcAnC2+RBXth5uBETZIPwIhJmGY=
16,12,s85wuctk8DOihpEV8KH/VfC0KuA=,28w63REJIiBeCf/tcEwbJ53iaQc=
31,0,s85wuctk8DOihpEV8KH/VfC0KuA=,vZV+WK8umjpNfuiRa4u5+6RsRto=
16,13,s85wuctk8DOihpEV8KH/VfC0KuA=,28w63REJIiBeCf/tcEwbJ53iaQc=
16,14,s85wuctk8DOihpEV8KH/VfC0KuA=,28w63REJIiBeCf/tcEwbJ53iaQc=
20,15,s85wuctk8DOihpEV8KH/VfC0KuA=,28w63REJIiBeCf/tcEwbJ53iaQc=
23,15,s85wuctk8DOihpEV8KH/VfC0KuA=,28w63REJIiBeCf/tcEwbJ53iaQc=
21,15,s85wuctk8DOihpEV8KH/VfC0KuA=,28w63REJIiBeCf/tcEwbJ53iaQc=
22,15,s85wuctk8DOihpEV8KH/VfC0KuA=,28w63REJIiBeCf/tcEwbJ53iaQc=
24,15,s85wuctk8DOihpEV8KH/VfC0KuA=,lku5fneL//QtMZN/aGpQy0MCpPc=
16,15,s85wuctk8DOihpEV8KH/VfC0KuA=,28w63REJIiBeCf/tcEwbJ53iaQc=
25,15,s85wuctk8DOihpEV8KH/VfC0KuA=,lku5fneL//QtMZN/aGpQy0MCpPc=
17,15,s85wuctk8DOihpEV8KH/VfC0KuA=,28w63REJIiBeCf/tcEwbJ53iaQc=
26,15,s85wuctk8DOihpEV8KH/VfC0KuA=,lku5fneL//QtMZN/aGpQy0MCpPc=
18,15,s85wuctk8DOihpEV8KH/VfC0KuA=,28w63REJIiBeCf/tcEwbJ53iaQc=
27,15,s85wuctk8DOihpEV8KH/VfC0KuA=,lku5fneL//QtMZN/aGpQy0MCpPc=
19,15,s85wuctk8DOihpEV8KH/VfC0KuA=,28w63REJIiBeCf/tcEwbJ53iaQc=
28,15,s85wuctk8DOihpEV8KH/VfC0KuA=,lku5fneL//QtMZN/aGpQy0MCpPc=
31,15,s85wuctk8DOihpEV8KH/VfC0KuA=,lku5fneL//QtMZN/aGpQy0MCpPc=
29,15,s85wuctk8DOihpEV8KH/VfC0KuA=,lku5fneL//QtMZN/aGpQy0MCpPc=
30,15,s85wuctk8DOihpEV8KH/VfC0KuA=,lku5fneL//QtMZN/aGpQy0MCpPc=
