51,-37,AcvkkYy/R6mvSWCtkqnXndoHQac=,Y2UAIIEqCxYviryC4eWh9U5Lqnw=
50,-37,AcvkkYy/R6mvSWCtkqnXndoHQac=,Y2UAIIEqCxYviryC4eWh9U5Lqnw=
52,-37,AcvkkYy/R6mvSWCtkqnXndoHQac=,Y2UAIIEqCxYviryC4eWh9U5Lqnw=
49,-37,AcvkkYy/R6mvSWCtkqnXndoHQac=,Y2UAIIEqCxYviryC4eWh9U5Lqnw=
54,-37,AcvkkYy/R6mvSWCtkqnXndoHQac=,Y2UAIIEqCxYviryC4eWh9U5Lqnw=
49,-36,AcvkkYy/R6mvSWCtkqnXndoHQac=,Y2UAIIEqCxYviryC4eWh9U5Lqnw=
53,-37,AcvkkYy/R6mvSWCtkqnXndoHQac=,Y2UAIIEqCxYviryC4eWh9U5Lqnw=
54,-38,AcvkkYy/R6mvSWCtkqnXndoHQac=,Y2UAIIEqCxYviryC4eWh9U5Lqnw=
53,-38,AcvkkYy/R6mvSWCtkqnXndoHQac=,Y2UAIIEqCxYviryC4eWh9U5Lqnw=
50,-36,AcvkkYy/R6mvSWCtkqnXndoHQac=,Y2UAIIEqCxYviryC4eWh9U5Lqnw=
51,-36,AcvkkYy/R6mvSWCtkqnXndoHQac=,Y2UAIIEqCxYviryC4eWh9U5Lqnw=
52,-38,AcvkkYy/R6mvSWCtkqnXndoHQac=,Y2UAIIEqCxYviryC4eWh9U5Lqnw=
51,-38,AcvkkYy/R6mvSWCtkqnXndoHQac=,Y2UAIIEqCxYviryC4eWh9U5Lqnw=
52,-36,AcvkkYy/R6mvSWCtkqnXndoHQac=,Y2UAIIEqCxYviryC4eWh9U5Lqnw=
50,-38,AcvkkYy/R6mvSWCtkqnXndoHQac=,Y2UAIIEqCxYviryC4eWh9U5Lqnw=
53,-36,AcvkkYy/R6mvSWCtkqnXndoHQac=,Y2UAIIEqCxYviryC4eWh9U5Lqnw=
54,-39,AcvkkYy/R6mvSWCtkqnXndoHQac=,Y2UAIIEqCxYviryC4eWh9U5Lqnw=
49,-38,AcvkkYy/R6mvSWCtkqnXndoHQac=,Y2UAIIEqCxYviryC4eWh9U5Lqnw=
54,-36,AcvkkYy/R6mvSWCtkqnXndoHQac=,Y2UAIIEqCxYviryC4eWh9U5Lqnw=
53,-39,AcvkkYy/R6mvSWCtkqnXndoHQac=,Y2UAIIEqCxYviryC4eWh9U5Lqnw=
49,-35,AcvkkYy/R6mvSWCtkqnXndoHQac=,Y2UAIIEqCxYviryC4eWh9U5Lqnw=
50,-35,AcvkkYy/R6mvSWCtkqnXndoHQac=,Y2UAIIEqCxYviryC4eWh9U5Lqnw=
52,-39,AcvkkYy/R6mvSWCtkqnXndoHQac=,Y2UAIIEqCxYviryC4eWh9U5Lqnw=
51,-35,AcvkkYy/R6mvSWCtkqnXndoHQac=,Y2UAIIEqCxYviryC4eWh9U5Lqnw=
51,-39,AcvkkYy/R6mvSWCtkqnXndoHQac=,Y2UAIIEqCxYviryC4eWh9U5Lqnw=
54,-34,AcvkkYy/R6mvSWCtkqnXndoHQac=,Y2UAIIEqCxYviryC4eWh9U5Lqnw=
52,-35,AcvkkYy/R6mvSWCtkqnXndoHQac=,Y2UAIIEqCxYviryC4eWh9U5Lqnw=
49,-39,AcvkkYy/R6mvSWCtkqnXndoHQac=,Y2UAIIEqCxYviryC4eWh9U5Lqnw=
50,-39,AcvkkYy/R6mvSWCtkqnXndoHQac=,Y2UAIIEqCxYviryC4eWh9U5Lqnw=
53,-34,AcvkkYy/R6mvSWCtkqnXndoHQac=,Y2UAIIEqCxYviryC4eWh9U5Lqnw=
52,-34,AcvkkYy/R6mvSWCtkqnXndoHQac=,Y2UAIIEqCxYviryC4eWh9U5Lqnw=
53,-35,AcvkkYy/R6mvSWCtkqnXndoHQac=,Y2UAIIEqCxYviryC4eWh9U5Lqnw=
51,-34,AcvkkYy/R6mvSWCtkqnXndoHQac=,Y2UAIIEqCxYviryC4eWh9U5Lqnw=
50,-34,AcvkkYy/R6mvSWCtkqnXndoHQac=,Y2UAIIEqCxYviryC4eWh9U5Lqnw=
54,-35,AcvkkYy/R6mvSWCtkqnXndoHQac=,Y2UAIIEqCxYviryC4eWh9U5Lqnw=
49,-34,AcvkkYy/R6mvSWCtkqnXndoHQac=,Y2UAIIEqCxYviryC4eWh9U5Lqnw=
62,-35,AcvkkYy/R6mvSWCtkqnXndoHQac=,MaV6hi2trq6nOjr8/9Tmyiv/sUk=
61,-34,AcvkkYy/R6mvSWCtkqnXndoHQac=,MaV6hi2trq6nOjr8/9Tmyiv/sUk=
59,-39,AcvkkYy/R6mvSWCtkqnXndoHQac=,MaV6hi2trq6nOjr8/9Tmyiv/sUk=
61,-35,AcvkkYy/R6mvSWCtkqnXndoHQac=,MaV6hi2trq6nOjr8/9Tmyiv/sUk=
52,-43,AcvkkYy/R6mvSWCtkqnXndoHQac=,ax12JAT29yfisGl1O/ruzmxeyXQ=
53,-43,AcvkkYy/R6mvSWCtkqnXndoHQac=,ax12JAT29yfisGl1O/ruzmxeyXQ=
54,-43,AcvkkYy/R6mvSWCtkqnXndoHQac=,ax12JAT29yfisGl1O/ruzmxeyXQ=
60,-34,AcvkkYy/R6mvSWCtkqnXndoHQac=,MaV6hi2trq6nOjr8/9Tmyiv/sUk=
49,-42,AcvkkYy/R6mvSWCtkqnXndoHQac=,ax12JAT29yfisGl1O/ruzmxeyXQ=
50,-42,AcvkkYy/R6mvSWCtkqnXndoHQac=,ax12JAT29yfisGl1O/ruzmxeyXQ=
55,-38,AcvkkYy/R6mvSWCtkqnXndoHQac=,Y2UAIIEqCxYviryC4eWh9U5Lqnw=
57,-38,AcvkkYy/R6mvSWCtkqnXndoHQac=,MaV6hi2trq6nOjr8/9Tmyiv/sUk=
62,-34,AcvkkYy/R6mvSWCtkqnXndoHQac=,MaV6hi2trq6nOjr8/9Tmyiv/sUk=
59,-34,AcvkkYy/R6mvSWCtkqnXndoHQac=,MaV6hi2trq6nOjr8/9Tmyiv/sUk=
57,-34,AcvkkYy/R6mvSWCtkqnXndoHQac=,MaV6hi2trq6nOjr8/9Tmyiv/sUk=
60,-35,AcvkkYy/R6mvSWCtkqnXndoHQac=,MaV6hi2trq6nOjr8/9Tmyiv/sUk=
51,-42,AcvkkYy/R6mvSWCtkqnXndoHQac=,ax12JAT29yfisGl1O/ruzmxeyXQ=
58,-34,zQI5xZn/wHLzN6a0Qj0hduuNwfU=,MaV6hi2trq6nOjr8/9Tmyiv/sUk=
62,-36,zQI5xZn/wHLzN6a0Qj0hduuNwfU=,MaV6hi2trq6nOjr8/9Tmyiv/sUk=
52,-42,zQI5xZn/wHLzN6a0Qj0hduuNwfU=,ax12JAT29yfisGl1O/ruzmxeyXQ=
55,-39,zQI5xZn/wHLzN6a0Qj0hduuNwfU=,Y2UAIIEqCxYviryC4eWh9U5Lqnw=
53,-42,zQI5xZn/wHLzN6a0Qj0hduuNwfU=,ax12JAT29yfisGl1O/ruzmxeyXQ=
55,-34,zQI5xZn/wHLzN6a0Qj0hduuNwfU=,Y2UAIIEqCxYviryC4eWh9U5Lqnw=
59,-35,zQI5xZn/wHLzN6a0Qj0hduuNwfU=,MaV6hi2trq6nOjr8/9Tmyiv/sUk=
56,-38,zQI5xZn/wHLzN6a0Qj0hduuNwfU=,MaV6hi2trq6nOjr8/9Tmyiv/sUk=
58,-39,zQI5xZn/wHLzN6a0Qj0hduuNwfU=,MaV6hi2trq6nOjr8/9Tmyiv/sUk=
54,-42,zQI5xZn/wHLzN6a0Qj0hduuNwfU=,ax12JAT29yfisGl1O/ruzmxeyXQ=
58,-35,zQI5xZn/wHLzN6a0Qj0hduuNwfU=,MaV6hi2trq6nOjr8/9Tmyiv/sUk=
49,-47,zQI5xZn/wHLzN6a0Qj0hduuNwfU=,ax12JAT29yfisGl1O/ruzmxeyXQ=
61,-36,zQI5xZn/wHLzN6a0Qj0hduuNwfU=,MaV6hi2trq6nOjr8/9Tmyiv/sUk=
57,-39,zQI5xZn/wHLzN6a0Qj0hduuNwfU=,MaV6hi2trq6nOjr8/9Tmyiv/sUk=
50,-47,zQI5xZn/wHLzN6a0Qj0hduuNwfU=,ax12JAT29yfisGl1O/ruzmxeyXQ=
56,-39,zQI5xZn/wHLzN6a0Qj0hduuNwfU=,MaV6hi2trq6nOjr8/9Tmyiv/sUk=
49,-33,zQI5xZn/wHLzN6a0Qj0hduuNwfU=,Y2UAIIEqCxYviryC4eWh9U5Lqnw=
51,-43,zQI5xZn/wHLzN6a0Qj0hduuNwfU=,ax12JAT29yfisGl1O/ruzmxeyXQ=
60,-41,zQI5xZn/wHLzN6a0Qj0hduuNwfU=,hMd9DaqsSVh6ltXdA6SaHHBw7Ws=
50,-43,zQI5xZn/wHLzN6a0Qj0hduuNwfU=,ax12JAT29yfisGl1O/ruzmxeyXQ=
51,-47,zQI5xZn/wHLzN6a0Qj0hduuNwfU=,ax12JAT29yfisGl1O/ruzmxeyXQ=
60,-36,zQI5xZn/wHLzN6a0Qj0hduuNwfU=,MaV6hi2trq6nOjr8/9Tmyiv/sUk=
50,-33,zQI5xZn/wHLzN6a0Qj0hduuNwfU=,Y2UAIIEqCxYviryC4eWh9U5Lqnw=
49,-43,zQI5xZn/wHLzN6a0Qj0hduuNwfU=,ax12JAT29yfisGl1O/ruzmxeyXQ=
52,-47,zQI5xZn/wHLzN6a0Qj0hduuNwfU=,ax12JAT29yfisGl1O/ruzmxeyXQ=
54,-33,zQI5xZn/wHLzN6a0Qj0hduuNwfU=,Y2UAIIEqCxYviryC4eWh9U5Lqnw=
61,-41,zQI5xZn/wHLzN6a0Qj0hduuNwfU=,hMd9DaqsSVh6ltXdA6SaHHBw7Ws=
55,-43,zQI5xZn/wHLzN6a0Qj0hduuNwfU=,ax12JAT29yfisGl1O/ruzmxeyXQ=
51,-33,zQI5xZn/wHLzN6a0Qj0hduuNwfU=,Y2UAIIEqCxYviryC4eWh9U5Lqnw=
53,-47,zQI5xZn/wHLzN6a0Qj0hduuNwfU=,ax12JAT29yfisGl1O/ruzmxeyXQ=
62,-41,zQI5xZn/wHLzN6a0Qj0hduuNwfU=,hMd9DaqsSVh6ltXdA6SaHHBw7Ws=
54,-47,zQI5xZn/wHLzN6a0Qj0hduuNwfU=,ax12JAT29yfisGl1O/ruzmxeyXQ=
56,-40,zQI5xZn/wHLzN6a0Qj0hduuNwfU=,MaV6hi2trq6nOjr8/9Tmyiv/sUk=
49,-41,zQI5xZn/wHLzN6a0Qj0hduuNwfU=,ax12JAT29yfisGl1O/ruzmxeyXQ=
52,-33,zQI5xZn/wHLzN6a0Qj0hduuNwfU=,Y2UAIIEqCxYviryC4eWh9U5Lqnw=
51,-41,zQI5xZn/wHLzN6a0Qj0hduuNwfU=,ax12JAT29yfisGl1O/ruzmxeyXQ=
53,-33,zQI5xZn/wHLzN6a0Qj0hduuNwfU=,Y2UAIIEqCxYviryC4eWh9U5Lqnw=
50,-41,zQI5xZn/wHLzN6a0Qj0hduuNwfU=,ax12JAT29yfisGl1O/ruzmxeyXQ=
49,-46,zQI5xZn/wHLzN6a0Qj0hduuNwfU=,ax12JAT29yfisGl1O/ruzmxeyXQ=
51,-46,zQI5xZn/wHLzN6a0Qj0hduuNwfU=,ax12JAT29yfisGl1O/ruzmxeyXQ=
52,-46,zQI5xZn/wHLzN6a0Qj0hduuNwfU=,ax12JAT29yfisGl1O/ruzmxeyXQ=
57,-40,zQI5xZn/wHLzN6a0Qj0hduuNwfU=,MaV6hi2trq6nOjr8/9Tmyiv/sUk=
60,-40,zQI5xZn/wHLzN6a0Qj0hduuNwfU=,MaV6hi2trq6nOjr8/9Tmyiv/sUk=
55,-42,zQI5xZn/wHLzN6a0Qj0hduuNwfU=,ax12JAT29yfisGl1O/ruzmxeyXQ=
50,-46,zQI5xZn/wHLzN6a0Qj0hduuNwfU=,ax12JAT29yfisGl1O/ruzmxeyXQ=
53,-46,zQI5xZn/wHLzN6a0Qj0hduuNwfU=,ax12JAT29yfisGl1O/ruzmxeyXQ=
52,-41,zQI5xZn/wHLzN6a0Qj0hduuNwfU=,ax12JAT29yfisGl1O/ruzmxeyXQ=
61,-40,zQI5xZn/wHLzN6a0Qj0hduuNwfU=,MaV6hi2trq6nOjr8/9Tmyiv/sUk=
54,-41,zQI5xZn/wHLzN6a0Qj0hduuNwfU=,ax12JAT29yfisGl1O/ruzmxeyXQ=
54,-46,zQI5xZn/wHLzN6a0Qj0hduuNwfU=,ax12JAT29yfisGl1O/ruzmxeyXQ=
50,-45,zQI5xZn/wHLzN6a0Qj0hduuNwfU=,ax12JAT29yfisGl1O/ruzmxeyXQ=
58,-40,zQI5xZn/wHLzN6a0Qj0hduuNwfU=,MaV6hi2trq6nOjr8/9Tmyiv/sUk=
49,-45,zQI5xZn/wHLzN6a0Qj0hduuNwfU=,ax12JAT29yfisGl1O/ruzmxeyXQ=
53,-41,zQI5xZn/wHLzN6a0Qj0hduuNwfU=,ax12JAT29yfisGl1O/ruzmxeyXQ=
56,-47,zQI5xZn/wHLzN6a0Qj0hduuNwfU=,hMd9DaqsSVh6ltXdA6SaHHBw7Ws=
52,-45,zQI5xZn/wHLzN6a0Qj0hduuNwfU=,ax12JAT29yfisGl1O/ruzmxeyXQ=
57,-47,zQI5xZn/wHLzN6a0Qj0hduuNwfU=,hMd9DaqsSVh6ltXdA6SaHHBw7Ws=
49,-40,zQI5xZn/wHLzN6a0Qj0hduuNwfU=,Y2UAIIEqCxYviryC4eWh9U5Lqnw=
51,-45,zQI5xZn/wHLzN6a0Qj0hduuNwfU=,ax12JAT29yfisGl1O/ruzmxeyXQ=
52,-40,zQI5xZn/wHLzN6a0Qj0hduuNwfU=,Y2UAIIEqCxYviryC4eWh9U5Lqnw=
53,-45,zQI5xZn/wHLzN6a0Qj0hduuNwfU=,ax12JAT29yfisGl1O/ruzmxeyXQ=
51,-40,zQI5xZn/wHLzN6a0Qj0hduuNwfU=,Y2UAIIEqCxYviryC4eWh9U5Lqnw=
58,-47,zQI5xZn/wHLzN6a0Qj0hduuNwfU=,hMd9DaqsSVh6ltXdA6SaHHBw7Ws=
50,-40,zQI5xZn/wHLzN6a0Qj0hduuNwfU=,Y2UAIIEqCxYviryC4eWh9U5Lqnw=
54,-40,zQI5xZn/wHLzN6a0Qj0hduuNwfU=,Y2UAIIEqCxYviryC4eWh9U5Lqnw=
53,-40,zQI5xZn/wHLzN6a0Qj0hduuNwfU=,Y2UAIIEqCxYviryC4eWh9U5Lqnw=
54,-45,zQI5xZn/wHLzN6a0Qj0hduuNwfU=,ax12JAT29yfisGl1O/ruzmxeyXQ=
59,-47,zQI5xZn/wHLzN6a0Qj0hduuNwfU=,hMd9DaqsSVh6ltXdA6SaHHBw7Ws=
49,-44,zQI5xZn/wHLzN6a0Qj0hduuNwfU=,ax12JAT29yfisGl1O/ruzmxeyXQ=
50,-44,zQI5xZn/wHLzN6a0Qj0hduuNwfU=,ax12JAT29yfisGl1O/ruzmxeyXQ=
52,-44,zQI5xZn/wHLzN6a0Qj0hduuNwfU=,ax12JAT29yfisGl1O/ruzmxeyXQ=
53,-44,zQI5xZn/wHLzN6a0Qj0hduuNwfU=,ax12JAT29yfisGl1O/ruzmxeyXQ=
60,-47,zQI5xZn/wHLzN6a0Qj0hduuNwfU=,hMd9DaqsSVh6ltXdA6SaHHBw7Ws=
51,-44,zQI5xZn/wHLzN6a0Qj0hduuNwfU=,ax12JAT29yfisGl1O/ruzmxeyXQ=
54,-44,zQI5xZn/wHLzN6a0Qj0hduuNwfU=,ax12JAT29yfisGl1O/ruzmxeyXQ=
55,-35,zQI5xZn/wHLzN6a0Qj0hduuNwfU=,Y2UAIIEqCxYviryC4eWh9U5Lqnw=
61,-47,zQI5xZn/wHLzN6a0Qj0hduuNwfU=,hMd9DaqsSVh6ltXdA6SaHHBw7Ws=
62,-47,zQI5xZn/wHLzN6a0Qj0hduuNwfU=,hMd9DaqsSVh6ltXdA6SaHHBw7Ws=
59,-36,zQI5xZn/wHLzN6a0Qj0hduuNwfU=,MaV6hi2trq6nOjr8/9Tmyiv/sUk=
59,-41,zQI5xZn/wHLzN6a0Qj0hduuNwfU=,hMd9DaqsSVh6ltXdA6SaHHBw7Ws=
63,-35,zQI5xZn/wHLzN6a0Qj0hduuNwfU=,MaV6hi2trq6nOjr8/9Tmyiv/sUk=
58,-36,zQI5xZn/wHLzN6a0Qj0hduuNwfU=,MaV6hi2trq6nOjr8/9Tmyiv/sUk=
55,-36,zQI5xZn/wHLzN6a0Qj0hduuNwfU=,Y2UAIIEqCxYviryC4eWh9U5Lqnw=
62,-40,zQI5xZn/wHLzN6a0Qj0hduuNwfU=,MaV6hi2trq6nOjr8/9Tmyiv/sUk=
63,-38,zQI5xZn/wHLzN6a0Qj0hduuNwfU=,MaV6hi2trq6nOjr8/9Tmyiv/sUk=
62,-39,zQI5xZn/wHLzN6a0Qj0hduuNwfU=,MaV6hi2trq6nOjr8/9Tmyiv/sUk=
63,-37,zQI5xZn/wHLzN6a0Qj0hduuNwfU=,MaV6hi2trq6nOjr8/9Tmyiv/sUk=
58,-41,zQI5xZn/wHLzN6a0Qj0hduuNwfU=,hMd9DaqsSVh6ltXdA6SaHHBw7Ws=
55,-47,zQI5xZn/wHLzN6a0Qj0hduuNwfU=,ax12JAT29yfisGl1O/ruzmxeyXQ=
62,-37,zQI5xZn/wHLzN6a0Qj0hduuNwfU=,MaV6hi2trq6nOjr8/9Tmyiv/sUk=
56,-46,zQI5xZn/wHLzN6a0Qj0hduuNwfU=,hMd9DaqsSVh6ltXdA6SaHHBw7Ws=
63,-39,zQI5xZn/wHLzN6a0Qj0hduuNwfU=,MaV6hi2trq6nOjr8/9Tmyiv/sUk=
57,-46,zQI5xZn/wHLzN6a0Qj0hduuNwfU=,hMd9DaqsSVh6ltXdA6SaHHBw7Ws=
61,-37,zQI5xZn/wHLzN6a0Qj0hduuNwfU=,MaV6hi2trq6nOjr8/9Tmyiv/sUk=
57,-41,zQI5xZn/wHLzN6a0Qj0hduuNwfU=,hMd9DaqsSVh6ltXdA6SaHHBw7Ws=
63,-36,zQI5xZn/wHLzN6a0Qj0hduuNwfU=,MaV6hi2trq6nOjr8/9Tmyiv/sUk=
63,-34,zQI5xZn/wHLzN6a0Qj0hduuNwfU=,MaV6hi2trq6nOjr8/9Tmyiv/sUk=
60,-37,zQI5xZn/wHLzN6a0Qj0hduuNwfU=,MaV6hi2trq6nOjr8/9Tmyiv/sUk=
60,-33,zQI5xZn/wHLzN6a0Qj0hduuNwfU=,MaV6hi2trq6nOjr8/9Tmyiv/sUk=
57,-37,zQI5xZn/wHLzN6a0Qj0hduuNwfU=,MaV6hi2trq6nOjr8/9Tmyiv/sUk=
58,-46,zQI5xZn/wHLzN6a0Qj0hduuNwfU=,hMd9DaqsSVh6ltXdA6SaHHBw7Ws=
63,-41,zQI5xZn/wHLzN6a0Qj0hduuNwfU=,hMd9DaqsSVh6ltXdA6SaHHBw7Ws=
61,-39,zQI5xZn/wHLzN6a0Qj0hduuNwfU=,MaV6hi2trq6nOjr8/9Tmyiv/sUk=
61,-33,zQI5xZn/wHLzN6a0Qj0hduuNwfU=,MaV6hi2trq6nOjr8/9Tmyiv/sUk=
63,-47,zQI5xZn/wHLzN6a0Qj0hduuNwfU=,hMd9DaqsSVh6ltXdA6SaHHBw7Ws=
56,-37,zQI5xZn/wHLzN6a0Qj0hduuNwfU=,MaV6hi2trq6nOjr8/9Tmyiv/sUk=
59,-46,zQI5xZn/wHLzN6a0Qj0hduuNwfU=,hMd9DaqsSVh6ltXdA6SaHHBw7Ws=
60,-46,zQI5xZn/wHLzN6a0Qj0hduuNwfU=,hMd9DaqsSVh6ltXdA6SaHHBw7Ws=
59,-37,zQI5xZn/wHLzN6a0Qj0hduuNwfU=,MaV6hi2trq6nOjr8/9Tmyiv/sUk=
62,-38,zQI5xZn/wHLzN6a0Qj0hduuNwfU=,MaV6hi2trq6nOjr8/9Tmyiv/sUk=
61,-46,zQI5xZn/wHLzN6a0Qj0hduuNwfU=,hMd9DaqsSVh6ltXdA6SaHHBw7Ws=
63,-40,zQI5xZn/wHLzN6a0Qj0hduuNwfU=,MaV6hi2trq6nOjr8/9Tmyiv/sUk=
55,-33,zQI5xZn/wHLzN6a0Qj0hduuNwfU=,Y2UAIIEqCxYviryC4eWh9U5Lqnw=
63,-46,zQI5xZn/wHLzN6a0Qj0hduuNwfU=,hMd9DaqsSVh6ltXdA6SaHHBw7Ws=
61,-38,zQI5xZn/wHLzN6a0Qj0hduuNwfU=,MaV6hi2trq6nOjr8/9Tmyiv/sUk=
62,-33,zQI5xZn/wHLzN6a0Qj0hduuNwfU=,MaV6hi2trq6nOjr8/9Tmyiv/sUk=
56,-33,zQI5xZn/wHLzN6a0Qj0hduuNwfU=,MaV6hi2trq6nOjr8/9Tmyiv/sUk=
57,-33,zQI5xZn/wHLzN6a0Qj0hduuNwfU=,MaV6hi2trq6nOjr8/9Tmyiv/sUk=
62,-46,zQI5xZn/wHLzN6a0Qj0hduuNwfU=,hMd9DaqsSVh6ltXdA6SaHHBw7Ws=
56,-41,zQI5xZn/wHLzN6a0Qj0hduuNwfU=,hMd9DaqsSVh6ltXdA6SaHHBw7Ws=
55,-44,zQI5xZn/wHLzN6a0Qj0hduuNwfU=,ax12JAT29yfisGl1O/ruzmxeyXQ=
63,-45,zQI5xZn/wHLzN6a0Qj0hduuNwfU=,hMd9DaqsSVh6ltXdA6SaHHBw7Ws=
63,-42,zQI5xZn/wHLzN6a0Qj0hduuNwfU=,hMd9DaqsSVh6ltXdA6SaHHBw7Ws=
55,-46,zQI5xZn/wHLzN6a0Qj0hduuNwfU=,ax12JAT29yfisGl1O/ruzmxeyXQ=
63,-44,zQI5xZn/wHLzN6a0Qj0hduuNwfU=,hMd9DaqsSVh6ltXdA6SaHHBw7Ws=
58,-33,zQI5xZn/wHLzN6a0Qj0hduuNwfU=,MaV6hi2trq6nOjr8/9Tmyiv/sUk=
56,-45,zQI5xZn/wHLzN6a0Qj0hduuNwfU=,hMd9DaqsSVh6ltXdA6SaHHBw7Ws=
63,-43,zQI5xZn/wHLzN6a0Qj0hduuNwfU=,hMd9DaqsSVh6ltXdA6SaHHBw7Ws=
58,-37,zQI5xZn/wHLzN6a0Qj0hduuNwfU=,MaV6hi2trq6nOjr8/9Tmyiv/sUk=
59,-33,zQI5xZn/wHLzN6a0Qj0hduuNwfU=,MaV6hi2trq6nOjr8/9Tmyiv/sUk=
57,-45,zQI5xZn/wHLzN6a0Qj0hduuNwfU=,hMd9DaqsSVh6ltXdA6SaHHBw7Ws=
59,-40,zQI5xZn/wHLzN6a0Qj0hduuNwfU=,MaV6hi2trq6nOjr8/9Tmyiv/sUk=
60,-38,zQI5xZn/wHLzN6a0Qj0hduuNwfU=,MaV6hi2trq6nOjr8/9Tmyiv/sUk=
58,-45,zQI5xZn/wHLzN6a0Qj0hduuNwfU=,hMd9DaqsSVh6ltXdA6SaHHBw7Ws=
59,-38,zQI5xZn/wHLzN6a0Qj0hduuNwfU=,MaV6hi2trq6nOjr8/9Tmyiv/sUk=
62,-42,zQI5xZn/wHLzN6a0Qj0hduuNwfU=,hMd9DaqsSVh6ltXdA6SaHHBw7Ws=
57,-36,zQI5xZn/wHLzN6a0Qj0hduuNwfU=,MaV6hi2trq6nOjr8/9Tmyiv/sUk=
58,-38,zQI5xZn/wHLzN6a0Qj0hduuNwfU=,MaV6hi2trq6nOjr8/9Tmyiv/sUk=
59,-45,zQI5xZn/wHLzN6a0Qj0hduuNwfU=,hMd9DaqsSVh6ltXdA6SaHHBw7Ws=
61,-42,zQI5xZn/wHLzN6a0Qj0hduuNwfU=,hMd9DaqsSVh6ltXdA6SaHHBw7Ws=
60,-45,zQI5xZn/wHLzN6a0Qj0hduuNwfU=,hMd9DaqsSVh6ltXdA6SaHHBw7Ws=
57,-35,zQI5xZn/wHLzN6a0Qj0hduuNwfU=,MaV6hi2trq6nOjr8/9Tmyiv/sUk=
56,-36,zQI5xZn/wHLzN6a0Qj0hduuNwfU=,MaV6hi2trq6nOjr8/9Tmyiv/sUk=
61,-45,zQI5xZn/wHLzN6a0Qj0hduuNwfU=,hMd9DaqsSVh6ltXdA6SaHHBw7Ws=
55,-37,zQI5xZn/wHLzN6a0Qj0hduuNwfU=,Y2UAIIEqCxYviryC4eWh9U5Lqnw=
56,-34,zQI5xZn/wHLzN6a0Qj0hduuNwfU=,MaV6hi2trq6nOjr8/9Tmyiv/sUk=
60,-39,zQI5xZn/wHLzN6a0Qj0hduuNwfU=,MaV6hi2trq6nOjr8/9Tmyiv/sUk=
62,-45,zQI5xZn/wHLzN6a0Qj0hduuNwfU=,hMd9DaqsSVh6ltXdA6SaHHBw7Ws=
55,-41,zQI5xZn/wHLzN6a0Qj0hduuNwfU=,ax12JAT29yfisGl1O/ruzmxeyXQ=
60,-42,zQI5xZn/wHLzN6a0Qj0hduuNwfU=,hMd9DaqsSVh6ltXdA6SaHHBw7Ws=
59,-42,zQI5xZn/wHLzN6a0Qj0hduuNwfU=,hMd9DaqsSVh6ltXdA6SaHHBw7Ws=
56,-44,zQI5xZn/wHLzN6a0Qj0hduuNwfU=,hMd9DaqsSVh6ltXdA6SaHHBw7Ws=
57,-44,zQI5xZn/wHLzN6a0Qj0hduuNwfU=,hMd9DaqsSVh6ltXdA6SaHHBw7Ws=
48,-42,zQI5xZn/wHLzN6a0Qj0hduuNwfU=,ax12JAT29yfisGl1O/ruzmxeyXQ=
48,-36,zQI5xZn/wHLzN6a0Qj0hduuNwfU=,Y2UAIIEqCxYviryC4eWh9U5Lqnw=
56,-35,zQI5xZn/wHLzN6a0Qj0hduuNwfU=,MaV6hi2trq6nOjr8/9Tmyiv/sUk=
48,-47,zQI5xZn/wHLzN6a0Qj0hduuNwfU=,ax12JAT29yfisGl1O/ruzmxeyXQ=
48,-35,zQI5xZn/wHLzN6a0Qj0hduuNwfU=,Y2UAIIEqCxYviryC4eWh9U5Lqnw=
58,-44,zQI5xZn/wHLzN6a0Qj0hduuNwfU=,hMd9DaqsSVh6ltXdA6SaHHBw7Ws=
48,-34,zQI5xZn/wHLzN6a0Qj0hduuNwfU=,Y2UAIIEqCxYviryC4eWh9U5Lqnw=
48,-33,zQI5xZn/wHLzN6a0Qj0hduuNwfU=,Y2UAIIEqCxYviryC4eWh9U5Lqnw=
48,-41,zQI5xZn/wHLzN6a0Qj0hduuNwfU=,ax12JAT29yfisGl1O/ruzmxeyXQ=
59,-44,zQI5xZn/wHLzN6a0Qj0hduuNwfU=,hMd9DaqsSVh6ltXdA6SaHHBw7Ws=
60,-44,zQI5xZn/wHLzN6a0Qj0hduuNwfU=,hMd9DaqsSVh6ltXdA6SaHHBw7Ws=
48,-39,zQI5xZn/wHLzN6a0Qj0hduuNwfU=,Y2UAIIEqCxYviryC4eWh9U5Lqnw=
48,-46,zQI5xZn/wHLzN6a0Qj0hduuNwfU=,ax12JAT29yfisGl1O/ruzmxeyXQ=
48,-45,zQI5xZn/wHLzN6a0Qj0hduuNwfU=,ax12JAT29yfisGl1O/ruzmxeyXQ=
61,-44,zQI5xZn/wHLzN6a0Qj0hduuNwfU=,hMd9DaqsSVh6ltXdA6SaHHBw7Ws=
48,-38,zQI5xZn/wHLzN6a0Qj0hduuNwfU=,Y2UAIIEqCxYviryC4eWh9U5Lqnw=
62,-44,zQI5xZn/wHLzN6a0Qj0hduuNwfU=,hMd9DaqsSVh6ltXdA6SaHHBw7Ws=
48,-37,zQI5xZn/wHLzN6a0Qj0hduuNwfU=,Y2UAIIEqCxYviryC4eWh9U5Lqnw=
55,-40,zQI5xZn/wHLzN6a0Qj0hduuNwfU=,Y2UAIIEqCxYviryC4eWh9U5Lqnw=
48,-40,zQI5xZn/wHLzN6a0Qj0hduuNwfU=,Y2UAIIEqCxYviryC4eWh9U5Lqnw=
48,-43,zQI5xZn/wHLzN6a0Qj0hduuNwfU=,ax12JAT29yfisGl1O/ruzmxeyXQ=
48,-44,zQI5xZn/wHLzN6a0Qj0hduuNwfU=,ax12JAT29yfisGl1O/ruzmxeyXQ=
55,-45,zQI5xZn/wHLzN6a0Qj0hduuNwfU=,ax12JAT29yfisGl1O/ruzmxeyXQ=
63,-33,zQI5xZn/wHLzN6a0Qj0hduuNwfU=,MaV6hi2trq6nOjr8/9Tmyiv/sUk=
58,-42,zQI5xZn/wHLzN6a0Qj0hduuNwfU=,hMd9DaqsSVh6ltXdA6SaHHBw7Ws=
57,-42,zQI5xZn/wHLzN6a0Qj0hduuNwfU=,hMd9DaqsSVh6ltXdA6SaHHBw7Ws=
62,-43,zQI5xZn/wHLzN6a0Qj0hduuNwfU=,hMd9DaqsSVh6ltXdA6SaHHBw7Ws=
56,-43,zQI5xZn/wHLzN6a0Qj0hduuNwfU=,hMd9DaqsSVh6ltXdA6SaHHBw7Ws=
56,-42,zQI5xZn/wHLzN6a0Qj0hduuNwfU=,hMd9DaqsSVh6ltXdA6SaHHBw7Ws=
60,-43,zQI5xZn/wHLzN6a0Qj0hduuNwfU=,hMd9DaqsSVh6ltXdA6SaHHBw7Ws=
59,-43,zQI5xZn/wHLzN6a0Qj0hduuNwfU=,hMd9DaqsSVh6ltXdA6SaHHBw7Ws=
57,-43,zQI5xZn/wHLzN6a0Qj0hduuNwfU=,hMd9DaqsSVh6ltXdA6SaHHBw7Ws=
61,-43,zQI5xZn/wHLzN6a0Qj0hduuNwfU=,hMd9DaqsSVh6ltXdA6SaHHBw7Ws=
58,-43,zQI5xZn/wHLzN6a0Qj0hduuNwfU=,hMd9DaqsSVh6ltXdA6SaHHBw7Ws=
54,-48,zQI5xZn/wHLzN6a0Qj0hduuNwfU=,ax12JAT29yfisGl1O/ruzmxeyXQ=
53,-48,zQI5xZn/wHLzN6a0Qj0hduuNwfU=,ax12JAT29yfisGl1O/ruzmxeyXQ=
52,-48,zQI5xZn/wHLzN6a0Qj0hduuNwfU=,ax12JAT29yfisGl1O/ruzmxeyXQ=
51,-48,zQI5xZn/wHLzN6a0Qj0hduuNwfU=,ax12JAT29yfisGl1O/ruzmxeyXQ=
48,-48,zQI5xZn/wHLzN6a0Qj0hduuNwfU=,ax12JAT29yfisGl1O/ruzmxeyXQ=
50,-48,zQI5xZn/wHLzN6a0Qj0hduuNwfU=,ax12JAT29yfisGl1O/ruzmxeyXQ=
63,-48,zQI5xZn/wHLzN6a0Qj0hduuNwfU=,hMd9DaqsSVh6ltXdA6SaHHBw7Ws=
55,-48,zQI5xZn/wHLzN6a0Qj0hduuNwfU=,ax12JAT29yfisGl1O/ruzmxeyXQ=
49,-48,zQI5xZn/wHLzN6a0Qj0hduuNwfU=,ax12JAT29yfisGl1O/ruzmxeyXQ=
60,-48,zQI5xZn/wHLzN6a0Qj0hduuNwfU=,hMd9DaqsSVh6ltXdA6SaHHBw7Ws=
56,-48,zQI5xZn/wHLzN6a0Qj0hduuNwfU=,hMd9DaqsSVh6ltXdA6SaHHBw7Ws=
61,-48,zQI5xZn/wHLzN6a0Qj0hduuNwfU=,hMd9DaqsSVh6ltXdA6SaHHBw7Ws=
57,-48,zQI5xZn/wHLzN6a0Qj0hduuNwfU=,hMd9DaqsSVh6ltXdA6SaHHBw7Ws=
62,-48,zQI5xZn/wHLzN6a0Qj0hduuNwfU=,hMd9DaqsSVh6ltXdA6SaHHBw7Ws=
58,-48,zQI5xZn/wHLzN6a0Qj0hduuNwfU=,hMd9DaqsSVh6ltXdA6SaHHBw7Ws=
59,-48,zQI5xZn/wHLzN6a0Qj0hduuNwfU=,hMd9DaqsSVh6ltXdA6SaHHBw7Ws=
51,-59,CxR2Ac3JqvB8QABTKXwPd56Bzjk=,frFMrj80nVHg2iH7kVQtxFosamc=
49,-59,CxR2Ac3JqvB8QABTKXwPd56Bzjk=,frFMrj80nVHg2iH7kVQtxFosamc=
50,-59,CxR2Ac3JqvB8QABTKXwPd56Bzjk=,frFMrj80nVHg2iH7kVQtxFosamc=
54,-60,CxR2Ac3JqvB8QABTKXwPd56Bzjk=,frFMrj80nVHg2iH7kVQtxFosamc=
53,-60,CxR2Ac3JqvB8QABTKXwPd56Bzjk=,frFMrj80nVHg2iH7kVQtxFosamc=
51,-60,CxR2Ac3JqvB8QABTKXwPd56Bzjk=,frFMrj80nVHg2iH7kVQtxFosamc=
52,-59,CxR2Ac3JqvB8QABTKXwPd56Bzjk=,frFMrj80nVHg2iH7kVQtxFosamc=
50,-60,CxR2Ac3JqvB8QABTKXwPd56Bzjk=,frFMrj80nVHg2iH7kVQtxFosamc=
52,-60,CxR2Ac3JqvB8QABTKXwPd56Bzjk=,frFMrj80nVHg2iH7kVQtxFosamc=
54,-59,CxR2Ac3JqvB8QABTKXwPd56Bzjk=,frFMrj80nVHg2iH7kVQtxFosamc=
50,-58,CxR2Ac3JqvB8QABTKXwPd56Bzjk=,frFMrj80nVHg2iH7kVQtxFosamc=
53,-59,CxR2Ac3JqvB8QABTKXwPd56Bzjk=,frFMrj80nVHg2iH7kVQtxFosamc=
49,-58,CxR2Ac3JqvB8QABTKXwPd56Bzjk=,frFMrj80nVHg2iH7kVQtxFosamc=
54,-58,CxR2Ac3JqvB8QABTKXwPd56Bzjk=,frFMrj80nVHg2iH7kVQtxFosamc=
51,-58,CxR2Ac3JqvB8QABTKXwPd56Bzjk=,frFMrj80nVHg2iH7kVQtxFosamc=
50,-63,CxR2Ac3JqvB8QABTKXwPd56Bzjk=,frFMrj80nVHg2iH7kVQtxFosamc=
52,-58,CxR2Ac3JqvB8QABTKXwPd56Bzjk=,frFMrj80nVHg2iH7kVQtxFosamc=
49,-63,CxR2Ac3JqvB8QABTKXwPd56Bzjk=,frFMrj80nVHg2iH7kVQtxFosamc=
54,-63,CxR2Ac3JqvB8QABTKXwPd56Bzjk=,frFMrj80nVHg2iH7kVQtxFosamc=
53,-63,CxR2Ac3JqvB8QABTKXwPd56Bzjk=,frFMrj80nVHg2iH7kVQtxFosamc=
53,-58,CxR2Ac3JqvB8QABTKXwPd56Bzjk=,frFMrj80nVHg2iH7kVQtxFosamc=
52,-63,CxR2Ac3JqvB8QABTKXwPd56Bzjk=,frFMrj80nVHg2iH7kVQtxFosamc=
51,-62,CxR2Ac3JqvB8QABTKXwPd56Bzjk=,frFMrj80nVHg2iH7kVQtxFosamc=
51,-63,CxR2Ac3JqvB8QABTKXwPd56Bzjk=,frFMrj80nVHg2iH7kVQtxFosamc=
49,-62,CxR2Ac3JqvB8QABTKXwPd56Bzjk=,frFMrj80nVHg2iH7kVQtxFosamc=
50,-62,CxR2Ac3JqvB8QABTKXwPd56Bzjk=,frFMrj80nVHg2iH7kVQtxFosamc=
50,-61,CxR2Ac3JqvB8QABTKXwPd56Bzjk=,frFMrj80nVHg2iH7kVQtxFosamc=
52,-62,CxR2Ac3JqvB8QABTKXwPd56Bzjk=,frFMrj80nVHg2iH7kVQtxFosamc=
54,-62,CxR2Ac3JqvB8QABTKXwPd56Bzjk=,frFMrj80nVHg2iH7kVQtxFosamc=
52,-61,5C1O5sIcSdHgh74pYRwFQ/qXVqs=,frFMrj80nVHg2iH7kVQtxFosamc=
53,-61,5C1O5sIcSdHgh74pYRwFQ/qXVqs=,frFMrj80nVHg2iH7kVQtxFosamc=
49,-61,5C1O5sIcSdHgh74pYRwFQ/qXVqs=,frFMrj80nVHg2iH7kVQtxFosamc=
53,-62,5C1O5sIcSdHgh74pYRwFQ/qXVqs=,frFMrj80nVHg2iH7kVQtxFosamc=
51,-61,5C1O5sIcSdHgh74pYRwFQ/qXVqs=,frFMrj80nVHg2iH7kVQtxFosamc=
49,-60,5C1O5sIcSdHgh74pYRwFQ/qXVqs=,frFMrj80nVHg2iH7kVQtxFosamc=
54,-61,5C1O5sIcSdHgh74pYRwFQ/qXVqs=,frFMrj80nVHg2iH7kVQtxFosamc=
60,-50,5C1O5sIcSdHgh74pYRwFQ/qXVqs=,rK0DrvQAzwFexCFNXBxyYk4vFow=
61,-50,5C1O5sIcSdHgh74pYRwFQ/qXVqs=,rK0DrvQAzwFexCFNXBxyYk4vFow=
62,-51,5C1O5sIcSdHgh74pYRwFQ/qXVqs=,rK0DrvQAzwFexCFNXBxyYk4vFow=
59,-50,5C1O5sIcSdHgh74pYRwFQ/qXVqs=,rK0DrvQAzwFexCFNXBxyYk4vFow=
58,-54,5C1O5sIcSdHgh74pYRwFQ/qXVqs=,rK0DrvQAzwFexCFNXBxyYk4vFow=
61,-51,5C1O5sIcSdHgh74pYRwFQ/qXVqs=,rK0DrvQAzwFexCFNXBxyYk4vFow=
57,-50,5C1O5sIcSdHgh74pYRwFQ/qXVqs=,rK0DrvQAzwFexCFNXBxyYk4vFow=
58,-50,5C1O5sIcSdHgh74pYRwFQ/qXVqs=,rK0DrvQAzwFexCFNXBxyYk4vFow=
58,-53,5C1O5sIcSdHgh74pYRwFQ/qXVqs=,rK0DrvQAzwFexCFNXBxyYk4vFow=
60,-51,5C1O5sIcSdHgh74pYRwFQ/qXVqs=,rK0DrvQAzwFexCFNXBxyYk4vFow=
62,-50,5C1O5sIcSdHgh74pYRwFQ/qXVqs=,rK0DrvQAzwFexCFNXBxyYk4vFow=
57,-53,5C1O5sIcSdHgh74pYRwFQ/qXVqs=,rK0DrvQAzwFexCFNXBxyYk4vFow=
62,-52,5C1O5sIcSdHgh74pYRwFQ/qXVqs=,rK0DrvQAzwFexCFNXBxyYk4vFow=
62,-53,5C1O5sIcSdHgh74pYRwFQ/qXVqs=,rK0DrvQAzwFexCFNXBxyYk4vFow=
57,-54,5C1O5sIcSdHgh74pYRwFQ/qXVqs=,rK0DrvQAzwFexCFNXBxyYk4vFow=
57,-55,5C1O5sIcSdHgh74pYRwFQ/qXVqs=,rK0DrvQAzwFexCFNXBxyYk4vFow=
59,-51,5C1O5sIcSdHgh74pYRwFQ/qXVqs=,rK0DrvQAzwFexCFNXBxyYk4vFow=
61,-53,5C1O5sIcSdHgh74pYRwFQ/qXVqs=,rK0DrvQAzwFexCFNXBxyYk4vFow=
61,-52,5C1O5sIcSdHgh74pYRwFQ/qXVqs=,rK0DrvQAzwFexCFNXBxyYk4vFow=
59,-55,5C1O5sIcSdHgh74pYRwFQ/qXVqs=,rK0DrvQAzwFexCFNXBxyYk4vFow=
60,-55,5C1O5sIcSdHgh74pYRwFQ/qXVqs=,rK0DrvQAzwFexCFNXBxyYk4vFow=
60,-52,5C1O5sIcSdHgh74pYRwFQ/qXVqs=,rK0DrvQAzwFexCFNXBxyYk4vFow=
57,-51,5C1O5sIcSdHgh74pYRwFQ/qXVqs=,rK0DrvQAzwFexCFNXBxyYk4vFow=
60,-53,5C1O5sIcSdHgh74pYRwFQ/qXVqs=,rK0DrvQAzwFexCFNXBxyYk4vFow=
59,-52,5C1O5sIcSdHgh74pYRwFQ/qXVqs=,rK0DrvQAzwFexCFNXBxyYk4vFow=
62,-54,5C1O5sIcSdHgh74pYRwFQ/qXVqs=,rK0DrvQAzwFexCFNXBxyYk4vFow=
58,-52,5C1O5sIcSdHgh74pYRwFQ/qXVqs=,rK0DrvQAzwFexCFNXBxyYk4vFow=
60,-54,5C1O5sIcSdHgh74pYRwFQ/qXVqs=,rK0DrvQAzwFexCFNXBxyYk4vFow=
61,-54,5C1O5sIcSdHgh74pYRwFQ/qXVqs=,rK0DrvQAzwFexCFNXBxyYk4vFow=
57,-52,5C1O5sIcSdHgh74pYRwFQ/qXVqs=,rK0DrvQAzwFexCFNXBxyYk4vFow=
61,-55,5C1O5sIcSdHgh74pYRwFQ/qXVqs=,rK0DrvQAzwFexCFNXBxyYk4vFow=
59,-53,5C1O5sIcSdHgh74pYRwFQ/qXVqs=,rK0DrvQAzwFexCFNXBxyYk4vFow=
62,-55,5C1O5sIcSdHgh74pYRwFQ/qXVqs=,rK0DrvQAzwFexCFNXBxyYk4vFow=
58,-51,5C1O5sIcSdHgh74pYRwFQ/qXVqs=,rK0DrvQAzwFexCFNXBxyYk4vFow=
59,-54,5C1O5sIcSdHgh74pYRwFQ/qXVqs=,rK0DrvQAzwFexCFNXBxyYk4vFow=
58,-55,5C1O5sIcSdHgh74pYRwFQ/qXVqs=,rK0DrvQAzwFexCFNXBxyYk4vFow=
59,-57,5C1O5sIcSdHgh74pYRwFQ/qXVqs=,T+qfYHQYnhcgieR668OQdpQ9U+4=
58,-57,5C1O5sIcSdHgh74pYRwFQ/qXVqs=,T+qfYHQYnhcgieR668OQdpQ9U+4=
60,-57,5C1O5sIcSdHgh74pYRwFQ/qXVqs=,T+qfYHQYnhcgieR668OQdpQ9U+4=
52,-53,5C1O5sIcSdHgh74pYRwFQ/qXVqs=,zoV3MMA91DZAbH4xrMHqYrHuKw0=
62,-58,5C1O5sIcSdHgh74pYRwFQ/qXVqs=,T+qfYHQYnhcgieR668OQdpQ9U+4=
56,-50,5C1O5sIcSdHgh74pYRwFQ/qXVqs=,rK0DrvQAzwFexCFNXBxyYk4vFow=
57,-57,5C1O5sIcSdHgh74pYRwFQ/qXVqs=,T+qfYHQYnhcgieR668OQdpQ9U+4=
61,-57,5C1O5sIcSdHgh74pYRwFQ/qXVqs=,T+qfYHQYnhcgieR668OQdpQ9U+4=
55,-60,5C1O5sIcSdHgh74pYRwFQ/qXVqs=,frFMrj80nVHg2iH7kVQtxFosamc=
61,-58,5C1O5sIcSdHgh74pYRwFQ/qXVqs=,T+qfYHQYnhcgieR668OQdpQ9U+4=
53,-53,5C1O5sIcSdHgh74pYRwFQ/qXVqs=,zoV3MMA91DZAbH4xrMHqYrHuKw0=
56,-56,5C1O5sIcSdHgh74pYRwFQ/qXVqs=,rK0DrvQAzwFexCFNXBxyYk4vFow=
62,-57,5C1O5sIcSdHgh74pYRwFQ/qXVqs=,T+qfYHQYnhcgieR668OQdpQ9U+4=
59,-56,5C1O5sIcSdHgh74pYRwFQ/qXVqs=,rK0DrvQAzwFexCFNXBxyYk4vFow=
60,-49,5C1O5sIcSdHgh74pYRwFQ/qXVqs=,rK0DrvQAzwFexCFNXBxyYk4vFow=
60,-58,5C1O5sIcSdHgh74pYRwFQ/qXVqs=,T+qfYHQYnhcgieR668OQdpQ9U+4=
56,-52,5C1O5sIcSdHgh74pYRwFQ/qXVqs=,rK0DrvQAzwFexCFNXBxyYk4vFow=
60,-56,5C1O5sIcSdHgh74pYRwFQ/qXVqs=,rK0DrvQAzwFexCFNXBxyYk4vFow=
61,-49,5C1O5sIcSdHgh74pYRwFQ/qXVqs=,rK0DrvQAzwFexCFNXBxyYk4vFow=
59,-58,5C1O5sIcSdHgh74pYRwFQ/qXVqs=,T+qfYHQYnhcgieR668OQdpQ9U+4=
58,-58,5C1O5sIcSdHgh74pYRwFQ/qXVqs=,T+qfYHQYnhcgieR668OQdpQ9U+4=
56,-51,5C1O5sIcSdHgh74pYRwFQ/qXVqs=,rK0DrvQAzwFexCFNXBxyYk4vFow=
62,-49,5C1O5sIcSdHgh74pYRwFQ/qXVqs=,rK0DrvQAzwFexCFNXBxyYk4vFow=
55,-59,5C1O5sIcSdHgh74pYRwFQ/qXVqs=,frFMrj80nVHg2iH7kVQtxFosamc=
57,-56,5C1O5sIcSdHgh74pYRwFQ/qXVqs=,rK0DrvQAzwFexCFNXBxyYk4vFow=
54,-53,5C1O5sIcSdHgh74pYRwFQ/qXVqs=,zoV3MMA91DZAbH4xrMHqYrHuKw0=
57,-58,5C1O5sIcSdHgh74pYRwFQ/qXVqs=,T+qfYHQYnhcgieR668OQdpQ9U+4=
56,-49,5C1O5sIcSdHgh74pYRwFQ/qXVqs=,rK0DrvQAzwFexCFNXBxyYk4vFow=
61,-56,5C1O5sIcSdHgh74pYRwFQ/qXVqs=,rK0DrvQAzwFexCFNXBxyYk4vFow=
55,-53,5C1O5sIcSdHgh74pYRwFQ/qXVqs=,zoV3MMA91DZAbH4xrMHqYrHuKw0=
62,-56,5C1O5sIcSdHgh74pYRwFQ/qXVqs=,rK0DrvQAzwFexCFNXBxyYk4vFow=
56,-58,5C1O5sIcSdHgh74pYRwFQ/qXVqs=,T+qfYHQYnhcgieR668OQdpQ9U+4=
55,-49,5C1O5sIcSdHgh74pYRwFQ/qXVqs=,zoV3MMA91DZAbH4xrMHqYrHuKw0=
56,-55,5C1O5sIcSdHgh74pYRwFQ/qXVqs=,rK0DrvQAzwFexCFNXBxyYk4vFow=
57,-49,5C1O5sIcSdHgh74pYRwFQ/qXVqs=,rK0DrvQAzwFexCFNXBxyYk4vFow=
61,-59,5C1O5sIcSdHgh74pYRwFQ/qXVqs=,T+qfYHQYnhcgieR668OQdpQ9U+4=
55,-58,5C1O5sIcSdHgh74pYRwFQ/qXVqs=,frFMrj80nVHg2iH7kVQtxFosamc=
48,-52,5C1O5sIcSdHgh74pYRwFQ/qXVqs=,zoV3MMA91DZAbH4xrMHqYrHuKw0=
62,-59,5C1O5sIcSdHgh74pYRwFQ/qXVqs=,T+qfYHQYnhcgieR668OQdpQ9U+4=
58,-49,5C1O5sIcSdHgh74pYRwFQ/qXVqs=,rK0DrvQAzwFexCFNXBxyYk4vFow=
59,-49,5C1O5sIcSdHgh74pYRwFQ/qXVqs=,rK0DrvQAzwFexCFNXBxyYk4vFow=
49,-52,5C1O5sIcSdHgh74pYRwFQ/qXVqs=,zoV3MMA91DZAbH4xrMHqYrHuKw0=
58,-56,5C1O5sIcSdHgh74pYRwFQ/qXVqs=,rK0DrvQAzwFexCFNXBxyYk4vFow=
63,-63,5C1O5sIcSdHgh74pYRwFQ/qXVqs=,T+qfYHQYnhcgieR668OQdpQ9U+4=
51,-53,+eAK2how7Jdl2/wNuhR8lN7ks7M=,zoV3MMA91DZAbH4xrMHqYrHuKw0=
63,-62,+eAK2how7Jdl2/wNuhR8lN7ks7M=,T+qfYHQYnhcgieR668OQdpQ9U+4=
54,-49,+eAK2how7Jdl2/wNuhR8lN7ks7M=,zoV3MMA91DZAbH4xrMHqYrHuKw0=
50,-52,+eAK2how7Jdl2/wNuhR8lN7ks7M=,zoV3MMA91DZAbH4xrMHqYrHuKw0=
60,-59,+eAK2how7Jdl2/wNuhR8lN7ks7M=,T+qfYHQYnhcgieR668OQdpQ9U+4=
48,-51,+eAK2how7Jdl2/wNuhR8lN7ks7M=,zoV3MMA91DZAbH4xrMHqYrHuKw0=
48,-55,+eAK2how7Jdl2/wNuhR8lN7ks7M=,zoV3MMA91DZAbH4xrMHqYrHuKw0=
56,-63,+eAK2how7Jdl2/wNuhR8lN7ks7M=,T+qfYHQYnhcgieR668OQdpQ9U+4=
63,-60,+eAK2how7Jdl2/wNuhR8lN7ks7M=,T+qfYHQYnhcgieR668OQdpQ9U+4=
63,-61,+eAK2how7Jdl2/wNuhR8lN7ks7M=,T+qfYHQYnhcgieR668OQdpQ9U+4=
48,-53,+eAK2how7Jdl2/wNuhR8lN7ks7M=,zoV3MMA91DZAbH4xrMHqYrHuKw0=
57,-63,+eAK2how7Jdl2/wNuhR8lN7ks7M=,T+qfYHQYnhcgieR668OQdpQ9U+4=
63,-59,+eAK2how7Jdl2/wNuhR8lN7ks7M=,T+qfYHQYnhcgieR668OQdpQ9U+4=
51,-52,+eAK2how7Jdl2/wNuhR8lN7ks7M=,zoV3MMA91DZAbH4xrMHqYrHuKw0=
63,-58,+eAK2how7Jdl2/wNuhR8lN7ks7M=,T+qfYHQYnhcgieR668OQdpQ9U+4=
48,-50,+eAK2how7Jdl2/wNuhR8lN7ks7M=,zoV3MMA91DZAbH4xrMHqYrHuKw0=
63,-51,+eAK2how7Jdl2/wNuhR8lN7ks7M=,rK0DrvQAzwFexCFNXBxyYk4vFow=
59,-59,+eAK2how7Jdl2/wNuhR8lN7ks7M=,T+qfYHQYnhcgieR668OQdpQ9U+4=
63,-57,+eAK2how7Jdl2/wNuhR8lN7ks7M=,T+qfYHQYnhcgieR668OQdpQ9U+4=
48,-54,+eAK2how7Jdl2/wNuhR8lN7ks7M=,zoV3MMA91DZAbH4xrMHqYrHuKw0=
58,-63,+eAK2how7Jdl2/wNuhR8lN7ks7M=,T+qfYHQYnhcgieR668OQdpQ9U+4=
59,-63,+eAK2how7Jdl2/wNuhR8lN7ks7M=,T+qfYHQYnhcgieR668OQdpQ9U+4=
63,-56,+eAK2how7Jdl2/wNuhR8lN7ks7M=,rK0DrvQAzwFexCFNXBxyYk4vFow=
52,-52,+eAK2how7Jdl2/wNuhR8lN7ks7M=,zoV3MMA91DZAbH4xrMHqYrHuKw0=
49,-57,+eAK2how7Jdl2/wNuhR8lN7ks7M=,frFMrj80nVHg2iH7kVQtxFosamc=
63,-55,+eAK2how7Jdl2/wNuhR8lN7ks7M=,rK0DrvQAzwFexCFNXBxyYk4vFow=
58,-59,+eAK2how7Jdl2/wNuhR8lN7ks7M=,T+qfYHQYnhcgieR668OQdpQ9U+4=
63,-54,+eAK2how7Jdl2/wNuhR8lN7ks7M=,rK0DrvQAzwFexCFNXBxyYk4vFow=
63,-49,+eAK2how7Jdl2/wNuhR8lN7ks7M=,rK0DrvQAzwFexCFNXBxyYk4vFow=
63,-52,+eAK2how7Jdl2/wNuhR8lN7ks7M=,rK0DrvQAzwFexCFNXBxyYk4vFow=
57,-59,+eAK2how7Jdl2/wNuhR8lN7ks7M=,T+qfYHQYnhcgieR668OQdpQ9U+4=
50,-57,+eAK2how7Jdl2/wNuhR8lN7ks7M=,frFMrj80nVHg2iH7kVQtxFosamc=
60,-63,+eAK2how7Jdl2/wNuhR8lN7ks7M=,T+qfYHQYnhcgieR668OQdpQ9U+4=
63,-50,+eAK2how7Jdl2/wNuhR8lN7ks7M=,rK0DrvQAzwFexCFNXBxyYk4vFow=
50,-53,+eAK2how7Jdl2/wNuhR8lN7ks7M=,zoV3MMA91DZAbH4xrMHqYrHuKw0=
63,-53,+eAK2how7Jdl2/wNuhR8lN7ks7M=,rK0DrvQAzwFexCFNXBxyYk4vFow=
61,-63,+eAK2how7Jdl2/wNuhR8lN7ks7M=,T+qfYHQYnhcgieR668OQdpQ9U+4=
56,-59,+eAK2how7Jdl2/wNuhR8lN7ks7M=,T+qfYHQYnhcgieR668OQdpQ9U+4=
62,-63,+eAK2how7Jdl2/wNuhR8lN7ks7M=,T+qfYHQYnhcgieR668OQdpQ9U+4=
51,-57,+eAK2how7Jdl2/wNuhR8lN7ks7M=,frFMrj80nVHg2iH7kVQtxFosamc=
52,-57,+eAK2how7Jdl2/wNuhR8lN7ks7M=,frFMrj80nVHg2iH7kVQtxFosamc=
55,-63,+eAK2how7Jdl2/wNuhR8lN7ks7M=,frFMrj80nVHg2iH7kVQtxFosamc=
49,-64,+eAK2how7Jdl2/wNuhR8lN7ks7M=,frFMrj80nVHg2iH7kVQtxFosamc=
53,-49,+eAK2how7Jdl2/wNuhR8lN7ks7M=,zoV3MMA91DZAbH4xrMHqYrHuKw0=
56,-62,+eAK2how7Jdl2/wNuhR8lN7ks7M=,T+qfYHQYnhcgieR668OQdpQ9U+4=
49,-53,+eAK2how7Jdl2/wNuhR8lN7ks7M=,zoV3MMA91DZAbH4xrMHqYrHuKw0=
53,-57,+eAK2how7Jdl2/wNuhR8lN7ks7M=,frFMrj80nVHg2iH7kVQtxFosamc=
50,-64,+eAK2how7Jdl2/wNuhR8lN7ks7M=,frFMrj80nVHg2iH7kVQtxFosamc=
57,-62,+eAK2how7Jdl2/wNuhR8lN7ks7M=,T+qfYHQYnhcgieR668OQdpQ9U+4=
62,-60,+eAK2how7Jdl2/wNuhR8lN7ks7M=,T+qfYHQYnhcgieR668OQdpQ9U+4=
54,-57,+eAK2how7Jdl2/wNuhR8lN7ks7M=,frFMrj80nVHg2iH7kVQtxFosamc=
51,-64,+eAK2how7Jdl2/wNuhR8lN7ks7M=,frFMrj80nVHg2iH7kVQtxFosamc=
48,-58,+eAK2how7Jdl2/wNuhR8lN7ks7M=,frFMrj80nVHg2iH7kVQtxFosamc=
52,-64,+eAK2how7Jdl2/wNuhR8lN7ks7M=,frFMrj80nVHg2iH7kVQtxFosamc=
55,-54,+eAK2how7Jdl2/wNuhR8lN7ks7M=,zoV3MMA91DZAbH4xrMHqYrHuKw0=
56,-54,+eAK2how7Jdl2/wNuhR8lN7ks7M=,rK0DrvQAzwFexCFNXBxyYk4vFow=
61,-60,+eAK2how7Jdl2/wNuhR8lN7ks7M=,T+qfYHQYnhcgieR668OQdpQ9U+4=
55,-57,+eAK2how7Jdl2/wNuhR8lN7ks7M=,frFMrj80nVHg2iH7kVQtxFosamc=
58,-62,+eAK2how7Jdl2/wNuhR8lN7ks7M=,T+qfYHQYnhcgieR668OQdpQ9U+4=
59,-62,+eAK2how7Jdl2/wNuhR8lN7ks7M=,T+qfYHQYnhcgieR668OQdpQ9U+4=
48,-57,+eAK2how7Jdl2/wNuhR8lN7ks7M=,frFMrj80nVHg2iH7kVQtxFosamc=
60,-62,+eAK2how7Jdl2/wNuhR8lN7ks7M=,T+qfYHQYnhcgieR668OQdpQ9U+4=
48,-56,+eAK2how7Jdl2/wNuhR8lN7ks7M=,zoV3MMA91DZAbH4xrMHqYrHuKw0=
49,-56,+eAK2how7Jdl2/wNuhR8lN7ks7M=,zoV3MMA91DZAbH4xrMHqYrHuKw0=
60,-60,+eAK2how7Jdl2/wNuhR8lN7ks7M=,T+qfYHQYnhcgieR668OQdpQ9U+4=
53,-64,+eAK2how7Jdl2/wNuhR8lN7ks7M=,frFMrj80nVHg2iH7kVQtxFosamc=
53,-52,+eAK2how7Jdl2/wNuhR8lN7ks7M=,zoV3MMA91DZAbH4xrMHqYrHuKw0=
48,-63,+eAK2how7Jdl2/wNuhR8lN7ks7M=,frFMrj80nVHg2iH7kVQtxFosamc=
56,-64,+eAK2how7Jdl2/wNuhR8lN7ks7M=,T+qfYHQYnhcgieR668OQdpQ9U+4=
54,-64,+eAK2how7Jdl2/wNuhR8lN7ks7M=,frFMrj80nVHg2iH7kVQtxFosamc=
57,-64,+eAK2how7Jdl2/wNuhR8lN7ks7M=,T+qfYHQYnhcgieR668OQdpQ9U+4=
61,-62,+eAK2how7Jdl2/wNuhR8lN7ks7M=,T+qfYHQYnhcgieR668OQdpQ9U+4=
54,-54,+eAK2how7Jdl2/wNuhR8lN7ks7M=,zoV3MMA91DZAbH4xrMHqYrHuKw0=
62,-62,+eAK2how7Jdl2/wNuhR8lN7ks7M=,T+qfYHQYnhcgieR668OQdpQ9U+4=
54,-52,+eAK2how7Jdl2/wNuhR8lN7ks7M=,zoV3MMA91DZAbH4xrMHqYrHuKw0=
48,-62,+eAK2how7Jdl2/wNuhR8lN7ks7M=,frFMrj80nVHg2iH7kVQtxFosamc=
48,-61,+eAK2how7Jdl2/wNuhR8lN7ks7M=,frFMrj80nVHg2iH7kVQtxFosamc=
53,-54,+eAK2how7Jdl2/wNuhR8lN7ks7M=,zoV3MMA91DZAbH4xrMHqYrHuKw0=
55,-62,+eAK2how7Jdl2/wNuhR8lN7ks7M=,frFMrj80nVHg2iH7kVQtxFosamc=
58,-64,+eAK2how7Jdl2/wNuhR8lN7ks7M=,T+qfYHQYnhcgieR668OQdpQ9U+4=
55,-52,+eAK2how7Jdl2/wNuhR8lN7ks7M=,zoV3MMA91DZAbH4xrMHqYrHuKw0=
50,-56,+eAK2how7Jdl2/wNuhR8lN7ks7M=,zoV3MMA91DZAbH4xrMHqYrHuKw0=
48,-60,+eAK2how7Jdl2/wNuhR8lN7ks7M=,frFMrj80nVHg2iH7kVQtxFosamc=
59,-64,+eAK2how7Jdl2/wNuhR8lN7ks7M=,T+qfYHQYnhcgieR668OQdpQ9U+4=
48,-59,+eAK2how7Jdl2/wNuhR8lN7ks7M=,frFMrj80nVHg2iH7kVQtxFosamc=
60,-64,+eAK2how7Jdl2/wNuhR8lN7ks7M=,T+qfYHQYnhcgieR668OQdpQ9U+4=
56,-61,+eAK2how7Jdl2/wNuhR8lN7ks7M=,T+qfYHQYnhcgieR668OQdpQ9U+4=
56,-57,+eAK2how7Jdl2/wNuhR8lN7ks7M=,T+qfYHQYnhcgieR668OQdpQ9U+4=
51,-56,+eAK2how7Jdl2/wNuhR8lN7ks7M=,zoV3MMA91DZAbH4xrMHqYrHuKw0=
48,-49,+eAK2how7Jdl2/wNuhR8lN7ks7M=,zoV3MMA91DZAbH4xrMHqYrHuKw0=
61,-64,+eAK2how7Jdl2/wNuhR8lN7ks7M=,T+qfYHQYnhcgieR668OQdpQ9U+4=
63,-64,+eAK2how7Jdl2/wNuhR8lN7ks7M=,T+qfYHQYnhcgieR668OQdpQ9U+4=
57,-61,+eAK2how7Jdl2/wNuhR8lN7ks7M=,T+qfYHQYnhcgieR668OQdpQ9U+4=
55,-64,+eAK2how7Jdl2/wNuhR8lN7ks7M=,frFMrj80nVHg2iH7kVQtxFosamc=
58,-61,+eAK2how7Jdl2/wNuhR8lN7ks7M=,T+qfYHQYnhcgieR668OQdpQ9U+4=
49,-51,+eAK2how7Jdl2/wNuhR8lN7ks7M=,zoV3MMA91DZAbH4xrMHqYrHuKw0=
50,-51,+eAK2how7Jdl2/wNuhR8lN7ks7M=,zoV3MMA91DZAbH4xrMHqYrHuKw0=
62,-64,+eAK2how7Jdl2/wNuhR8lN7ks7M=,T+qfYHQYnhcgieR668OQdpQ9U+4=
59,-61,+eAK2how7Jdl2/wNuhR8lN7ks7M=,T+qfYHQYnhcgieR668OQdpQ9U+4=
59,-60,+eAK2how7Jdl2/wNuhR8lN7ks7M=,T+qfYHQYnhcgieR668OQdpQ9U+4=
52,-56,+eAK2how7Jdl2/wNuhR8lN7ks7M=,zoV3MMA91DZAbH4xrMHqYrHuKw0=
51,-54,+eAK2how7Jdl2/wNuhR8lN7ks7M=,zoV3MMA91DZAbH4xrMHqYrHuKw0=
52,-54,+eAK2how7Jdl2/wNuhR8lN7ks7M=,zoV3MMA91DZAbH4xrMHqYrHuKw0=
48,-64,+eAK2how7Jdl2/wNuhR8lN7ks7M=,frFMrj80nVHg2iH7kVQtxFosamc=
60,-61,+eAK2how7Jdl2/wNuhR8lN7ks7M=,T+qfYHQYnhcgieR668OQdpQ9U+4=
52,-49,+eAK2how7Jdl2/wNuhR8lN7ks7M=,zoV3MMA91DZAbH4xrMHqYrHuKw0=
58,-60,+eAK2how7Jdl2/wNuhR8lN7ks7M=,T+qfYHQYnhcgieR668OQdpQ9U+4=
50,-54,+eAK2how7Jdl2/wNuhR8lN7ks7M=,zoV3MMA91DZAbH4xrMHqYrHuKw0=
57,-60,+eAK2how7Jdl2/wNuhR8lN7ks7M=,T+qfYHQYnhcgieR668OQdpQ9U+4=
53,-56,+eAK2how7Jdl2/wNuhR8lN7ks7M=,zoV3MMA91DZAbH4xrMHqYrHuKw0=
55,-61,+eAK2how7Jdl2/wNuhR8lN7ks7M=,frFMrj80nVHg2iH7kVQtxFosamc=
61,-61,+eAK2how7Jdl2/wNuhR8lN7ks7M=,T+qfYHQYnhcgieR668OQdpQ9U+4=
62,-61,+eAK2how7Jdl2/wNuhR8lN7ks7M=,T+qfYHQYnhcgieR668OQdpQ9U+4=
49,-54,+eAK2how7Jdl2/wNuhR8lN7ks7M=,zoV3MMA91DZAbH4xrMHqYrHuKw0=
51,-49,+eAK2how7Jdl2/wNuhR8lN7ks7M=,zoV3MMA91DZAbH4xrMHqYrHuKw0=
51,-51,+eAK2how7Jdl2/wNuhR8lN7ks7M=,zoV3MMA91DZAbH4xrMHqYrHuKw0=
52,-51,+eAK2how7Jdl2/wNuhR8lN7ks7M=,zoV3MMA91DZAbH4xrMHqYrHuKw0=
50,-49,+eAK2how7Jdl2/wNuhR8lN7ks7M=,zoV3MMA91DZAbH4xrMHqYrHuKw0=
49,-49,+eAK2how7Jdl2/wNuhR8lN7ks7M=,zoV3MMA91DZAbH4xrMHqYrHuKw0=
55,-50,+eAK2how7Jdl2/wNuhR8lN7ks7M=,zoV3MMA91DZAbH4xrMHqYrHuKw0=
54,-56,+eAK2how7Jdl2/wNuhR8lN7ks7M=,zoV3MMA91DZAbH4xrMHqYrHuKw0=
56,-60,+eAK2how7Jdl2/wNuhR8lN7ks7M=,T+qfYHQYnhcgieR668OQdpQ9U+4=
54,-50,+eAK2how7Jdl2/wNuhR8lN7ks7M=,zoV3MMA91DZAbH4xrMHqYrHuKw0=
53,-50,+eAK2how7Jdl2/wNuhR8lN7ks7M=,zoV3MMA91DZAbH4xrMHqYrHuKw0=
54,-55,+eAK2how7Jdl2/wNuhR8lN7ks7M=,zoV3MMA91DZAbH4xrMHqYrHuKw0=
52,-50,+eAK2how7Jdl2/wNuhR8lN7ks7M=,zoV3MMA91DZAbH4xrMHqYrHuKw0=
55,-56,+eAK2how7Jdl2/wNuhR8lN7ks7M=,zoV3MMA91DZAbH4xrMHqYrHuKw0=
51,-50,+eAK2how7Jdl2/wNuhR8lN7ks7M=,zoV3MMA91DZAbH4xrMHqYrHuKw0=
55,-55,+eAK2how7Jdl2/wNuhR8lN7ks7M=,zoV3MMA91DZAbH4xrMHqYrHuKw0=
53,-51,+eAK2how7Jdl2/wNuhR8lN7ks7M=,zoV3MMA91DZAbH4xrMHqYrHuKw0=
54,-51,+eAK2how7Jdl2/wNuhR8lN7ks7M=,zoV3MMA91DZAbH4xrMHqYrHuKw0=
53,-55,+eAK2how7Jdl2/wNuhR8lN7ks7M=,zoV3MMA91DZAbH4xrMHqYrHuKw0=
49,-50,+eAK2how7Jdl2/wNuhR8lN7ks7M=,zoV3MMA91DZAbH4xrMHqYrHuKw0=
51,-55,+eAK2how7Jdl2/wNuhR8lN7ks7M=,zoV3MMA91DZAbH4xrMHqYrHuKw0=
49,-55,+eAK2how7Jdl2/wNuhR8lN7ks7M=,zoV3MMA91DZAbH4xrMHqYrHuKw0=
52,-55,+eAK2how7Jdl2/wNuhR8lN7ks7M=,zoV3MMA91DZAbH4xrMHqYrHuKw0=
50,-50,+eAK2how7Jdl2/wNuhR8lN7ks7M=,zoV3MMA91DZAbH4xrMHqYrHuKw0=
56,-53,+eAK2how7Jdl2/wNuhR8lN7ks7M=,rK0DrvQAzwFexCFNXBxyYk4vFow=
50,-55,+eAK2how7Jdl2/wNuhR8lN7ks7M=,zoV3MMA91DZAbH4xrMHqYrHuKw0=
55,-51,+eAK2how7Jdl2/wNuhR8lN7ks7M=,zoV3MMA91DZAbH4xrMHqYrHuKw0=
36,-59,3ZEzRDV7pqwP8QL3uHaJQatE5aE=,P/pDPfCKbh+E6Dd5ljxlHafXMFg=
35,-59,3ZEzRDV7pqwP8QL3uHaJQatE5aE=,P/pDPfCKbh+E6Dd5ljxlHafXMFg=
37,-59,3ZEzRDV7pqwP8QL3uHaJQatE5aE=,P/pDPfCKbh+E6Dd5ljxlHafXMFg=
38,-59,3ZEzRDV7pqwP8QL3uHaJQatE5aE=,P/pDPfCKbh+E6Dd5ljxlHafXMFg=
36,-53,3ZEzRDV7pqwP8QL3uHaJQatE5aE=,5jSzM0UNJGsPPkx47ZyCY64PN9o=
33,-58,3ZEzRDV7pqwP8QL3uHaJQatE5aE=,P/pDPfCKbh+E6Dd5ljxlHafXMFg=
34,-58,3ZEzRDV7pqwP8QL3uHaJQatE5aE=,P/pDPfCKbh+E6Dd5ljxlHafXMFg=
35,-58,3ZEzRDV7pqwP8QL3uHaJQatE5aE=,P/pDPfCKbh+E6Dd5ljxlHafXMFg=
37,-53,3ZEzRDV7pqwP8QL3uHaJQatE5aE=,5jSzM0UNJGsPPkx47ZyCY64PN9o=
38,-53,MhPEWskeyo4dBkd+noyEGCeSllU=,5jSzM0UNJGsPPkx47ZyCY64PN9o=
33,-52,MhPEWskeyo4dBkd+noyEGCeSllU=,5jSzM0UNJGsPPkx47ZyCY64PN9o=
34,-52,MhPEWskeyo4dBkd+noyEGCeSllU=,5jSzM0UNJGsPPkx47ZyCY64PN9o=
36,-58,MhPEWskeyo4dBkd+noyEGCeSllU=,P/pDPfCKbh+E6Dd5ljxlHafXMFg=
35,-52,MhPEWskeyo4dBkd+noyEGCeSllU=,5jSzM0UNJGsPPkx47ZyCY64PN9o=
36,-52,MhPEWskeyo4dBkd+noyEGCeSllU=,5jSzM0UNJGsPPkx47ZyCY64PN9o=
37,-52,MhPEWskeyo4dBkd+noyEGCeSllU=,5jSzM0UNJGsPPkx47ZyCY64PN9o=
37,-58,MhPEWskeyo4dBkd+noyEGCeSllU=,P/pDPfCKbh+E6Dd5ljxlHafXMFg=
38,-52,MhPEWskeyo4dBkd+noyEGCeSllU=,5jSzM0UNJGsPPkx47ZyCY64PN9o=
33,-51,MhPEWskeyo4dBkd+noyEGCeSllU=,5jSzM0UNJGsPPkx47ZyCY64PN9o=
38,-58,MhPEWskeyo4dBkd+noyEGCeSllU=,P/pDPfCKbh+E6Dd5ljxlHafXMFg=
34,-51,MhPEWskeyo4dBkd+noyEGCeSllU=,5jSzM0UNJGsPPkx47ZyCY64PN9o=
33,-63,MhPEWskeyo4dBkd+noyEGCeSllU=,P/pDPfCKbh+E6Dd5ljxlHafXMFg=
35,-51,MhPEWskeyo4dBkd+noyEGCeSllU=,5jSzM0UNJGsPPkx47ZyCY64PN9o=
33,-57,MhPEWskeyo4dBkd+noyEGCeSllU=,P/pDPfCKbh+E6Dd5ljxlHafXMFg=
34,-63,MhPEWskeyo4dBkd+noyEGCeSllU=,P/pDPfCKbh+E6Dd5ljxlHafXMFg=
34,-57,MhPEWskeyo4dBkd+noyEGCeSllU=,P/pDPfCKbh+E6Dd5ljxlHafXMFg=
35,-63,MhPEWskeyo4dBkd+noyEGCeSllU=,P/pDPfCKbh+E6Dd5ljxlHafXMFg=
36,-63,MhPEWskeyo4dBkd+noyEGCeSllU=,P/pDPfCKbh+E6Dd5ljxlHafXMFg=
36,-51,MhPEWskeyo4dBkd+noyEGCeSllU=,5jSzM0UNJGsPPkx47ZyCY64PN9o=
37,-63,MhPEWskeyo4dBkd+noyEGCeSllU=,P/pDPfCKbh+E6Dd5ljxlHafXMFg=
37,-51,MhPEWskeyo4dBkd+noyEGCeSllU=,5jSzM0UNJGsPPkx47ZyCY64PN9o=
38,-63,MhPEWskeyo4dBkd+noyEGCeSllU=,P/pDPfCKbh+E6Dd5ljxlHafXMFg=
33,-62,MhPEWskeyo4dBkd+noyEGCeSllU=,P/pDPfCKbh+E6Dd5ljxlHafXMFg=
34,-62,MhPEWskeyo4dBkd+noyEGCeSllU=,P/pDPfCKbh+E6Dd5ljxlHafXMFg=
35,-62,MhPEWskeyo4dBkd+noyEGCeSllU=,P/pDPfCKbh+E6Dd5ljxlHafXMFg=
35,-57,MhPEWskeyo4dBkd+noyEGCeSllU=,P/pDPfCKbh+E6Dd5ljxlHafXMFg=
36,-62,MhPEWskeyo4dBkd+noyEGCeSllU=,P/pDPfCKbh+E6Dd5ljxlHafXMFg=
36,-57,MhPEWskeyo4dBkd+noyEGCeSllU=,P/pDPfCKbh+E6Dd5ljxlHafXMFg=
37,-62,MhPEWskeyo4dBkd+noyEGCeSllU=,P/pDPfCKbh+E6Dd5ljxlHafXMFg=
37,-57,MhPEWskeyo4dBkd+noyEGCeSllU=,P/pDPfCKbh+E6Dd5ljxlHafXMFg=
38,-62,MhPEWskeyo4dBkd+noyEGCeSllU=,P/pDPfCKbh+E6Dd5ljxlHafXMFg=
33,-61,MhPEWskeyo4dBkd+noyEGCeSllU=,P/pDPfCKbh+E6Dd5ljxlHafXMFg=
38,-57,MhPEWskeyo4dBkd+noyEGCeSllU=,P/pDPfCKbh+E6Dd5ljxlHafXMFg=
34,-61,MhPEWskeyo4dBkd+noyEGCeSllU=,P/pDPfCKbh+E6Dd5ljxlHafXMFg=
35,-61,MhPEWskeyo4dBkd+noyEGCeSllU=,P/pDPfCKbh+E6Dd5ljxlHafXMFg=
38,-51,MhPEWskeyo4dBkd+noyEGCeSllU=,5jSzM0UNJGsPPkx47ZyCY64PN9o=
36,-61,MhPEWskeyo4dBkd+noyEGCeSllU=,P/pDPfCKbh+E6Dd5ljxlHafXMFg=
33,-56,MhPEWskeyo4dBkd+noyEGCeSllU=,5jSzM0UNJGsPPkx47ZyCY64PN9o=
37,-61,MhPEWskeyo4dBkd+noyEGCeSllU=,P/pDPfCKbh+E6Dd5ljxlHafXMFg=
38,-61,MhPEWskeyo4dBkd+noyEGCeSllU=,P/pDPfCKbh+E6Dd5ljxlHafXMFg=
34,-56,MhPEWskeyo4dBkd+noyEGCeSllU=,5jSzM0UNJGsPPkx47ZyCY64PN9o=
33,-60,MhPEWskeyo4dBkd+noyEGCeSllU=,P/pDPfCKbh+E6Dd5ljxlHafXMFg=
35,-56,MhPEWskeyo4dBkd+noyEGCeSllU=,5jSzM0UNJGsPPkx47ZyCY64PN9o=
34,-60,MhPEWskeyo4dBkd+noyEGCeSllU=,P/pDPfCKbh+E6Dd5ljxlHafXMFg=
36,-56,MhPEWskeyo4dBkd+noyEGCeSllU=,5jSzM0UNJGsPPkx47ZyCY64PN9o=
37,-56,MhPEWskeyo4dBkd+noyEGCeSllU=,5jSzM0UNJGsPPkx47ZyCY64PN9o=
35,-60,MhPEWskeyo4dBkd+noyEGCeSllU=,P/pDPfCKbh+E6Dd5ljxlHafXMFg=
38,-56,MhPEWskeyo4dBkd+noyEGCeSllU=,5jSzM0UNJGsPPkx47ZyCY64PN9o=
33,-50,MhPEWskeyo4dBkd+noyEGCeSllU=,5jSzM0UNJGsPPkx47ZyCY64PN9o=
33,-55,MhPEWskeyo4dBkd+noyEGCeSllU=,5jSzM0UNJGsPPkx47ZyCY64PN9o=
36,-60,MhPEWskeyo4dBkd+noyEGCeSllU=,P/pDPfCKbh+E6Dd5ljxlHafXMFg=
34,-50,MhPEWskeyo4dBkd+noyEGCeSllU=,5jSzM0UNJGsPPkx47ZyCY64PN9o=
35,-50,MhPEWskeyo4dBkd+noyEGCeSllU=,5jSzM0UNJGsPPkx47ZyCY64PN9o=
37,-60,MhPEWskeyo4dBkd+noyEGCeSllU=,P/pDPfCKbh+E6Dd5ljxlHafXMFg=
38,-60,MhPEWskeyo4dBkd+noyEGCeSllU=,P/pDPfCKbh+E6Dd5ljxlHafXMFg=
34,-55,MhPEWskeyo4dBkd+noyEGCeSllU=,5jSzM0UNJGsPPkx47ZyCY64PN9o=
33,-59,MhPEWskeyo4dBkd+noyEGCeSllU=,P/pDPfCKbh+E6Dd5ljxlHafXMFg=
35,-55,MhPEWskeyo4dBkd+noyEGCeSllU=,5jSzM0UNJGsPPkx47ZyCY64PN9o=
36,-55,MhPEWskeyo4dBkd+noyEGCeSllU=,5jSzM0UNJGsPPkx47ZyCY64PN9o=
34,-59,MhPEWskeyo4dBkd+noyEGCeSllU=,P/pDPfCKbh+E6Dd5ljxlHafXMFg=
36,-50,MhPEWskeyo4dBkd+noyEGCeSllU=,5jSzM0UNJGsPPkx47ZyCY64PN9o=
38,-55,MhPEWskeyo4dBkd+noyEGCeSllU=,5jSzM0UNJGsPPkx47ZyCY64PN9o=
33,-54,MhPEWskeyo4dBkd+noyEGCeSllU=,5jSzM0UNJGsPPkx47ZyCY64PN9o=
37,-55,MhPEWskeyo4dBkd+noyEGCeSllU=,5jSzM0UNJGsPPkx47ZyCY64PN9o=
34,-54,MhPEWskeyo4dBkd+noyEGCeSllU=,5jSzM0UNJGsPPkx47ZyCY64PN9o=
38,-50,MhPEWskeyo4dBkd+noyEGCeSllU=,5jSzM0UNJGsPPkx47ZyCY64PN9o=
37,-50,MhPEWskeyo4dBkd+noyEGCeSllU=,5jSzM0UNJGsPPkx47ZyCY64PN9o=
35,-54,MhPEWskeyo4dBkd+noyEGCeSllU=,5jSzM0UNJGsPPkx47ZyCY64PN9o=
38,-54,MhPEWskeyo4dBkd+noyEGCeSllU=,5jSzM0UNJGsPPkx47ZyCY64PN9o=
36,-54,MhPEWskeyo4dBkd+noyEGCeSllU=,5jSzM0UNJGsPPkx47ZyCY64PN9o=
37,-54,MhPEWskeyo4dBkd+noyEGCeSllU=,5jSzM0UNJGsPPkx47ZyCY64PN9o=
34,-53,MhPEWskeyo4dBkd+noyEGCeSllU=,5jSzM0UNJGsPPkx47ZyCY64PN9o=
33,-53,MhPEWskeyo4dBkd+noyEGCeSllU=,5jSzM0UNJGsPPkx47ZyCY64PN9o=
35,-53,MhPEWskeyo4dBkd+noyEGCeSllU=,5jSzM0UNJGsPPkx47ZyCY64PN9o=
39,-59,MhPEWskeyo4dBkd+noyEGCeSllU=,P/pDPfCKbh+E6Dd5ljxlHafXMFg=
44,-57,MhPEWskeyo4dBkd+noyEGCeSllU=,2XI7SFQQ4zdnjFElkRa2NXQDQrY=
39,-58,MhPEWskeyo4dBkd+noyEGCeSllU=,P/pDPfCKbh+E6Dd5ljxlHafXMFg=
46,-51,MhPEWskeyo4dBkd+noyEGCeSllU=,nkauTiJvIVxpwIdbTea9jzJhqb8=
45,-57,MhPEWskeyo4dBkd+noyEGCeSllU=,2XI7SFQQ4zdnjFElkRa2NXQDQrY=
40,-63,MhPEWskeyo4dBkd+noyEGCeSllU=,2XI7SFQQ4zdnjFElkRa2NXQDQrY=
46,-57,MhPEWskeyo4dBkd+noyEGCeSllU=,2XI7SFQQ4zdnjFElkRa2NXQDQrY=
40,-51,MhPEWskeyo4dBkd+noyEGCeSllU=,nkauTiJvIVxpwIdbTea9jzJhqb8=
44,-55,MhPEWskeyo4dBkd+noyEGCeSllU=,nkauTiJvIVxpwIdbTea9jzJhqb8=
41,-63,MhPEWskeyo4dBkd+noyEGCeSllU=,2XI7SFQQ4zdnjFElkRa2NXQDQrY=
40,-50,MhPEWskeyo4dBkd+noyEGCeSllU=,nkauTiJvIVxpwIdbTea9jzJhqb8=
40,-56,MhPEWskeyo4dBkd+noyEGCeSllU=,nkauTiJvIVxpwIdbTea9jzJhqb8=
42,-63,MhPEWskeyo4dBkd+noyEGCeSllU=,2XI7SFQQ4zdnjFElkRa2NXQDQrY=
39,-53,MhPEWskeyo4dBkd+noyEGCeSllU=,5jSzM0UNJGsPPkx47ZyCY64PN9o=
43,-63,MhPEWskeyo4dBkd+noyEGCeSllU=,2XI7SFQQ4zdnjFElkRa2NXQDQrY=
41,-51,MhPEWskeyo4dBkd+noyEGCeSllU=,nkauTiJvIVxpwIdbTea9jzJhqb8=
42,-54,MhPEWskeyo4dBkd+noyEGCeSllU=,nkauTiJvIVxpwIdbTea9jzJhqb8=
44,-63,MhPEWskeyo4dBkd+noyEGCeSllU=,2XI7SFQQ4zdnjFElkRa2NXQDQrY=
42,-53,MhPEWskeyo4dBkd+noyEGCeSllU=,nkauTiJvIVxpwIdbTea9jzJhqb8=
43,-53,MhPEWskeyo4dBkd+noyEGCeSllU=,nkauTiJvIVxpwIdbTea9jzJhqb8=
45,-63,MhPEWskeyo4dBkd+noyEGCeSllU=,2XI7SFQQ4zdnjFElkRa2NXQDQrY=
40,-52,MhPEWskeyo4dBkd+noyEGCeSllU=,nkauTiJvIVxpwIdbTea9jzJhqb8=
46,-63,MhPEWskeyo4dBkd+noyEGCeSllU=,2XI7SFQQ4zdnjFElkRa2NXQDQrY=
40,-62,MhPEWskeyo4dBkd+noyEGCeSllU=,2XI7SFQQ4zdnjFElkRa2NXQDQrY=
44,-56,MhPEWskeyo4dBkd+noyEGCeSllU=,nkauTiJvIVxpwIdbTea9jzJhqb8=
41,-56,MhPEWskeyo4dBkd+noyEGCeSllU=,nkauTiJvIVxpwIdbTea9jzJhqb8=
41,-62,MhPEWskeyo4dBkd+noyEGCeSllU=,2XI7SFQQ4zdnjFElkRa2NXQDQrY=
39,-63,MhPEWskeyo4dBkd+noyEGCeSllU=,P/pDPfCKbh+E6Dd5ljxlHafXMFg=
42,-62,MhPEWskeyo4dBkd+noyEGCeSllU=,2XI7SFQQ4zdnjFElkRa2NXQDQrY=
42,-51,MhPEWskeyo4dBkd+noyEGCeSllU=,nkauTiJvIVxpwIdbTea9jzJhqb8=
39,-52,MhPEWskeyo4dBkd+noyEGCeSllU=,5jSzM0UNJGsPPkx47ZyCY64PN9o=
43,-62,MhPEWskeyo4dBkd+noyEGCeSllU=,2XI7SFQQ4zdnjFElkRa2NXQDQrY=
43,-54,MhPEWskeyo4dBkd+noyEGCeSllU=,nkauTiJvIVxpwIdbTea9jzJhqb8=
44,-62,MhPEWskeyo4dBkd+noyEGCeSllU=,2XI7SFQQ4zdnjFElkRa2NXQDQrY=
45,-62,MhPEWskeyo4dBkd+noyEGCeSllU=,2XI7SFQQ4zdnjFElkRa2NXQDQrY=
44,-53,MhPEWskeyo4dBkd+noyEGCeSllU=,nkauTiJvIVxpwIdbTea9jzJhqb8=
39,-62,MhPEWskeyo4dBkd+noyEGCeSllU=,P/pDPfCKbh+E6Dd5ljxlHafXMFg=
46,-62,MhPEWskeyo4dBkd+noyEGCeSllU=,2XI7SFQQ4zdnjFElkRa2NXQDQrY=
40,-61,MhPEWskeyo4dBkd+noyEGCeSllU=,2XI7SFQQ4zdnjFElkRa2NXQDQrY=
44,-54,MhPEWskeyo4dBkd+noyEGCeSllU=,nkauTiJvIVxpwIdbTea9jzJhqb8=
41,-61,MhPEWskeyo4dBkd+noyEGCeSllU=,2XI7SFQQ4zdnjFElkRa2NXQDQrY=
45,-53,MhPEWskeyo4dBkd+noyEGCeSllU=,nkauTiJvIVxpwIdbTea9jzJhqb8=
42,-61,MhPEWskeyo4dBkd+noyEGCeSllU=,2XI7SFQQ4zdnjFElkRa2NXQDQrY=
45,-54,MhPEWskeyo4dBkd+noyEGCeSllU=,nkauTiJvIVxpwIdbTea9jzJhqb8=
46,-53,MhPEWskeyo4dBkd+noyEGCeSllU=,nkauTiJvIVxpwIdbTea9jzJhqb8=
43,-61,MhPEWskeyo4dBkd+noyEGCeSllU=,2XI7SFQQ4zdnjFElkRa2NXQDQrY=
42,-56,MhPEWskeyo4dBkd+noyEGCeSllU=,nkauTiJvIVxpwIdbTea9jzJhqb8=
44,-61,MhPEWskeyo4dBkd+noyEGCeSllU=,2XI7SFQQ4zdnjFElkRa2NXQDQrY=
46,-54,MhPEWskeyo4dBkd+noyEGCeSllU=,nkauTiJvIVxpwIdbTea9jzJhqb8=
40,-53,MhPEWskeyo4dBkd+noyEGCeSllU=,nkauTiJvIVxpwIdbTea9jzJhqb8=
45,-56,MhPEWskeyo4dBkd+noyEGCeSllU=,nkauTiJvIVxpwIdbTea9jzJhqb8=
45,-61,MhPEWskeyo4dBkd+noyEGCeSllU=,2XI7SFQQ4zdnjFElkRa2NXQDQrY=
41,-53,MhPEWskeyo4dBkd+noyEGCeSllU=,nkauTiJvIVxpwIdbTea9jzJhqb8=
46,-61,MhPEWskeyo4dBkd+noyEGCeSllU=,2XI7SFQQ4zdnjFElkRa2NXQDQrY=
45,-55,MhPEWskeyo4dBkd+noyEGCeSllU=,nkauTiJvIVxpwIdbTea9jzJhqb8=
40,-60,MhPEWskeyo4dBkd+noyEGCeSllU=,2XI7SFQQ4zdnjFElkRa2NXQDQrY=
41,-52,MhPEWskeyo4dBkd+noyEGCeSllU=,nkauTiJvIVxpwIdbTea9jzJhqb8=
42,-52,MhPEWskeyo4dBkd+noyEGCeSllU=,nkauTiJvIVxpwIdbTea9jzJhqb8=
41,-60,MhPEWskeyo4dBkd+noyEGCeSllU=,2XI7SFQQ4zdnjFElkRa2NXQDQrY=
42,-60,MhPEWskeyo4dBkd+noyEGCeSllU=,2XI7SFQQ4zdnjFElkRa2NXQDQrY=
46,-56,MhPEWskeyo4dBkd+noyEGCeSllU=,nkauTiJvIVxpwIdbTea9jzJhqb8=
43,-60,MhPEWskeyo4dBkd+noyEGCeSllU=,2XI7SFQQ4zdnjFElkRa2NXQDQrY=
44,-60,MhPEWskeyo4dBkd+noyEGCeSllU=,2XI7SFQQ4zdnjFElkRa2NXQDQrY=
46,-55,MhPEWskeyo4dBkd+noyEGCeSllU=,nkauTiJvIVxpwIdbTea9jzJhqb8=
45,-60,MhPEWskeyo4dBkd+noyEGCeSllU=,2XI7SFQQ4zdnjFElkRa2NXQDQrY=
43,-52,MhPEWskeyo4dBkd+noyEGCeSllU=,nkauTiJvIVxpwIdbTea9jzJhqb8=
46,-60,MhPEWskeyo4dBkd+noyEGCeSllU=,2XI7SFQQ4zdnjFElkRa2NXQDQrY=
40,-55,MhPEWskeyo4dBkd+noyEGCeSllU=,nkauTiJvIVxpwIdbTea9jzJhqb8=
39,-61,MhPEWskeyo4dBkd+noyEGCeSllU=,P/pDPfCKbh+E6Dd5ljxlHafXMFg=
39,-57,MhPEWskeyo4dBkd+noyEGCeSllU=,P/pDPfCKbh+E6Dd5ljxlHafXMFg=
39,-51,MhPEWskeyo4dBkd+noyEGCeSllU=,5jSzM0UNJGsPPkx47ZyCY64PN9o=
39,-56,MhPEWskeyo4dBkd+noyEGCeSllU=,5jSzM0UNJGsPPkx47ZyCY64PN9o=
40,-59,+xtEvz/s2SB9a+3Po5nBAMi6Mps=,2XI7SFQQ4zdnjFElkRa2NXQDQrY=
44,-52,+xtEvz/s2SB9a+3Po5nBAMi6Mps=,nkauTiJvIVxpwIdbTea9jzJhqb8=
41,-59,+xtEvz/s2SB9a+3Po5nBAMi6Mps=,2XI7SFQQ4zdnjFElkRa2NXQDQrY=
41,-55,+xtEvz/s2SB9a+3Po5nBAMi6Mps=,nkauTiJvIVxpwIdbTea9jzJhqb8=
42,-55,+xtEvz/s2SB9a+3Po5nBAMi6Mps=,nkauTiJvIVxpwIdbTea9jzJhqb8=
42,-59,+xtEvz/s2SB9a+3Po5nBAMi6Mps=,2XI7SFQQ4zdnjFElkRa2NXQDQrY=
43,-51,+xtEvz/s2SB9a+3Po5nBAMi6Mps=,nkauTiJvIVxpwIdbTea9jzJhqb8=
44,-51,+xtEvz/s2SB9a+3Po5nBAMi6Mps=,nkauTiJvIVxpwIdbTea9jzJhqb8=
43,-59,+xtEvz/s2SB9a+3Po5nBAMi6Mps=,2XI7SFQQ4zdnjFElkRa2NXQDQrY=
45,-52,+xtEvz/s2SB9a+3Po5nBAMi6Mps=,nkauTiJvIVxpwIdbTea9jzJhqb8=
44,-59,+xtEvz/s2SB9a+3Po5nBAMi6Mps=,2XI7SFQQ4zdnjFElkRa2NXQDQrY=
40,-54,+xtEvz/s2SB9a+3Po5nBAMi6Mps=,nkauTiJvIVxpwIdbTea9jzJhqb8=
39,-55,+xtEvz/s2SB9a+3Po5nBAMi6Mps=,5jSzM0UNJGsPPkx47ZyCY64PN9o=
46,-52,+xtEvz/s2SB9a+3Po5nBAMi6Mps=,nkauTiJvIVxpwIdbTea9jzJhqb8=
41,-50,+xtEvz/s2SB9a+3Po5nBAMi6Mps=,nkauTiJvIVxpwIdbTea9jzJhqb8=
45,-59,+xtEvz/s2SB9a+3Po5nBAMi6Mps=,2XI7SFQQ4zdnjFElkRa2NXQDQrY=
39,-50,+xtEvz/s2SB9a+3Po5nBAMi6Mps=,5jSzM0UNJGsPPkx47ZyCY64PN9o=
46,-59,+xtEvz/s2SB9a+3Po5nBAMi6Mps=,2XI7SFQQ4zdnjFElkRa2NXQDQrY=
42,-50,+xtEvz/s2SB9a+3Po5nBAMi6Mps=,nkauTiJvIVxpwIdbTea9jzJhqb8=
39,-54,+xtEvz/s2SB9a+3Po5nBAMi6Mps=,5jSzM0UNJGsPPkx47ZyCY64PN9o=
43,-56,+xtEvz/s2SB9a+3Po5nBAMi6Mps=,nkauTiJvIVxpwIdbTea9jzJhqb8=
40,-58,+xtEvz/s2SB9a+3Po5nBAMi6Mps=,2XI7SFQQ4zdnjFElkRa2NXQDQrY=
46,-50,+xtEvz/s2SB9a+3Po5nBAMi6Mps=,nkauTiJvIVxpwIdbTea9jzJhqb8=
42,-58,+xtEvz/s2SB9a+3Po5nBAMi6Mps=,2XI7SFQQ4zdnjFElkRa2NXQDQrY=
41,-58,+xtEvz/s2SB9a+3Po5nBAMi6Mps=,2XI7SFQQ4zdnjFElkRa2NXQDQrY=
40,-57,+xtEvz/s2SB9a+3Po5nBAMi6Mps=,2XI7SFQQ4zdnjFElkRa2NXQDQrY=
43,-58,+xtEvz/s2SB9a+3Po5nBAMi6Mps=,2XI7SFQQ4zdnjFElkRa2NXQDQrY=
41,-54,+xtEvz/s2SB9a+3Po5nBAMi6Mps=,nkauTiJvIVxpwIdbTea9jzJhqb8=
44,-58,+xtEvz/s2SB9a+3Po5nBAMi6Mps=,2XI7SFQQ4zdnjFElkRa2NXQDQrY=
45,-58,+xtEvz/s2SB9a+3Po5nBAMi6Mps=,2XI7SFQQ4zdnjFElkRa2NXQDQrY=
46,-58,+xtEvz/s2SB9a+3Po5nBAMi6Mps=,2XI7SFQQ4zdnjFElkRa2NXQDQrY=
43,-50,+xtEvz/s2SB9a+3Po5nBAMi6Mps=,nkauTiJvIVxpwIdbTea9jzJhqb8=
39,-60,+xtEvz/s2SB9a+3Po5nBAMi6Mps=,P/pDPfCKbh+E6Dd5ljxlHafXMFg=
44,-50,+xtEvz/s2SB9a+3Po5nBAMi6Mps=,nkauTiJvIVxpwIdbTea9jzJhqb8=
43,-55,+xtEvz/s2SB9a+3Po5nBAMi6Mps=,nkauTiJvIVxpwIdbTea9jzJhqb8=
41,-57,+xtEvz/s2SB9a+3Po5nBAMi6Mps=,2XI7SFQQ4zdnjFElkRa2NXQDQrY=
42,-57,+xtEvz/s2SB9a+3Po5nBAMi6Mps=,2XI7SFQQ4zdnjFElkRa2NXQDQrY=
43,-57,+xtEvz/s2SB9a+3Po5nBAMi6Mps=,2XI7SFQQ4zdnjFElkRa2NXQDQrY=
45,-51,+xtEvz/s2SB9a+3Po5nBAMi6Mps=,nkauTiJvIVxpwIdbTea9jzJhqb8=
44,-49,+xtEvz/s2SB9a+3Po5nBAMi6Mps=,nkauTiJvIVxpwIdbTea9jzJhqb8=
45,-50,+xtEvz/s2SB9a+3Po5nBAMi6Mps=,nkauTiJvIVxpwIdbTea9jzJhqb8=
45,-49,+xtEvz/s2SB9a+3Po5nBAMi6Mps=,nkauTiJvIVxpwIdbTea9jzJhqb8=
46,-49,+xtEvz/s2SB9a+3Po5nBAMi6Mps=,nkauTiJvIVxpwIdbTea9jzJhqb8=
41,-49,+xtEvz/s2SB9a+3Po5nBAMi6Mps=,nkauTiJvIVxpwIdbTea9jzJhqb8=
42,-49,+xtEvz/s2SB9a+3Po5nBAMi6Mps=,nkauTiJvIVxpwIdbTea9jzJhqb8=
43,-49,+xtEvz/s2SB9a+3Po5nBAMi6Mps=,nkauTiJvIVxpwIdbTea9jzJhqb8=
33,-49,+xtEvz/s2SB9a+3Po5nBAMi6Mps=,5jSzM0UNJGsPPkx47ZyCY64PN9o=
39,-49,+xtEvz/s2SB9a+3Po5nBAMi6Mps=,5jSzM0UNJGsPPkx47ZyCY64PN9o=
34,-49,+xtEvz/s2SB9a+3Po5nBAMi6Mps=,5jSzM0UNJGsPPkx47ZyCY64PN9o=
47,-51,+xtEvz/s2SB9a+3Po5nBAMi6Mps=,nkauTiJvIVxpwIdbTea9jzJhqb8=
35,-49,+xtEvz/s2SB9a+3Po5nBAMi6Mps=,5jSzM0UNJGsPPkx47ZyCY64PN9o=
47,-53,+xtEvz/s2SB9a+3Po5nBAMi6Mps=,nkauTiJvIVxpwIdbTea9jzJhqb8=
40,-49,+xtEvz/s2SB9a+3Po5nBAMi6Mps=,nkauTiJvIVxpwIdbTea9jzJhqb8=
36,-49,+xtEvz/s2SB9a+3Po5nBAMi6Mps=,5jSzM0UNJGsPPkx47ZyCY64PN9o=
47,-54,+xtEvz/s2SB9a+3Po5nBAMi6Mps=,nkauTiJvIVxpwIdbTea9jzJhqb8=
47,-55,+xtEvz/s2SB9a+3Po5nBAMi6Mps=,nkauTiJvIVxpwIdbTea9jzJhqb8=
37,-49,+xtEvz/s2SB9a+3Po5nBAMi6Mps=,5jSzM0UNJGsPPkx47ZyCY64PN9o=
47,-52,+xtEvz/s2SB9a+3Po5nBAMi6Mps=,nkauTiJvIVxpwIdbTea9jzJhqb8=
47,-50,+xtEvz/s2SB9a+3Po5nBAMi6Mps=,nkauTiJvIVxpwIdbTea9jzJhqb8=
38,-49,+xtEvz/s2SB9a+3Po5nBAMi6Mps=,5jSzM0UNJGsPPkx47ZyCY64PN9o=
32,-52,+xtEvz/s2SB9a+3Po5nBAMi6Mps=,5jSzM0UNJGsPPkx47ZyCY64PN9o=
32,-51,+xtEvz/s2SB9a+3Po5nBAMi6Mps=,5jSzM0UNJGsPPkx47ZyCY64PN9o=
33,-64,+xtEvz/s2SB9a+3Po5nBAMi6Mps=,P/pDPfCKbh+E6Dd5ljxlHafXMFg=
34,-64,+xtEvz/s2SB9a+3Po5nBAMi6Mps=,P/pDPfCKbh+E6Dd5ljxlHafXMFg=
35,-64,+xtEvz/s2SB9a+3Po5nBAMi6Mps=,P/pDPfCKbh+E6Dd5ljxlHafXMFg=
36,-64,+xtEvz/s2SB9a+3Po5nBAMi6Mps=,P/pDPfCKbh+E6Dd5ljxlHafXMFg=
37,-64,+xtEvz/s2SB9a+3Po5nBAMi6Mps=,P/pDPfCKbh+E6Dd5ljxlHafXMFg=
32,-58,+xtEvz/s2SB9a+3Po5nBAMi6Mps=,P/pDPfCKbh+E6Dd5ljxlHafXMFg=
32,-50,+xtEvz/s2SB9a+3Po5nBAMi6Mps=,5jSzM0UNJGsPPkx47ZyCY64PN9o=
32,-63,+xtEvz/s2SB9a+3Po5nBAMi6Mps=,P/pDPfCKbh+E6Dd5ljxlHafXMFg=
32,-55,+xtEvz/s2SB9a+3Po5nBAMi6Mps=,5jSzM0UNJGsPPkx47ZyCY64PN9o=
32,-57,+xtEvz/s2SB9a+3Po5nBAMi6Mps=,P/pDPfCKbh+E6Dd5ljxlHafXMFg=
32,-62,+xtEvz/s2SB9a+3Po5nBAMi6Mps=,P/pDPfCKbh+E6Dd5ljxlHafXMFg=
32,-61,+xtEvz/s2SB9a+3Po5nBAMi6Mps=,P/pDPfCKbh+E6Dd5ljxlHafXMFg=
32,-54,+xtEvz/s2SB9a+3Po5nBAMi6Mps=,5jSzM0UNJGsPPkx47ZyCY64PN9o=
32,-56,+xtEvz/s2SB9a+3Po5nBAMi6Mps=,5jSzM0UNJGsPPkx47ZyCY64PN9o=
32,-49,+xtEvz/s2SB9a+3Po5nBAMi6Mps=,5jSzM0UNJGsPPkx47ZyCY64PN9o=
32,-60,+xtEvz/s2SB9a+3Po5nBAMi6Mps=,P/pDPfCKbh+E6Dd5ljxlHafXMFg=
32,-59,+xtEvz/s2SB9a+3Po5nBAMi6Mps=,P/pDPfCKbh+E6Dd5ljxlHafXMFg=
32,-53,+xtEvz/s2SB9a+3Po5nBAMi6Mps=,5jSzM0UNJGsPPkx47ZyCY64PN9o=
40,-64,+xtEvz/s2SB9a+3Po5nBAMi6Mps=,2XI7SFQQ4zdnjFElkRa2NXQDQrY=
41,-64,+xtEvz/s2SB9a+3Po5nBAMi6Mps=,2XI7SFQQ4zdnjFElkRa2NXQDQrY=
38,-64,+xtEvz/s2SB9a+3Po5nBAMi6Mps=,P/pDPfCKbh+E6Dd5ljxlHafXMFg=
42,-64,+xtEvz/s2SB9a+3Po5nBAMi6Mps=,2XI7SFQQ4zdnjFElkRa2NXQDQrY=
47,-57,+xtEvz/s2SB9a+3Po5nBAMi6Mps=,2XI7SFQQ4zdnjFElkRa2NXQDQrY=
43,-64,+xtEvz/s2SB9a+3Po5nBAMi6Mps=,2XI7SFQQ4zdnjFElkRa2NXQDQrY=
44,-64,+xtEvz/s2SB9a+3Po5nBAMi6Mps=,2XI7SFQQ4zdnjFElkRa2NXQDQrY=
45,-64,+xtEvz/s2SB9a+3Po5nBAMi6Mps=,2XI7SFQQ4zdnjFElkRa2NXQDQrY=
47,-63,+xtEvz/s2SB9a+3Po5nBAMi6Mps=,2XI7SFQQ4zdnjFElkRa2NXQDQrY=
46,-64,+xtEvz/s2SB9a+3Po5nBAMi6Mps=,2XI7SFQQ4zdnjFElkRa2NXQDQrY=
47,-56,+xtEvz/s2SB9a+3Po5nBAMi6Mps=,nkauTiJvIVxpwIdbTea9jzJhqb8=
39,-64,+xtEvz/s2SB9a+3Po5nBAMi6Mps=,P/pDPfCKbh+E6Dd5ljxlHafXMFg=
47,-49,+xtEvz/s2SB9a+3Po5nBAMi6Mps=,nkauTiJvIVxpwIdbTea9jzJhqb8=
47,-62,+xtEvz/s2SB9a+3Po5nBAMi6Mps=,2XI7SFQQ4zdnjFElkRa2NXQDQrY=
32,-64,+xtEvz/s2SB9a+3Po5nBAMi6Mps=,P/pDPfCKbh+E6Dd5ljxlHafXMFg=
47,-64,+xtEvz/s2SB9a+3Po5nBAMi6Mps=,2XI7SFQQ4zdnjFElkRa2NXQDQrY=
47,-58,+xtEvz/s2SB9a+3Po5nBAMi6Mps=,2XI7SFQQ4zdnjFElkRa2NXQDQrY=
47,-59,+xtEvz/s2SB9a+3Po5nBAMi6Mps=,2XI7SFQQ4zdnjFElkRa2NXQDQrY=
47,-60,+xtEvz/s2SB9a+3Po5nBAMi6Mps=,2XI7SFQQ4zdnjFElkRa2NXQDQrY=
47,-61,+xtEvz/s2SB9a+3Po5nBAMi6Mps=,2XI7SFQQ4zdnjFElkRa2NXQDQrY=
36,-37,V0phcm/tVSQkc44+y/oxHKiDL5w=,mt16QFJ7ODu+iez2kB29eQXoWJw=
37,-37,V0phcm/tVSQkc44+y/oxHKiDL5w=,mt16QFJ7ODu+iez2kB29eQXoWJw=
38,-37,V0phcm/tVSQkc44+y/oxHKiDL5w=,mt16QFJ7ODu+iez2kB29eQXoWJw=
33,-36,V0phcm/tVSQkc44+y/oxHKiDL5w=,mt16QFJ7ODu+iez2kB29eQXoWJw=
34,-36,V0phcm/tVSQkc44+y/oxHKiDL5w=,mt16QFJ7ODu+iez2kB29eQXoWJw=
35,-36,V0phcm/tVSQkc44+y/oxHKiDL5w=,mt16QFJ7ODu+iez2kB29eQXoWJw=
36,-36,V0phcm/tVSQkc44+y/oxHKiDL5w=,mt16QFJ7ODu+iez2kB29eQXoWJw=
37,-36,V0phcm/tVSQkc44+y/oxHKiDL5w=,mt16QFJ7ODu+iez2kB29eQXoWJw=
38,-36,V0phcm/tVSQkc44+y/oxHKiDL5w=,mt16QFJ7ODu+iez2kB29eQXoWJw=
33,-35,V0phcm/tVSQkc44+y/oxHKiDL5w=,mt16QFJ7ODu+iez2kB29eQXoWJw=
34,-35,V0phcm/tVSQkc44+y/oxHKiDL5w=,mt16QFJ7ODu+iez2kB29eQXoWJw=
35,-35,V0phcm/tVSQkc44+y/oxHKiDL5w=,mt16QFJ7ODu+iez2kB29eQXoWJw=
36,-35,V0phcm/tVSQkc44+y/oxHKiDL5w=,mt16QFJ7ODu+iez2kB29eQXoWJw=
33,-39,V0phcm/tVSQkc44+y/oxHKiDL5w=,mt16QFJ7ODu+iez2kB29eQXoWJw=
34,-39,V0phcm/tVSQkc44+y/oxHKiDL5w=,mt16QFJ7ODu+iez2kB29eQXoWJw=
37,-35,V0phcm/tVSQkc44+y/oxHKiDL5w=,mt16QFJ7ODu+iez2kB29eQXoWJw=
35,-39,V0phcm/tVSQkc44+y/oxHKiDL5w=,mt16QFJ7ODu+iez2kB29eQXoWJw=
38,-35,V0phcm/tVSQkc44+y/oxHKiDL5w=,mt16QFJ7ODu+iez2kB29eQXoWJw=
36,-39,V0phcm/tVSQkc44+y/oxHKiDL5w=,mt16QFJ7ODu+iez2kB29eQXoWJw=
33,-34,V0phcm/tVSQkc44+y/oxHKiDL5w=,mt16QFJ7ODu+iez2kB29eQXoWJw=
34,-34,V0phcm/tVSQkc44+y/oxHKiDL5w=,mt16QFJ7ODu+iez2kB29eQXoWJw=
37,-39,V0phcm/tVSQkc44+y/oxHKiDL5w=,mt16QFJ7ODu+iez2kB29eQXoWJw=
35,-34,V0phcm/tVSQkc44+y/oxHKiDL5w=,mt16QFJ7ODu+iez2kB29eQXoWJw=
36,-43,V0phcm/tVSQkc44+y/oxHKiDL5w=,O6pkNQVOeo1TBofpLx9rsc1DH5E=
38,-39,V0phcm/tVSQkc44+y/oxHKiDL5w=,mt16QFJ7ODu+iez2kB29eQXoWJw=
36,-34,V0phcm/tVSQkc44+y/oxHKiDL5w=,mt16QFJ7ODu+iez2kB29eQXoWJw=
37,-43,V0phcm/tVSQkc44+y/oxHKiDL5w=,O6pkNQVOeo1TBofpLx9rsc1DH5E=
37,-34,V0phcm/tVSQkc44+y/oxHKiDL5w=,mt16QFJ7ODu+iez2kB29eQXoWJw=
38,-43,V0phcm/tVSQkc44+y/oxHKiDL5w=,O6pkNQVOeo1TBofpLx9rsc1DH5E=
38,-34,V0phcm/tVSQkc44+y/oxHKiDL5w=,mt16QFJ7ODu+iez2kB29eQXoWJw=
33,-42,V0phcm/tVSQkc44+y/oxHKiDL5w=,O6pkNQVOeo1TBofpLx9rsc1DH5E=
33,-38,V0phcm/tVSQkc44+y/oxHKiDL5w=,mt16QFJ7ODu+iez2kB29eQXoWJw=
34,-42,V0phcm/tVSQkc44+y/oxHKiDL5w=,O6pkNQVOeo1TBofpLx9rsc1DH5E=
34,-38,V0phcm/tVSQkc44+y/oxHKiDL5w=,mt16QFJ7ODu+iez2kB29eQXoWJw=
35,-42,V0phcm/tVSQkc44+y/oxHKiDL5w=,O6pkNQVOeo1TBofpLx9rsc1DH5E=
35,-38,V0phcm/tVSQkc44+y/oxHKiDL5w=,mt16QFJ7ODu+iez2kB29eQXoWJw=
36,-42,V0phcm/tVSQkc44+y/oxHKiDL5w=,O6pkNQVOeo1TBofpLx9rsc1DH5E=
36,-38,V0phcm/tVSQkc44+y/oxHKiDL5w=,mt16QFJ7ODu+iez2kB29eQXoWJw=
37,-42,V0phcm/tVSQkc44+y/oxHKiDL5w=,O6pkNQVOeo1TBofpLx9rsc1DH5E=
37,-38,V0phcm/tVSQkc44+y/oxHKiDL5w=,mt16QFJ7ODu+iez2kB29eQXoWJw=
38,-42,V0phcm/tVSQkc44+y/oxHKiDL5w=,O6pkNQVOeo1TBofpLx9rsc1DH5E=
38,-38,V0phcm/tVSQkc44+y/oxHKiDL5w=,mt16QFJ7ODu+iez2kB29eQXoWJw=
33,-41,V0phcm/tVSQkc44+y/oxHKiDL5w=,O6pkNQVOeo1TBofpLx9rsc1DH5E=
33,-37,V0phcm/tVSQkc44+y/oxHKiDL5w=,mt16QFJ7ODu+iez2kB29eQXoWJw=
34,-41,V0phcm/tVSQkc44+y/oxHKiDL5w=,O6pkNQVOeo1TBofpLx9rsc1DH5E=
34,-37,V0phcm/tVSQkc44+y/oxHKiDL5w=,mt16QFJ7ODu+iez2kB29eQXoWJw=
35,-37,V0phcm/tVSQkc44+y/oxHKiDL5w=,mt16QFJ7ODu+iez2kB29eQXoWJw=
35,-41,V0phcm/tVSQkc44+y/oxHKiDL5w=,O6pkNQVOeo1TBofpLx9rsc1DH5E=
46,-35,V0phcm/tVSQkc44+y/oxHKiDL5w=,qUvTgV0OkhdYiRrRefST2ubqMO0=
40,-34,V0phcm/tVSQkc44+y/oxHKiDL5w=,qUvTgV0OkhdYiRrRefST2ubqMO0=
40,-35,V0phcm/tVSQkc44+y/oxHKiDL5w=,qUvTgV0OkhdYiRrRefST2ubqMO0=
36,-41,YtJjtuP29Mz/rboV1vNZ70vqWxg=,O6pkNQVOeo1TBofpLx9rsc1DH5E=
37,-41,YtJjtuP29Mz/rboV1vNZ70vqWxg=,O6pkNQVOeo1TBofpLx9rsc1DH5E=
38,-41,YtJjtuP29Mz/rboV1vNZ70vqWxg=,O6pkNQVOeo1TBofpLx9rsc1DH5E=
33,-40,YtJjtuP29Mz/rboV1vNZ70vqWxg=,mt16QFJ7ODu+iez2kB29eQXoWJw=
34,-40,YtJjtuP29Mz/rboV1vNZ70vqWxg=,mt16QFJ7ODu+iez2kB29eQXoWJw=
44,-41,YtJjtuP29Mz/rboV1vNZ70vqWxg=,nUCyyr/GGEtDhPvXTOD4egcuHMQ=
35,-40,YtJjtuP29Mz/rboV1vNZ70vqWxg=,mt16QFJ7ODu+iez2kB29eQXoWJw=
45,-41,YtJjtuP29Mz/rboV1vNZ70vqWxg=,nUCyyr/GGEtDhPvXTOD4egcuHMQ=
33,-47,YtJjtuP29Mz/rboV1vNZ70vqWxg=,O6pkNQVOeo1TBofpLx9rsc1DH5E=
46,-41,YtJjtuP29Mz/rboV1vNZ70vqWxg=,nUCyyr/GGEtDhPvXTOD4egcuHMQ=
34,-47,YtJjtuP29Mz/rboV1vNZ70vqWxg=,O6pkNQVOeo1TBofpLx9rsc1DH5E=
40,-40,YtJjtuP29Mz/rboV1vNZ70vqWxg=,qUvTgV0OkhdYiRrRefST2ubqMO0=
35,-47,YtJjtuP29Mz/rboV1vNZ70vqWxg=,O6pkNQVOeo1TBofpLx9rsc1DH5E=
43,-40,YtJjtuP29Mz/rboV1vNZ70vqWxg=,qUvTgV0OkhdYiRrRefST2ubqMO0=
36,-47,YtJjtuP29Mz/rboV1vNZ70vqWxg=,O6pkNQVOeo1TBofpLx9rsc1DH5E=
41,-40,YtJjtuP29Mz/rboV1vNZ70vqWxg=,qUvTgV0OkhdYiRrRefST2ubqMO0=
37,-47,YtJjtuP29Mz/rboV1vNZ70vqWxg=,O6pkNQVOeo1TBofpLx9rsc1DH5E=
39,-43,YtJjtuP29Mz/rboV1vNZ70vqWxg=,O6pkNQVOeo1TBofpLx9rsc1DH5E=
38,-47,YtJjtuP29Mz/rboV1vNZ70vqWxg=,O6pkNQVOeo1TBofpLx9rsc1DH5E=
44,-40,YtJjtuP29Mz/rboV1vNZ70vqWxg=,qUvTgV0OkhdYiRrRefST2ubqMO0=
36,-40,YtJjtuP29Mz/rboV1vNZ70vqWxg=,mt16QFJ7ODu+iez2kB29eQXoWJw=
45,-40,YtJjtuP29Mz/rboV1vNZ70vqWxg=,qUvTgV0OkhdYiRrRefST2ubqMO0=
33,-46,YtJjtuP29Mz/rboV1vNZ70vqWxg=,O6pkNQVOeo1TBofpLx9rsc1DH5E=
46,-40,YtJjtuP29Mz/rboV1vNZ70vqWxg=,qUvTgV0OkhdYiRrRefST2ubqMO0=
34,-46,YtJjtuP29Mz/rboV1vNZ70vqWxg=,O6pkNQVOeo1TBofpLx9rsc1DH5E=
39,-42,YtJjtuP29Mz/rboV1vNZ70vqWxg=,O6pkNQVOeo1TBofpLx9rsc1DH5E=
35,-46,YtJjtuP29Mz/rboV1vNZ70vqWxg=,O6pkNQVOeo1TBofpLx9rsc1DH5E=
42,-40,YtJjtuP29Mz/rboV1vNZ70vqWxg=,qUvTgV0OkhdYiRrRefST2ubqMO0=
39,-41,YtJjtuP29Mz/rboV1vNZ70vqWxg=,O6pkNQVOeo1TBofpLx9rsc1DH5E=
37,-40,YtJjtuP29Mz/rboV1vNZ70vqWxg=,mt16QFJ7ODu+iez2kB29eQXoWJw=
36,-46,YtJjtuP29Mz/rboV1vNZ70vqWxg=,O6pkNQVOeo1TBofpLx9rsc1DH5E=
40,-47,YtJjtuP29Mz/rboV1vNZ70vqWxg=,nUCyyr/GGEtDhPvXTOD4egcuHMQ=
37,-46,YtJjtuP29Mz/rboV1vNZ70vqWxg=,O6pkNQVOeo1TBofpLx9rsc1DH5E=
41,-47,YtJjtuP29Mz/rboV1vNZ70vqWxg=,nUCyyr/GGEtDhPvXTOD4egcuHMQ=
38,-40,YtJjtuP29Mz/rboV1vNZ70vqWxg=,mt16QFJ7ODu+iez2kB29eQXoWJw=
42,-47,YtJjtuP29Mz/rboV1vNZ70vqWxg=,nUCyyr/GGEtDhPvXTOD4egcuHMQ=
38,-46,YtJjtuP29Mz/rboV1vNZ70vqWxg=,O6pkNQVOeo1TBofpLx9rsc1DH5E=
43,-47,YtJjtuP29Mz/rboV1vNZ70vqWxg=,nUCyyr/GGEtDhPvXTOD4egcuHMQ=
33,-45,YtJjtuP29Mz/rboV1vNZ70vqWxg=,O6pkNQVOeo1TBofpLx9rsc1DH5E=
44,-47,YtJjtuP29Mz/rboV1vNZ70vqWxg=,nUCyyr/GGEtDhPvXTOD4egcuHMQ=
34,-45,YtJjtuP29Mz/rboV1vNZ70vqWxg=,O6pkNQVOeo1TBofpLx9rsc1DH5E=
45,-47,YtJjtuP29Mz/rboV1vNZ70vqWxg=,nUCyyr/GGEtDhPvXTOD4egcuHMQ=
35,-45,YtJjtuP29Mz/rboV1vNZ70vqWxg=,O6pkNQVOeo1TBofpLx9rsc1DH5E=
46,-47,YtJjtuP29Mz/rboV1vNZ70vqWxg=,nUCyyr/GGEtDhPvXTOD4egcuHMQ=
40,-46,YtJjtuP29Mz/rboV1vNZ70vqWxg=,nUCyyr/GGEtDhPvXTOD4egcuHMQ=
36,-45,YtJjtuP29Mz/rboV1vNZ70vqWxg=,O6pkNQVOeo1TBofpLx9rsc1DH5E=
41,-46,YtJjtuP29Mz/rboV1vNZ70vqWxg=,nUCyyr/GGEtDhPvXTOD4egcuHMQ=
37,-45,YtJjtuP29Mz/rboV1vNZ70vqWxg=,O6pkNQVOeo1TBofpLx9rsc1DH5E=
38,-45,YtJjtuP29Mz/rboV1vNZ70vqWxg=,O6pkNQVOeo1TBofpLx9rsc1DH5E=
42,-46,YtJjtuP29Mz/rboV1vNZ70vqWxg=,nUCyyr/GGEtDhPvXTOD4egcuHMQ=
33,-44,YtJjtuP29Mz/rboV1vNZ70vqWxg=,O6pkNQVOeo1TBofpLx9rsc1DH5E=
43,-46,YtJjtuP29Mz/rboV1vNZ70vqWxg=,nUCyyr/GGEtDhPvXTOD4egcuHMQ=
34,-44,YtJjtuP29Mz/rboV1vNZ70vqWxg=,O6pkNQVOeo1TBofpLx9rsc1DH5E=
39,-47,YtJjtuP29Mz/rboV1vNZ70vqWxg=,O6pkNQVOeo1TBofpLx9rsc1DH5E=
44,-46,YtJjtuP29Mz/rboV1vNZ70vqWxg=,nUCyyr/GGEtDhPvXTOD4egcuHMQ=
35,-44,YtJjtuP29Mz/rboV1vNZ70vqWxg=,O6pkNQVOeo1TBofpLx9rsc1DH5E=
45,-46,YtJjtuP29Mz/rboV1vNZ70vqWxg=,nUCyyr/GGEtDhPvXTOD4egcuHMQ=
36,-44,YtJjtuP29Mz/rboV1vNZ70vqWxg=,O6pkNQVOeo1TBofpLx9rsc1DH5E=
46,-46,YtJjtuP29Mz/rboV1vNZ70vqWxg=,nUCyyr/GGEtDhPvXTOD4egcuHMQ=
37,-44,YtJjtuP29Mz/rboV1vNZ70vqWxg=,O6pkNQVOeo1TBofpLx9rsc1DH5E=
39,-46,YtJjtuP29Mz/rboV1vNZ70vqWxg=,O6pkNQVOeo1TBofpLx9rsc1DH5E=
38,-44,YtJjtuP29Mz/rboV1vNZ70vqWxg=,O6pkNQVOeo1TBofpLx9rsc1DH5E=
33,-43,YtJjtuP29Mz/rboV1vNZ70vqWxg=,O6pkNQVOeo1TBofpLx9rsc1DH5E=
40,-45,YtJjtuP29Mz/rboV1vNZ70vqWxg=,nUCyyr/GGEtDhPvXTOD4egcuHMQ=
34,-43,YtJjtuP29Mz/rboV1vNZ70vqWxg=,O6pkNQVOeo1TBofpLx9rsc1DH5E=
41,-45,YtJjtuP29Mz/rboV1vNZ70vqWxg=,nUCyyr/GGEtDhPvXTOD4egcuHMQ=
42,-45,YtJjtuP29Mz/rboV1vNZ70vqWxg=,nUCyyr/GGEtDhPvXTOD4egcuHMQ=
35,-43,YtJjtuP29Mz/rboV1vNZ70vqWxg=,O6pkNQVOeo1TBofpLx9rsc1DH5E=
43,-45,YtJjtuP29Mz/rboV1vNZ70vqWxg=,nUCyyr/GGEtDhPvXTOD4egcuHMQ=
44,-45,YtJjtuP29Mz/rboV1vNZ70vqWxg=,nUCyyr/GGEtDhPvXTOD4egcuHMQ=
40,-36,YtJjtuP29Mz/rboV1vNZ70vqWxg=,qUvTgV0OkhdYiRrRefST2ubqMO0=
45,-45,YtJjtuP29Mz/rboV1vNZ70vqWxg=,nUCyyr/GGEtDhPvXTOD4egcuHMQ=
42,-38,YtJjtuP29Mz/rboV1vNZ70vqWxg=,qUvTgV0OkhdYiRrRefST2ubqMO0=
39,-40,YtJjtuP29Mz/rboV1vNZ70vqWxg=,mt16QFJ7ODu+iez2kB29eQXoWJw=
42,-37,YtJjtuP29Mz/rboV1vNZ70vqWxg=,qUvTgV0OkhdYiRrRefST2ubqMO0=
46,-45,YtJjtuP29Mz/rboV1vNZ70vqWxg=,nUCyyr/GGEtDhPvXTOD4egcuHMQ=
39,-45,YtJjtuP29Mz/rboV1vNZ70vqWxg=,O6pkNQVOeo1TBofpLx9rsc1DH5E=
39,-37,YtJjtuP29Mz/rboV1vNZ70vqWxg=,mt16QFJ7ODu+iez2kB29eQXoWJw=
43,-39,YtJjtuP29Mz/rboV1vNZ70vqWxg=,qUvTgV0OkhdYiRrRefST2ubqMO0=
40,-44,YtJjtuP29Mz/rboV1vNZ70vqWxg=,nUCyyr/GGEtDhPvXTOD4egcuHMQ=
41,-44,YtJjtuP29Mz/rboV1vNZ70vqWxg=,nUCyyr/GGEtDhPvXTOD4egcuHMQ=
44,-39,YtJjtuP29Mz/rboV1vNZ70vqWxg=,qUvTgV0OkhdYiRrRefST2ubqMO0=
42,-44,YtJjtuP29Mz/rboV1vNZ70vqWxg=,nUCyyr/GGEtDhPvXTOD4egcuHMQ=
45,-39,YtJjtuP29Mz/rboV1vNZ70vqWxg=,qUvTgV0OkhdYiRrRefST2ubqMO0=
43,-44,YtJjtuP29Mz/rboV1vNZ70vqWxg=,nUCyyr/GGEtDhPvXTOD4egcuHMQ=
43,-37,YtJjtuP29Mz/rboV1vNZ70vqWxg=,qUvTgV0OkhdYiRrRefST2ubqMO0=
44,-44,YtJjtuP29Mz/rboV1vNZ70vqWxg=,nUCyyr/GGEtDhPvXTOD4egcuHMQ=
46,-39,YtJjtuP29Mz/rboV1vNZ70vqWxg=,qUvTgV0OkhdYiRrRefST2ubqMO0=
41,-35,YtJjtuP29Mz/rboV1vNZ70vqWxg=,qUvTgV0OkhdYiRrRefST2ubqMO0=
45,-44,YtJjtuP29Mz/rboV1vNZ70vqWxg=,nUCyyr/GGEtDhPvXTOD4egcuHMQ=
40,-39,YtJjtuP29Mz/rboV1vNZ70vqWxg=,qUvTgV0OkhdYiRrRefST2ubqMO0=
46,-44,YtJjtuP29Mz/rboV1vNZ70vqWxg=,nUCyyr/GGEtDhPvXTOD4egcuHMQ=
40,-43,YtJjtuP29Mz/rboV1vNZ70vqWxg=,nUCyyr/GGEtDhPvXTOD4egcuHMQ=
41,-39,YtJjtuP29Mz/rboV1vNZ70vqWxg=,qUvTgV0OkhdYiRrRefST2ubqMO0=
42,-35,YtJjtuP29Mz/rboV1vNZ70vqWxg=,qUvTgV0OkhdYiRrRefST2ubqMO0=
41,-43,YtJjtuP29Mz/rboV1vNZ70vqWxg=,nUCyyr/GGEtDhPvXTOD4egcuHMQ=
42,-43,YtJjtuP29Mz/rboV1vNZ70vqWxg=,nUCyyr/GGEtDhPvXTOD4egcuHMQ=
40,-38,YtJjtuP29Mz/rboV1vNZ70vqWxg=,qUvTgV0OkhdYiRrRefST2ubqMO0=
42,-39,YtJjtuP29Mz/rboV1vNZ70vqWxg=,qUvTgV0OkhdYiRrRefST2ubqMO0=
43,-43,YtJjtuP29Mz/rboV1vNZ70vqWxg=,nUCyyr/GGEtDhPvXTOD4egcuHMQ=
43,-38,YtJjtuP29Mz/rboV1vNZ70vqWxg=,qUvTgV0OkhdYiRrRefST2ubqMO0=
44,-43,YtJjtuP29Mz/rboV1vNZ70vqWxg=,nUCyyr/GGEtDhPvXTOD4egcuHMQ=
45,-43,YtJjtuP29Mz/rboV1vNZ70vqWxg=,nUCyyr/GGEtDhPvXTOD4egcuHMQ=
39,-36,YtJjtuP29Mz/rboV1vNZ70vqWxg=,mt16QFJ7ODu+iez2kB29eQXoWJw=
44,-38,YtJjtuP29Mz/rboV1vNZ70vqWxg=,qUvTgV0OkhdYiRrRefST2ubqMO0=
46,-43,YtJjtuP29Mz/rboV1vNZ70vqWxg=,nUCyyr/GGEtDhPvXTOD4egcuHMQ=
41,-36,YtJjtuP29Mz/rboV1vNZ70vqWxg=,qUvTgV0OkhdYiRrRefST2ubqMO0=
40,-42,YtJjtuP29Mz/rboV1vNZ70vqWxg=,nUCyyr/GGEtDhPvXTOD4egcuHMQ=
41,-42,YtJjtuP29Mz/rboV1vNZ70vqWxg=,nUCyyr/GGEtDhPvXTOD4egcuHMQ=
42,-36,YtJjtuP29Mz/rboV1vNZ70vqWxg=,qUvTgV0OkhdYiRrRefST2ubqMO0=
42,-42,YtJjtuP29Mz/rboV1vNZ70vqWxg=,nUCyyr/GGEtDhPvXTOD4egcuHMQ=
45,-38,YtJjtuP29Mz/rboV1vNZ70vqWxg=,qUvTgV0OkhdYiRrRefST2ubqMO0=
43,-42,YtJjtuP29Mz/rboV1vNZ70vqWxg=,nUCyyr/GGEtDhPvXTOD4egcuHMQ=
46,-38,YtJjtuP29Mz/rboV1vNZ70vqWxg=,qUvTgV0OkhdYiRrRefST2ubqMO0=
44,-42,YtJjtuP29Mz/rboV1vNZ70vqWxg=,nUCyyr/GGEtDhPvXTOD4egcuHMQ=
43,-36,YtJjtuP29Mz/rboV1vNZ70vqWxg=,qUvTgV0OkhdYiRrRefST2ubqMO0=
45,-42,YtJjtuP29Mz/rboV1vNZ70vqWxg=,nUCyyr/GGEtDhPvXTOD4egcuHMQ=
44,-37,YtJjtuP29Mz/rboV1vNZ70vqWxg=,qUvTgV0OkhdYiRrRefST2ubqMO0=
46,-42,YtJjtuP29Mz/rboV1vNZ70vqWxg=,nUCyyr/GGEtDhPvXTOD4egcuHMQ=
43,-35,YtJjtuP29Mz/rboV1vNZ70vqWxg=,qUvTgV0OkhdYiRrRefST2ubqMO0=
45,-37,YtJjtuP29Mz/rboV1vNZ70vqWxg=,qUvTgV0OkhdYiRrRefST2ubqMO0=
39,-44,YtJjtuP29Mz/rboV1vNZ70vqWxg=,O6pkNQVOeo1TBofpLx9rsc1DH5E=
44,-36,YtJjtuP29Mz/rboV1vNZ70vqWxg=,qUvTgV0OkhdYiRrRefST2ubqMO0=
40,-41,YtJjtuP29Mz/rboV1vNZ70vqWxg=,nUCyyr/GGEtDhPvXTOD4egcuHMQ=
41,-41,YtJjtuP29Mz/rboV1vNZ70vqWxg=,nUCyyr/GGEtDhPvXTOD4egcuHMQ=
39,-35,YtJjtuP29Mz/rboV1vNZ70vqWxg=,mt16QFJ7ODu+iez2kB29eQXoWJw=
45,-36,YtJjtuP29Mz/rboV1vNZ70vqWxg=,qUvTgV0OkhdYiRrRefST2ubqMO0=
40,-37,YtJjtuP29Mz/rboV1vNZ70vqWxg=,qUvTgV0OkhdYiRrRefST2ubqMO0=
46,-36,YtJjtuP29Mz/rboV1vNZ70vqWxg=,qUvTgV0OkhdYiRrRefST2ubqMO0=
39,-39,YtJjtuP29Mz/rboV1vNZ70vqWxg=,mt16QFJ7ODu+iez2kB29eQXoWJw=
46,-37,YtJjtuP29Mz/rboV1vNZ70vqWxg=,qUvTgV0OkhdYiRrRefST2ubqMO0=
39,-34,YtJjtuP29Mz/rboV1vNZ70vqWxg=,mt16QFJ7ODu+iez2kB29eQXoWJw=
44,-35,YtJjtuP29Mz/rboV1vNZ70vqWxg=,qUvTgV0OkhdYiRrRefST2ubqMO0=
41,-38,YtJjtuP29Mz/rboV1vNZ70vqWxg=,qUvTgV0OkhdYiRrRefST2ubqMO0=
46,-34,YtJjtuP29Mz/rboV1vNZ70vqWxg=,qUvTgV0OkhdYiRrRefST2ubqMO0=
45,-35,YtJjtuP29Mz/rboV1vNZ70vqWxg=,qUvTgV0OkhdYiRrRefST2ubqMO0=
41,-34,YtJjtuP29Mz/rboV1vNZ70vqWxg=,qUvTgV0OkhdYiRrRefST2ubqMO0=
41,-37,YtJjtuP29Mz/rboV1vNZ70vqWxg=,qUvTgV0OkhdYiRrRefST2ubqMO0=
42,-34,YtJjtuP29Mz/rboV1vNZ70vqWxg=,qUvTgV0OkhdYiRrRefST2ubqMO0=
39,-38,YtJjtuP29Mz/rboV1vNZ70vqWxg=,mt16QFJ7ODu+iez2kB29eQXoWJw=
43,-34,YtJjtuP29Mz/rboV1vNZ70vqWxg=,qUvTgV0OkhdYiRrRefST2ubqMO0=
44,-34,YtJjtuP29Mz/rboV1vNZ70vqWxg=,qUvTgV0OkhdYiRrRefST2ubqMO0=
45,-34,YtJjtuP29Mz/rboV1vNZ70vqWxg=,qUvTgV0OkhdYiRrRefST2ubqMO0=
42,-41,YtJjtuP29Mz/rboV1vNZ70vqWxg=,nUCyyr/GGEtDhPvXTOD4egcuHMQ=
43,-41,YtJjtuP29Mz/rboV1vNZ70vqWxg=,nUCyyr/GGEtDhPvXTOD4egcuHMQ=
47,-35,YtJjtuP29Mz/rboV1vNZ70vqWxg=,qUvTgV0OkhdYiRrRefST2ubqMO0=
47,-39,YtJjtuP29Mz/rboV1vNZ70vqWxg=,qUvTgV0OkhdYiRrRefST2ubqMO0=
47,-41,YtJjtuP29Mz/rboV1vNZ70vqWxg=,nUCyyr/GGEtDhPvXTOD4egcuHMQ=
47,-38,YtJjtuP29Mz/rboV1vNZ70vqWxg=,qUvTgV0OkhdYiRrRefST2ubqMO0=
47,-40,YtJjtuP29Mz/rboV1vNZ70vqWxg=,qUvTgV0OkhdYiRrRefST2ubqMO0=
47,-47,YtJjtuP29Mz/rboV1vNZ70vqWxg=,nUCyyr/GGEtDhPvXTOD4egcuHMQ=
47,-46,YtJjtuP29Mz/rboV1vNZ70vqWxg=,nUCyyr/GGEtDhPvXTOD4egcuHMQ=
47,-34,YtJjtuP29Mz/rboV1vNZ70vqWxg=,qUvTgV0OkhdYiRrRefST2ubqMO0=
47,-45,YtJjtuP29Mz/rboV1vNZ70vqWxg=,nUCyyr/GGEtDhPvXTOD4egcuHMQ=
47,-44,YtJjtuP29Mz/rboV1vNZ70vqWxg=,nUCyyr/GGEtDhPvXTOD4egcuHMQ=
47,-36,YtJjtuP29Mz/rboV1vNZ70vqWxg=,qUvTgV0OkhdYiRrRefST2ubqMO0=
47,-37,YtJjtuP29Mz/rboV1vNZ70vqWxg=,qUvTgV0OkhdYiRrRefST2ubqMO0=
47,-43,YtJjtuP29Mz/rboV1vNZ70vqWxg=,nUCyyr/GGEtDhPvXTOD4egcuHMQ=
47,-42,YtJjtuP29Mz/rboV1vNZ70vqWxg=,nUCyyr/GGEtDhPvXTOD4egcuHMQ=
33,-33,YtJjtuP29Mz/rboV1vNZ70vqWxg=,mt16QFJ7ODu+iez2kB29eQXoWJw=
34,-33,YtJjtuP29Mz/rboV1vNZ70vqWxg=,mt16QFJ7ODu+iez2kB29eQXoWJw=
35,-33,YtJjtuP29Mz/rboV1vNZ70vqWxg=,mt16QFJ7ODu+iez2kB29eQXoWJw=
36,-33,YtJjtuP29Mz/rboV1vNZ70vqWxg=,mt16QFJ7ODu+iez2kB29eQXoWJw=
37,-33,YtJjtuP29Mz/rboV1vNZ70vqWxg=,mt16QFJ7ODu+iez2kB29eQXoWJw=
38,-33,YtJjtuP29Mz/rboV1vNZ70vqWxg=,mt16QFJ7ODu+iez2kB29eQXoWJw=
44,-33,YtJjtuP29Mz/rboV1vNZ70vqWxg=,qUvTgV0OkhdYiRrRefST2ubqMO0=
45,-33,YtJjtuP29Mz/rboV1vNZ70vqWxg=,qUvTgV0OkhdYiRrRefST2ubqMO0=
39,-33,YtJjtuP29Mz/rboV1vNZ70vqWxg=,mt16QFJ7ODu+iez2kB29eQXoWJw=
43,-33,YtJjtuP29Mz/rboV1vNZ70vqWxg=,qUvTgV0OkhdYiRrRefST2ubqMO0=
46,-33,YtJjtuP29Mz/rboV1vNZ70vqWxg=,qUvTgV0OkhdYiRrRefST2ubqMO0=
42,-33,YtJjtuP29Mz/rboV1vNZ70vqWxg=,qUvTgV0OkhdYiRrRefST2ubqMO0=
40,-33,YtJjtuP29Mz/rboV1vNZ70vqWxg=,qUvTgV0OkhdYiRrRefST2ubqMO0=
41,-33,YtJjtuP29Mz/rboV1vNZ70vqWxg=,qUvTgV0OkhdYiRrRefST2ubqMO0=
32,-42,YtJjtuP29Mz/rboV1vNZ70vqWxg=,O6pkNQVOeo1TBofpLx9rsc1DH5E=
32,-36,YtJjtuP29Mz/rboV1vNZ70vqWxg=,mt16QFJ7ODu+iez2kB29eQXoWJw=
32,-47,YtJjtuP29Mz/rboV1vNZ70vqWxg=,O6pkNQVOeo1TBofpLx9rsc1DH5E=
33,-48,YtJjtuP29Mz/rboV1vNZ70vqWxg=,O6pkNQVOeo1TBofpLx9rsc1DH5E=
32,-41,YtJjtuP29Mz/rboV1vNZ70vqWxg=,O6pkNQVOeo1TBofpLx9rsc1DH5E=
32,-46,YtJjtuP29Mz/rboV1vNZ70vqWxg=,O6pkNQVOeo1TBofpLx9rsc1DH5E=
34,-48,YtJjtuP29Mz/rboV1vNZ70vqWxg=,O6pkNQVOeo1TBofpLx9rsc1DH5E=
32,-40,YtJjtuP29Mz/rboV1vNZ70vqWxg=,mt16QFJ7ODu+iez2kB29eQXoWJw=
32,-35,YtJjtuP29Mz/rboV1vNZ70vqWxg=,mt16QFJ7ODu+iez2kB29eQXoWJw=
35,-48,YtJjtuP29Mz/rboV1vNZ70vqWxg=,O6pkNQVOeo1TBofpLx9rsc1DH5E=
32,-45,YtJjtuP29Mz/rboV1vNZ70vqWxg=,O6pkNQVOeo1TBofpLx9rsc1DH5E=
36,-48,YtJjtuP29Mz/rboV1vNZ70vqWxg=,O6pkNQVOeo1TBofpLx9rsc1DH5E=
37,-48,YtJjtuP29Mz/rboV1vNZ70vqWxg=,O6pkNQVOeo1TBofpLx9rsc1DH5E=
32,-44,YtJjtuP29Mz/rboV1vNZ70vqWxg=,O6pkNQVOeo1TBofpLx9rsc1DH5E=
38,-48,YtJjtuP29Mz/rboV1vNZ70vqWxg=,O6pkNQVOeo1TBofpLx9rsc1DH5E=
32,-43,YtJjtuP29Mz/rboV1vNZ70vqWxg=,O6pkNQVOeo1TBofpLx9rsc1DH5E=
47,-33,YtJjtuP29Mz/rboV1vNZ70vqWxg=,qUvTgV0OkhdYiRrRefST2ubqMO0=
32,-48,YtJjtuP29Mz/rboV1vNZ70vqWxg=,O6pkNQVOeo1TBofpLx9rsc1DH5E=
32,-37,YtJjtuP29Mz/rboV1vNZ70vqWxg=,mt16QFJ7ODu+iez2kB29eQXoWJw=
40,-48,YtJjtuP29Mz/rboV1vNZ70vqWxg=,nUCyyr/GGEtDhPvXTOD4egcuHMQ=
32,-33,YtJjtuP29Mz/rboV1vNZ70vqWxg=,mt16QFJ7ODu+iez2kB29eQXoWJw=
32,-38,YtJjtuP29Mz/rboV1vNZ70vqWxg=,mt16QFJ7ODu+iez2kB29eQXoWJw=
41,-48,YtJjtuP29Mz/rboV1vNZ70vqWxg=,nUCyyr/GGEtDhPvXTOD4egcuHMQ=
32,-34,YtJjtuP29Mz/rboV1vNZ70vqWxg=,mt16QFJ7ODu+iez2kB29eQXoWJw=
32,-39,YtJjtuP29Mz/rboV1vNZ70vqWxg=,mt16QFJ7ODu+iez2kB29eQXoWJw=
39,-48,YtJjtuP29Mz/rboV1vNZ70vqWxg=,O6pkNQVOeo1TBofpLx9rsc1DH5E=
42,-48,YtJjtuP29Mz/rboV1vNZ70vqWxg=,nUCyyr/GGEtDhPvXTOD4egcuHMQ=
43,-48,YtJjtuP29Mz/rboV1vNZ70vqWxg=,nUCyyr/GGEtDhPvXTOD4egcuHMQ=
47,-48,YtJjtuP29Mz/rboV1vNZ70vqWxg=,nUCyyr/GGEtDhPvXTOD4egcuHMQ=
44,-48,YtJjtuP29Mz/rboV1vNZ70vqWxg=,nUCyyr/GGEtDhPvXTOD4egcuHMQ=
46,-48,YtJjtuP29Mz/rboV1vNZ70vqWxg=,nUCyyr/GGEtDhPvXTOD4egcuHMQ=
45,-48,YtJjtuP29Mz/rboV1vNZ70vqWxg=,nUCyyr/GGEtDhPvXTOD4egcuHMQ=
